# WaveFront *.obj file (generated by Autodesk ATF)

mtllib Haro_building.mtl

g Body1

v -62.150000 32.150000 0.300000
v -62.141481 32.085295 0.300000
v -62.116506 32.025000 0.300000
v -62.076777 31.973223 0.300000
v -62.025000 31.933494 0.300000
v -61.964705 31.908519 0.300000
v -61.900000 31.900000 0.300000
v -61.835295 31.908519 0.300000
v -61.775000 31.933494 0.300000
v -61.723223 31.973223 0.300000
v -61.683494 32.025000 0.300000
v -61.658519 32.085295 0.300000
v -61.650000 32.150000 0.300000
v -61.658519 32.214705 0.300000
v -61.683494 32.275000 0.300000
v -61.723223 32.326777 0.300000
v -61.775000 32.366506 0.300000
v -61.835295 32.391481 0.300000
v -61.900000 32.400000 0.300000
v -61.964705 32.391481 0.300000
v -62.025000 32.366506 0.300000
v -62.076777 32.326777 0.300000
v -62.116506 32.275000 0.300000
v -62.141481 32.214705 0.300000
v -62.150000 32.150000 0.000000
v -62.141481 32.214705 0.000000
v -62.116506 32.275000 0.000000
v -62.076777 32.326777 0.000000
v -62.025000 32.366506 0.000000
v -61.964705 32.391481 0.000000
v -61.900000 32.400000 0.000000
v -61.835295 32.391481 0.000000
v -61.775000 32.366506 0.000000
v -61.723223 32.326777 0.000000
v -61.683494 32.275000 0.000000
v -61.658519 32.214705 0.000000
v -61.650000 32.150000 0.000000
v -61.658519 32.085295 0.000000
v -61.683494 32.025000 0.000000
v -61.723223 31.973223 0.000000
v -61.775000 31.933494 0.000000
v -61.835295 31.908519 0.000000
v -61.900000 31.900000 0.000000
v -61.964705 31.908519 0.000000
v -62.025000 31.933494 0.000000
v -62.076777 31.973223 0.000000
v -62.116506 32.025000 0.000000
v -62.141481 32.085295 0.000000
v -50.150000 34.150000 0.300000
v -50.141481 34.085295 0.300000
v -50.116506 34.025000 0.300000
v -50.076777 33.973223 0.300000
v -50.025000 33.933494 0.300000
v -49.964705 33.908519 0.300000
v -49.900000 33.900000 0.300000
v -49.835295 33.908519 0.300000
v -49.775000 33.933494 0.300000
v -49.723223 33.973223 0.300000
v -49.683494 34.025000 0.300000
v -49.658519 34.085295 0.300000
v -49.650000 34.150000 0.300000
v -49.658519 34.214705 0.300000
v -49.683494 34.275000 0.300000
v -49.723223 34.326777 0.300000
v -49.775000 34.366506 0.300000
v -49.835295 34.391481 0.300000
v -49.900000 34.400000 0.300000
v -49.964705 34.391481 0.300000
v -50.025000 34.366506 0.300000
v -50.076777 34.326777 0.300000
v -50.116506 34.275000 0.300000
v -50.141481 34.214705 0.300000
v -50.150000 34.150000 0.000000
v -50.141481 34.214705 0.000000
v -50.116506 34.275000 0.000000
v -50.076777 34.326777 0.000000
v -50.025000 34.366506 0.000000
v -49.964705 34.391481 0.000000
v -49.900000 34.400000 0.000000
v -49.835295 34.391481 0.000000
v -49.775000 34.366506 0.000000
v -49.723223 34.326777 0.000000
v -49.683494 34.275000 0.000000
v -49.658519 34.214705 0.000000
v -49.650000 34.150000 0.000000
v -49.658519 34.085295 0.000000
v -49.683494 34.025000 0.000000
v -49.723223 33.973223 0.000000
v -49.775000 33.933494 0.000000
v -49.835295 33.908519 0.000000
v -49.900000 33.900000 0.000000
v -49.964705 33.908519 0.000000
v -50.025000 33.933494 0.000000
v -50.076777 33.973223 0.000000
v -50.116506 34.025000 0.000000
v -50.141481 34.085295 0.000000
v -52.150000 32.150000 0.300000
v -52.141481 32.085295 0.300000
v -52.116506 32.025000 0.300000
v -52.076777 31.973223 0.300000
v -52.025000 31.933494 0.300000
v -51.964705 31.908519 0.300000
v -51.900000 31.900000 0.300000
v -51.835295 31.908519 0.300000
v -51.775000 31.933494 0.300000
v -51.723223 31.973223 0.300000
v -51.683494 32.025000 0.300000
v -51.658519 32.085295 0.300000
v -51.650000 32.150000 0.300000
v -51.658519 32.214705 0.300000
v -51.683494 32.275000 0.300000
v -51.723223 32.326777 0.300000
v -51.775000 32.366506 0.300000
v -51.835295 32.391481 0.300000
v -51.900000 32.400000 0.300000
v -51.964705 32.391481 0.300000
v -52.025000 32.366506 0.300000
v -52.076777 32.326777 0.300000
v -52.116506 32.275000 0.300000
v -52.141481 32.214705 0.300000
v -52.150000 32.150000 0.000000
v -52.141481 32.214705 0.000000
v -52.116506 32.275000 0.000000
v -52.076777 32.326777 0.000000
v -52.025000 32.366506 0.000000
v -51.964705 32.391481 0.000000
v -51.900000 32.400000 0.000000
v -51.835295 32.391481 0.000000
v -51.775000 32.366506 0.000000
v -51.723223 32.326777 0.000000
v -51.683494 32.275000 0.000000
v -51.658519 32.214705 0.000000
v -51.650000 32.150000 0.000000
v -51.658519 32.085295 0.000000
v -51.683494 32.025000 0.000000
v -51.723223 31.973223 0.000000
v -51.775000 31.933494 0.000000
v -51.835295 31.908519 0.000000
v -51.900000 31.900000 0.000000
v -51.964705 31.908519 0.000000
v -52.025000 31.933494 0.000000
v -52.076777 31.973223 0.000000
v -52.116506 32.025000 0.000000
v -52.141481 32.085295 0.000000
v -64.150000 34.150000 0.300000
v -64.141481 34.085295 0.300000
v -64.116506 34.025000 0.300000
v -64.076777 33.973223 0.300000
v -64.025000 33.933494 0.300000
v -63.964705 33.908519 0.300000
v -63.900000 33.900000 0.300000
v -63.835295 33.908519 0.300000
v -63.775000 33.933494 0.300000
v -63.723223 33.973223 0.300000
v -63.683494 34.025000 0.300000
v -63.658519 34.085295 0.300000
v -63.650000 34.150000 0.300000
v -63.658519 34.214705 0.300000
v -63.683494 34.275000 0.300000
v -63.723223 34.326777 0.300000
v -63.775000 34.366506 0.300000
v -63.835295 34.391481 0.300000
v -63.900000 34.400000 0.300000
v -63.964705 34.391481 0.300000
v -64.025000 34.366506 0.300000
v -64.076777 34.326777 0.300000
v -64.116506 34.275000 0.300000
v -64.141481 34.214705 0.300000
v -64.150000 34.150000 0.000000
v -64.141481 34.214705 0.000000
v -64.116506 34.275000 0.000000
v -64.076777 34.326777 0.000000
v -64.025000 34.366506 0.000000
v -63.964705 34.391481 0.000000
v -63.900000 34.400000 0.000000
v -63.835295 34.391481 0.000000
v -63.775000 34.366506 0.000000
v -63.723223 34.326777 0.000000
v -63.683494 34.275000 0.000000
v -63.658519 34.214705 0.000000
v -63.650000 34.150000 0.000000
v -63.658519 34.085295 0.000000
v -63.683494 34.025000 0.000000
v -63.723223 33.973223 0.000000
v -63.775000 33.933494 0.000000
v -63.835295 33.908519 0.000000
v -63.900000 33.900000 0.000000
v -63.964705 33.908519 0.000000
v -64.025000 33.933494 0.000000
v -64.076777 33.973223 0.000000
v -64.116506 34.025000 0.000000
v -64.141481 34.085295 0.000000
v -50.150000 60.150000 0.300000
v -50.141481 60.085295 0.300000
v -50.116506 60.025000 0.300000
v -50.076777 59.973223 0.300000
v -50.025000 59.933494 0.300000
v -49.964705 59.908519 0.300000
v -49.900000 59.900000 0.300000
v -49.835295 59.908519 0.300000
v -49.775000 59.933494 0.300000
v -49.723223 59.973223 0.300000
v -49.683494 60.025000 0.300000
v -49.658519 60.085295 0.300000
v -49.650000 60.150000 0.300000
v -49.658519 60.214705 0.300000
v -49.683494 60.275000 0.300000
v -49.723223 60.326777 0.300000
v -49.775000 60.366506 0.300000
v -49.835295 60.391481 0.300000
v -49.900000 60.400000 0.300000
v -49.964705 60.391481 0.300000
v -50.025000 60.366506 0.300000
v -50.076777 60.326777 0.300000
v -50.116506 60.275000 0.300000
v -50.141481 60.214705 0.300000
v -50.150000 60.150000 0.000000
v -50.141481 60.214705 0.000000
v -50.116506 60.275000 0.000000
v -50.076777 60.326777 0.000000
v -50.025000 60.366506 0.000000
v -49.964705 60.391481 0.000000
v -49.900000 60.400000 0.000000
v -49.835295 60.391481 0.000000
v -49.775000 60.366506 0.000000
v -49.723223 60.326777 0.000000
v -49.683494 60.275000 0.000000
v -49.658519 60.214705 0.000000
v -49.650000 60.150000 0.000000
v -49.658519 60.085295 0.000000
v -49.683494 60.025000 0.000000
v -49.723223 59.973223 0.000000
v -49.775000 59.933494 0.000000
v -49.835295 59.908519 0.000000
v -49.900000 59.900000 0.000000
v -49.964705 59.908519 0.000000
v -50.025000 59.933494 0.000000
v -50.076777 59.973223 0.000000
v -50.116506 60.025000 0.000000
v -50.141481 60.085295 0.000000
v -62.150000 60.150000 0.300000
v -62.141481 60.085295 0.300000
v -62.116506 60.025000 0.300000
v -62.076777 59.973223 0.300000
v -62.025000 59.933494 0.300000
v -61.964705 59.908519 0.300000
v -61.900000 59.900000 0.300000
v -61.835295 59.908519 0.300000
v -61.775000 59.933494 0.300000
v -61.723223 59.973223 0.300000
v -61.683494 60.025000 0.300000
v -61.658519 60.085295 0.300000
v -61.650000 60.150000 0.300000
v -61.658519 60.214705 0.300000
v -61.683494 60.275000 0.300000
v -61.723223 60.326777 0.300000
v -61.775000 60.366506 0.300000
v -61.835295 60.391481 0.300000
v -61.900000 60.400000 0.300000
v -61.964705 60.391481 0.300000
v -62.025000 60.366506 0.300000
v -62.076777 60.326777 0.300000
v -62.116506 60.275000 0.300000
v -62.141481 60.214705 0.300000
v -62.150000 60.150000 0.000000
v -62.141481 60.214705 0.000000
v -62.116506 60.275000 0.000000
v -62.076777 60.326777 0.000000
v -62.025000 60.366506 0.000000
v -61.964705 60.391481 0.000000
v -61.900000 60.400000 0.000000
v -61.835295 60.391481 0.000000
v -61.775000 60.366506 0.000000
v -61.723223 60.326777 0.000000
v -61.683494 60.275000 0.000000
v -61.658519 60.214705 0.000000
v -61.650000 60.150000 0.000000
v -61.658519 60.085295 0.000000
v -61.683494 60.025000 0.000000
v -61.723223 59.973223 0.000000
v -61.775000 59.933494 0.000000
v -61.835295 59.908519 0.000000
v -61.900000 59.900000 0.000000
v -61.964705 59.908519 0.000000
v -62.025000 59.933494 0.000000
v -62.076777 59.973223 0.000000
v -62.116506 60.025000 0.000000
v -62.141481 60.085295 0.000000
v -64.150000 32.150000 0.300000
v -64.141481 32.085295 0.300000
v -64.116506 32.025000 0.300000
v -64.076777 31.973223 0.300000
v -64.025000 31.933494 0.300000
v -63.964705 31.908519 0.300000
v -63.900000 31.900000 0.300000
v -63.835295 31.908519 0.300000
v -63.775000 31.933494 0.300000
v -63.723223 31.973223 0.300000
v -63.683494 32.025000 0.300000
v -63.658519 32.085295 0.300000
v -63.650000 32.150000 0.300000
v -63.658519 32.214705 0.300000
v -63.683494 32.275000 0.300000
v -63.723223 32.326777 0.300000
v -63.775000 32.366506 0.300000
v -63.835295 32.391481 0.300000
v -63.900000 32.400000 0.300000
v -63.964705 32.391481 0.300000
v -64.025000 32.366506 0.300000
v -64.076777 32.326777 0.300000
v -64.116506 32.275000 0.300000
v -64.141481 32.214705 0.300000
v -64.150000 32.150000 0.000000
v -64.141481 32.214705 0.000000
v -64.116506 32.275000 0.000000
v -64.076777 32.326777 0.000000
v -64.025000 32.366506 0.000000
v -63.964705 32.391481 0.000000
v -63.900000 32.400000 0.000000
v -63.835295 32.391481 0.000000
v -63.775000 32.366506 0.000000
v -63.723223 32.326777 0.000000
v -63.683494 32.275000 0.000000
v -63.658519 32.214705 0.000000
v -63.650000 32.150000 0.000000
v -63.658519 32.085295 0.000000
v -63.683494 32.025000 0.000000
v -63.723223 31.973223 0.000000
v -63.775000 31.933494 0.000000
v -63.835295 31.908519 0.000000
v -63.900000 31.900000 0.000000
v -63.964705 31.908519 0.000000
v -64.025000 31.933494 0.000000
v -64.076777 31.973223 0.000000
v -64.116506 32.025000 0.000000
v -64.141481 32.085295 0.000000
v -64.150000 62.150000 0.300000
v -64.141481 62.085295 0.300000
v -64.116506 62.025000 0.300000
v -64.076777 61.973223 0.300000
v -64.025000 61.933494 0.300000
v -63.964705 61.908519 0.300000
v -63.900000 61.900000 0.300000
v -63.835295 61.908519 0.300000
v -63.775000 61.933494 0.300000
v -63.723223 61.973223 0.300000
v -63.683494 62.025000 0.300000
v -63.658519 62.085295 0.300000
v -63.650000 62.150000 0.300000
v -63.658519 62.214705 0.300000
v -63.683494 62.275000 0.300000
v -63.723223 62.326777 0.300000
v -63.775000 62.366506 0.300000
v -63.835295 62.391481 0.300000
v -63.900000 62.400000 0.300000
v -63.964705 62.391481 0.300000
v -64.025000 62.366506 0.300000
v -64.076777 62.326777 0.300000
v -64.116506 62.275000 0.300000
v -64.141481 62.214705 0.300000
v -64.150000 62.150000 0.000000
v -64.141481 62.214705 0.000000
v -64.116506 62.275000 0.000000
v -64.076777 62.326777 0.000000
v -64.025000 62.366506 0.000000
v -63.964705 62.391481 0.000000
v -63.900000 62.400000 0.000000
v -63.835295 62.391481 0.000000
v -63.775000 62.366506 0.000000
v -63.723223 62.326777 0.000000
v -63.683494 62.275000 0.000000
v -63.658519 62.214705 0.000000
v -63.650000 62.150000 0.000000
v -63.658519 62.085295 0.000000
v -63.683494 62.025000 0.000000
v -63.723223 61.973223 0.000000
v -63.775000 61.933494 0.000000
v -63.835295 61.908519 0.000000
v -63.900000 61.900000 0.000000
v -63.964705 61.908519 0.000000
v -64.025000 61.933494 0.000000
v -64.076777 61.973223 0.000000
v -64.116506 62.025000 0.000000
v -64.141481 62.085295 0.000000
v -50.150000 62.150000 0.300000
v -50.141481 62.085295 0.300000
v -50.116506 62.025000 0.300000
v -50.076777 61.973223 0.300000
v -50.025000 61.933494 0.300000
v -49.964705 61.908519 0.300000
v -49.900000 61.900000 0.300000
v -49.835295 61.908519 0.300000
v -49.775000 61.933494 0.300000
v -49.723223 61.973223 0.300000
v -49.683494 62.025000 0.300000
v -49.658519 62.085295 0.300000
v -49.650000 62.150000 0.300000
v -49.658519 62.214705 0.300000
v -49.683494 62.275000 0.300000
v -49.723223 62.326777 0.300000
v -49.775000 62.366506 0.300000
v -49.835295 62.391481 0.300000
v -49.900000 62.400000 0.300000
v -49.964705 62.391481 0.300000
v -50.025000 62.366506 0.300000
v -50.076777 62.326777 0.300000
v -50.116506 62.275000 0.300000
v -50.141481 62.214705 0.300000
v -50.150000 62.150000 0.000000
v -50.141481 62.214705 0.000000
v -50.116506 62.275000 0.000000
v -50.076777 62.326777 0.000000
v -50.025000 62.366506 0.000000
v -49.964705 62.391481 0.000000
v -49.900000 62.400000 0.000000
v -49.835295 62.391481 0.000000
v -49.775000 62.366506 0.000000
v -49.723223 62.326777 0.000000
v -49.683494 62.275000 0.000000
v -49.658519 62.214705 0.000000
v -49.650000 62.150000 0.000000
v -49.658519 62.085295 0.000000
v -49.683494 62.025000 0.000000
v -49.723223 61.973223 0.000000
v -49.775000 61.933494 0.000000
v -49.835295 61.908519 0.000000
v -49.900000 61.900000 0.000000
v -49.964705 61.908519 0.000000
v -50.025000 61.933494 0.000000
v -50.076777 61.973223 0.000000
v -50.116506 62.025000 0.000000
v -50.141481 62.085295 0.000000
v -52.150000 34.150000 0.300000
v -52.141481 34.085295 0.300000
v -52.116506 34.025000 0.300000
v -52.076777 33.973223 0.300000
v -52.025000 33.933494 0.300000
v -51.964705 33.908519 0.300000
v -51.900000 33.900000 0.300000
v -51.835295 33.908519 0.300000
v -51.775000 33.933494 0.300000
v -51.723223 33.973223 0.300000
v -51.683494 34.025000 0.300000
v -51.658519 34.085295 0.300000
v -51.650000 34.150000 0.300000
v -51.658519 34.214705 0.300000
v -51.683494 34.275000 0.300000
v -51.723223 34.326777 0.300000
v -51.775000 34.366506 0.300000
v -51.835295 34.391481 0.300000
v -51.900000 34.400000 0.300000
v -51.964705 34.391481 0.300000
v -52.025000 34.366506 0.300000
v -52.076777 34.326777 0.300000
v -52.116506 34.275000 0.300000
v -52.141481 34.214705 0.300000
v -52.150000 34.150000 0.000000
v -52.141481 34.214705 0.000000
v -52.116506 34.275000 0.000000
v -52.076777 34.326777 0.000000
v -52.025000 34.366506 0.000000
v -51.964705 34.391481 0.000000
v -51.900000 34.400000 0.000000
v -51.835295 34.391481 0.000000
v -51.775000 34.366506 0.000000
v -51.723223 34.326777 0.000000
v -51.683494 34.275000 0.000000
v -51.658519 34.214705 0.000000
v -51.650000 34.150000 0.000000
v -51.658519 34.085295 0.000000
v -51.683494 34.025000 0.000000
v -51.723223 33.973223 0.000000
v -51.775000 33.933494 0.000000
v -51.835295 33.908519 0.000000
v -51.900000 33.900000 0.000000
v -51.964705 33.908519 0.000000
v -52.025000 33.933494 0.000000
v -52.076777 33.973223 0.000000
v -52.116506 34.025000 0.000000
v -52.141481 34.085295 0.000000
v -64.150000 60.150000 0.300000
v -64.141481 60.085295 0.300000
v -64.116506 60.025000 0.300000
v -64.076777 59.973223 0.300000
v -64.025000 59.933494 0.300000
v -63.964705 59.908519 0.300000
v -63.900000 59.900000 0.300000
v -63.835295 59.908519 0.300000
v -63.775000 59.933494 0.300000
v -63.723223 59.973223 0.300000
v -63.683494 60.025000 0.300000
v -63.658519 60.085295 0.300000
v -63.650000 60.150000 0.300000
v -63.658519 60.214705 0.300000
v -63.683494 60.275000 0.300000
v -63.723223 60.326777 0.300000
v -63.775000 60.366506 0.300000
v -63.835295 60.391481 0.300000
v -63.900000 60.400000 0.300000
v -63.964705 60.391481 0.300000
v -64.025000 60.366506 0.300000
v -64.076777 60.326777 0.300000
v -64.116506 60.275000 0.300000
v -64.141481 60.214705 0.300000
v -64.150000 60.150000 0.000000
v -64.141481 60.214705 0.000000
v -64.116506 60.275000 0.000000
v -64.076777 60.326777 0.000000
v -64.025000 60.366506 0.000000
v -63.964705 60.391481 0.000000
v -63.900000 60.400000 0.000000
v -63.835295 60.391481 0.000000
v -63.775000 60.366506 0.000000
v -63.723223 60.326777 0.000000
v -63.683494 60.275000 0.000000
v -63.658519 60.214705 0.000000
v -63.650000 60.150000 0.000000
v -63.658519 60.085295 0.000000
v -63.683494 60.025000 0.000000
v -63.723223 59.973223 0.000000
v -63.775000 59.933494 0.000000
v -63.835295 59.908519 0.000000
v -63.900000 59.900000 0.000000
v -63.964705 59.908519 0.000000
v -64.025000 59.933494 0.000000
v -64.076777 59.973223 0.000000
v -64.116506 60.025000 0.000000
v -64.141481 60.085295 0.000000
v -62.150000 34.150000 0.300000
v -62.141481 34.085295 0.300000
v -62.116506 34.025000 0.300000
v -62.076777 33.973223 0.300000
v -62.025000 33.933494 0.300000
v -61.964705 33.908519 0.300000
v -61.900000 33.900000 0.300000
v -61.835295 33.908519 0.300000
v -61.775000 33.933494 0.300000
v -61.723223 33.973223 0.300000
v -61.683494 34.025000 0.300000
v -61.658519 34.085295 0.300000
v -61.650000 34.150000 0.300000
v -61.658519 34.214705 0.300000
v -61.683494 34.275000 0.300000
v -61.723223 34.326777 0.300000
v -61.775000 34.366506 0.300000
v -61.835295 34.391481 0.300000
v -61.900000 34.400000 0.300000
v -61.964705 34.391481 0.300000
v -62.025000 34.366506 0.300000
v -62.076777 34.326777 0.300000
v -62.116506 34.275000 0.300000
v -62.141481 34.214705 0.300000
v -62.150000 34.150000 0.000000
v -62.141481 34.214705 0.000000
v -62.116506 34.275000 0.000000
v -62.076777 34.326777 0.000000
v -62.025000 34.366506 0.000000
v -61.964705 34.391481 0.000000
v -61.900000 34.400000 0.000000
v -61.835295 34.391481 0.000000
v -61.775000 34.366506 0.000000
v -61.723223 34.326777 0.000000
v -61.683494 34.275000 0.000000
v -61.658519 34.214705 0.000000
v -61.650000 34.150000 0.000000
v -61.658519 34.085295 0.000000
v -61.683494 34.025000 0.000000
v -61.723223 33.973223 0.000000
v -61.775000 33.933494 0.000000
v -61.835295 33.908519 0.000000
v -61.900000 33.900000 0.000000
v -61.964705 33.908519 0.000000
v -62.025000 33.933494 0.000000
v -62.076777 33.973223 0.000000
v -62.116506 34.025000 0.000000
v -62.141481 34.085295 0.000000
v -62.150000 62.150000 0.300000
v -62.141481 62.085295 0.300000
v -62.116506 62.025000 0.300000
v -62.076777 61.973223 0.300000
v -62.025000 61.933494 0.300000
v -61.964705 61.908519 0.300000
v -61.900000 61.900000 0.300000
v -61.835295 61.908519 0.300000
v -61.775000 61.933494 0.300000
v -61.723223 61.973223 0.300000
v -61.683494 62.025000 0.300000
v -61.658519 62.085295 0.300000
v -61.650000 62.150000 0.300000
v -61.658519 62.214705 0.300000
v -61.683494 62.275000 0.300000
v -61.723223 62.326777 0.300000
v -61.775000 62.366506 0.300000
v -61.835295 62.391481 0.300000
v -61.900000 62.400000 0.300000
v -61.964705 62.391481 0.300000
v -62.025000 62.366506 0.300000
v -62.076777 62.326777 0.300000
v -62.116506 62.275000 0.300000
v -62.141481 62.214705 0.300000
v -62.150000 62.150000 0.000000
v -62.141481 62.214705 0.000000
v -62.116506 62.275000 0.000000
v -62.076777 62.326777 0.000000
v -62.025000 62.366506 0.000000
v -61.964705 62.391481 0.000000
v -61.900000 62.400000 0.000000
v -61.835295 62.391481 0.000000
v -61.775000 62.366506 0.000000
v -61.723223 62.326777 0.000000
v -61.683494 62.275000 0.000000
v -61.658519 62.214705 0.000000
v -61.650000 62.150000 0.000000
v -61.658519 62.085295 0.000000
v -61.683494 62.025000 0.000000
v -61.723223 61.973223 0.000000
v -61.775000 61.933494 0.000000
v -61.835295 61.908519 0.000000
v -61.900000 61.900000 0.000000
v -61.964705 61.908519 0.000000
v -62.025000 61.933494 0.000000
v -62.076777 61.973223 0.000000
v -62.116506 62.025000 0.000000
v -62.141481 62.085295 0.000000
v -52.150000 62.150000 0.300000
v -52.141481 62.085295 0.300000
v -52.116506 62.025000 0.300000
v -52.076777 61.973223 0.300000
v -52.025000 61.933494 0.300000
v -51.964705 61.908519 0.300000
v -51.900000 61.900000 0.300000
v -51.835295 61.908519 0.300000
v -51.775000 61.933494 0.300000
v -51.723223 61.973223 0.300000
v -51.683494 62.025000 0.300000
v -51.658519 62.085295 0.300000
v -51.650000 62.150000 0.300000
v -51.658519 62.214705 0.300000
v -51.683494 62.275000 0.300000
v -51.723223 62.326777 0.300000
v -51.775000 62.366506 0.300000
v -51.835295 62.391481 0.300000
v -51.900000 62.400000 0.300000
v -51.964705 62.391481 0.300000
v -52.025000 62.366506 0.300000
v -52.076777 62.326777 0.300000
v -52.116506 62.275000 0.300000
v -52.141481 62.214705 0.300000
v -52.150000 62.150000 0.000000
v -52.141481 62.214705 0.000000
v -52.116506 62.275000 0.000000
v -52.076777 62.326777 0.000000
v -52.025000 62.366506 0.000000
v -51.964705 62.391481 0.000000
v -51.900000 62.400000 0.000000
v -51.835295 62.391481 0.000000
v -51.775000 62.366506 0.000000
v -51.723223 62.326777 0.000000
v -51.683494 62.275000 0.000000
v -51.658519 62.214705 0.000000
v -51.650000 62.150000 0.000000
v -51.658519 62.085295 0.000000
v -51.683494 62.025000 0.000000
v -51.723223 61.973223 0.000000
v -51.775000 61.933494 0.000000
v -51.835295 61.908519 0.000000
v -51.900000 61.900000 0.000000
v -51.964705 61.908519 0.000000
v -52.025000 61.933494 0.000000
v -52.076777 61.973223 0.000000
v -52.116506 62.025000 0.000000
v -52.141481 62.085295 0.000000
v -52.150000 60.150000 0.300000
v -52.141481 60.085295 0.300000
v -52.116506 60.025000 0.300000
v -52.076777 59.973223 0.300000
v -52.025000 59.933494 0.300000
v -51.964705 59.908519 0.300000
v -51.900000 59.900000 0.300000
v -51.835295 59.908519 0.300000
v -51.775000 59.933494 0.300000
v -51.723223 59.973223 0.300000
v -51.683494 60.025000 0.300000
v -51.658519 60.085295 0.300000
v -51.650000 60.150000 0.300000
v -51.658519 60.214705 0.300000
v -51.683494 60.275000 0.300000
v -51.723223 60.326777 0.300000
v -51.775000 60.366506 0.300000
v -51.835295 60.391481 0.300000
v -51.900000 60.400000 0.300000
v -51.964705 60.391481 0.300000
v -52.025000 60.366506 0.300000
v -52.076777 60.326777 0.300000
v -52.116506 60.275000 0.300000
v -52.141481 60.214705 0.300000
v -52.150000 60.150000 0.000000
v -52.141481 60.214705 0.000000
v -52.116506 60.275000 0.000000
v -52.076777 60.326777 0.000000
v -52.025000 60.366506 0.000000
v -51.964705 60.391481 0.000000
v -51.900000 60.400000 0.000000
v -51.835295 60.391481 0.000000
v -51.775000 60.366506 0.000000
v -51.723223 60.326777 0.000000
v -51.683494 60.275000 0.000000
v -51.658519 60.214705 0.000000
v -51.650000 60.150000 0.000000
v -51.658519 60.085295 0.000000
v -51.683494 60.025000 0.000000
v -51.723223 59.973223 0.000000
v -51.775000 59.933494 0.000000
v -51.835295 59.908519 0.000000
v -51.900000 59.900000 0.000000
v -51.964705 59.908519 0.000000
v -52.025000 59.933494 0.000000
v -52.076777 59.973223 0.000000
v -52.116506 60.025000 0.000000
v -52.141481 60.085295 0.000000
v -50.150000 32.150000 0.300000
v -50.141481 32.085295 0.300000
v -50.116506 32.025000 0.300000
v -50.076777 31.973223 0.300000
v -50.025000 31.933494 0.300000
v -49.964705 31.908519 0.300000
v -49.900000 31.900000 0.300000
v -49.835295 31.908519 0.300000
v -49.775000 31.933494 0.300000
v -49.723223 31.973223 0.300000
v -49.683494 32.025000 0.300000
v -49.658519 32.085295 0.300000
v -49.650000 32.150000 0.300000
v -49.658519 32.214705 0.300000
v -49.683494 32.275000 0.300000
v -49.723223 32.326777 0.300000
v -49.775000 32.366506 0.300000
v -49.835295 32.391481 0.300000
v -49.900000 32.400000 0.300000
v -49.964705 32.391481 0.300000
v -50.025000 32.366506 0.300000
v -50.076777 32.326777 0.300000
v -50.116506 32.275000 0.300000
v -50.141481 32.214705 0.300000
v -50.150000 32.150000 0.000000
v -50.141481 32.214705 0.000000
v -50.116506 32.275000 0.000000
v -50.076777 32.326777 0.000000
v -50.025000 32.366506 0.000000
v -49.964705 32.391481 0.000000
v -49.900000 32.400000 0.000000
v -49.835295 32.391481 0.000000
v -49.775000 32.366506 0.000000
v -49.723223 32.326777 0.000000
v -49.683494 32.275000 0.000000
v -49.658519 32.214705 0.000000
v -49.650000 32.150000 0.000000
v -49.658519 32.085295 0.000000
v -49.683494 32.025000 0.000000
v -49.723223 31.973223 0.000000
v -49.775000 31.933494 0.000000
v -49.835295 31.908519 0.000000
v -49.900000 31.900000 0.000000
v -49.964705 31.908519 0.000000
v -50.025000 31.933494 0.000000
v -50.076777 31.973223 0.000000
v -50.116506 32.025000 0.000000
v -50.141481 32.085295 0.000000
v -58.030000 29.720000 0.000000
v -58.030000 29.400000 0.000000
v -58.030000 29.400000 0.300000
v -58.030000 29.720000 0.300000
v -60.130000 29.720000 0.000000
v -60.130000 29.720000 0.300000
v -60.130000 29.400000 0.000000
v -60.130000 29.400000 0.300000
v -62.230000 29.400000 0.000000
v -62.230000 29.400000 0.300000
v -62.230000 29.720000 0.000000
v -62.230000 29.720000 0.300000
v -64.480000 29.720000 0.000000
v -64.480000 29.720000 0.300000
v -64.480000 29.400000 0.000000
v -64.480000 29.400000 0.300000
v -66.580000 29.400000 0.000000
v -66.580000 29.400000 0.300000
v -66.580000 33.300000 0.000000
v -66.580000 33.300000 0.300000
v -66.900000 33.300000 0.000000
v -66.900000 33.300000 0.300000
v -66.900000 37.300000 0.000000
v -66.900000 37.300000 0.300000
v -66.580000 37.300000 0.000000
v -66.580000 37.300000 0.300000
v -66.580000 41.200000 0.000000
v -66.580000 41.200000 0.300000
v -66.900000 41.200000 0.000000
v -66.900000 41.200000 0.300000
v -66.900000 45.100000 0.000000
v -66.900000 45.100000 0.300000
v -66.580000 45.100000 0.000000
v -66.580000 45.100000 0.300000
v -66.580000 49.200000 0.000000
v -66.580000 49.200000 0.300000
v -66.900000 49.200000 0.000000
v -66.900000 49.200000 0.300000
v -66.900000 53.100000 0.000000
v -66.900000 53.100000 0.300000
v -66.580000 53.100000 0.000000
v -66.580000 53.100000 0.300000
v -66.580000 57.000000 0.000000
v -66.580000 57.000000 0.300000
v -66.900000 57.000000 0.000000
v -66.900000 57.000000 0.300000
v -66.900000 61.000000 0.000000
v -66.900000 61.000000 0.300000
v -66.580000 61.000000 0.000000
v -66.580000 61.000000 0.300000
v -66.580000 64.900000 0.000000
v -66.580000 64.900000 0.300000
v -64.480000 64.900000 0.000000
v -64.480000 64.900000 0.300000
v -64.480000 64.580000 0.000000
v -64.480000 64.580000 0.300000
v -62.230000 64.580000 0.000000
v -62.230000 64.580000 0.300000
v -62.230000 64.900000 0.000000
v -62.230000 64.900000 0.300000
v -60.130000 64.900000 0.000000
v -60.130000 64.900000 0.300000
v -60.130000 64.580000 0.000000
v -60.130000 64.580000 0.300000
v -58.030000 64.580000 0.000000
v -58.030000 64.580000 0.300000
v -58.030000 64.900000 0.000000
v -58.030000 64.900000 0.300000
v -55.770000 64.900000 0.000000
v -55.770000 64.900000 0.300000
v -55.770000 64.580000 0.000000
v -55.770000 64.580000 0.300000
v -53.670000 64.580000 0.000000
v -53.670000 64.580000 0.300000
v -53.670000 64.900000 0.000000
v -53.670000 64.900000 0.300000
v -51.570000 64.900000 0.000000
v -51.570000 64.900000 0.300000
v -51.570000 64.580000 0.000000
v -51.570000 64.580000 0.300000
v -49.320000 64.580000 0.000000
v -49.320000 64.580000 0.300000
v -49.320000 64.900000 0.000000
v -49.320000 64.900000 0.300000
v -47.220000 64.900000 0.000000
v -47.220000 64.900000 0.300000
v -47.220000 61.000000 0.000000
v -47.220000 61.000000 0.300000
v -46.900000 61.000000 0.000000
v -46.900000 61.000000 0.300000
v -46.900000 57.000000 0.000000
v -46.900000 57.000000 0.300000
v -47.220000 57.000000 0.000000
v -47.220000 57.000000 0.300000
v -47.220000 53.100000 0.000000
v -47.220000 53.100000 0.300000
v -46.900000 53.100000 0.000000
v -46.900000 53.100000 0.300000
v -46.900000 49.200000 0.000000
v -46.900000 49.200000 0.300000
v -47.220000 49.200000 0.000000
v -47.220000 49.200000 0.300000
v -47.220000 45.100000 0.000000
v -47.220000 45.100000 0.300000
v -46.900000 45.100000 0.000000
v -46.900000 45.100000 0.300000
v -46.900000 41.200000 0.000000
v -46.900000 41.200000 0.300000
v -47.220000 41.200000 0.000000
v -47.220000 41.200000 0.300000
v -47.220000 37.300000 0.000000
v -47.220000 37.300000 0.300000
v -46.900000 37.300000 0.000000
v -46.900000 37.300000 0.300000
v -46.900000 33.300000 0.000000
v -46.900000 33.300000 0.300000
v -47.220000 33.300000 0.000000
v -47.220000 33.300000 0.300000
v -47.220000 29.400000 0.000000
v -47.220000 29.400000 0.300000
v -49.320000 29.400000 0.000000
v -49.320000 29.400000 0.300000
v -49.320000 29.720000 0.000000
v -49.320000 29.720000 0.300000
v -51.570000 29.720000 0.000000
v -51.570000 29.720000 0.300000
v -51.570000 29.400000 0.000000
v -51.570000 29.400000 0.300000
v -53.670000 29.400000 0.000000
v -53.670000 29.400000 0.300000
v -53.670000 29.720000 0.000000
v -53.670000 29.720000 0.300000
v -55.770000 29.720000 0.000000
v -55.770000 29.720000 0.300000
v -55.770000 29.400000 0.000000
v -55.770000 29.400000 0.300000
v -56.900000 56.025000 0.300000
v -56.900000 38.275000 0.300000
v -56.900000 37.300000 0.300000
v -56.900000 33.900000 0.300000
v -56.900000 31.900000 0.300000
v -56.900000 61.000000 0.300000
v -56.900000 59.900000 0.300000
v -56.900000 64.580000 0.300000
v -56.900000 61.900000 0.300000
v -56.900000 45.100000 0.300000
v -56.900000 47.150000 0.300000
v -56.900000 53.100000 0.300000
v -56.900000 56.025000 0.000000
v -56.900000 38.275000 0.000000
v -56.900000 33.900000 0.000000
v -56.900000 31.900000 0.000000
v -56.900000 61.000000 0.000000
v -56.900000 59.900000 0.000000
v -56.900000 64.580000 0.000000
v -56.900000 61.900000 0.000000
v -56.900000 45.100000 0.000000
v -56.900000 47.150000 0.000000
v -56.900000 53.100000 0.000000
vt 0.300000 -0.719948 0.000000
vt 0.000000 -0.719948 0.000000
vt 0.300000 -0.785398 0.000000
vt 0.000000 -0.785398 0.000000
vt 0.300000 0.785398 0.000000
vt 0.000000 0.785398 0.000000
vt 0.300000 0.719948 0.000000
vt 0.000000 0.719948 0.000000
vt 0.300000 0.654498 0.000000
vt -0.000000 0.654498 0.000000
vt 0.300000 0.589049 0.000000
vt -0.000000 0.589049 0.000000
vt 0.300000 0.523599 0.000000
vt -0.000000 0.523599 0.000000
vt 0.300000 0.458149 0.000000
vt 0.000000 0.458149 0.000000
vt 0.300000 0.392699 0.000000
vt 0.000000 0.392699 0.000000
vt 0.300000 0.327249 0.000000
vt 0.000000 0.327249 0.000000
vt 0.300000 0.261799 0.000000
vt -0.000000 0.261799 0.000000
vt 0.300000 0.196350 0.000000
vt -0.000000 0.196350 0.000000
vt 0.300000 0.130900 0.000000
vt -0.000000 0.130900 0.000000
vt 0.300000 0.065450 0.000000
vt 0.000000 0.065450 0.000000
vt 0.300000 0.000000 0.000000
vt 0.000000 0.000000 0.000000
vt 0.300000 -0.065450 0.000000
vt 0.000000 -0.065450 0.000000
vt 0.300000 -0.130900 0.000000
vt -0.000000 -0.130900 0.000000
vt 0.300000 -0.196350 0.000000
vt -0.000000 -0.196350 0.000000
vt 0.300000 -0.261799 0.000000
vt 0.000000 -0.261799 0.000000
vt 0.300000 -0.327249 0.000000
vt 0.000000 -0.327249 0.000000
vt 0.300000 -0.392699 0.000000
vt 0.000000 -0.392699 0.000000
vt 0.300000 -0.458149 0.000000
vt 0.000000 -0.458149 0.000000
vt 0.300000 -0.523599 0.000000
vt 0.000000 -0.523599 0.000000
vt 0.300000 -0.589049 0.000000
vt -0.000000 -0.589049 0.000000
vt 0.300000 -0.654498 0.000000
vt -0.000000 -0.654498 0.000000
vt 0.300000 -0.719948 0.000000
vt 0.000000 -0.719948 0.000000
vt 0.300000 -0.785398 0.000000
vt 0.000000 -0.785398 0.000000
vt 0.300000 0.785398 0.000000
vt 0.000000 0.785398 0.000000
vt 0.300000 0.719948 0.000000
vt 0.000000 0.719948 0.000000
vt 0.300000 0.654498 0.000000
vt -0.000000 0.654498 0.000000
vt 0.300000 0.589049 0.000000
vt -0.000000 0.589049 0.000000
vt 0.300000 0.523599 0.000000
vt -0.000000 0.523599 0.000000
vt 0.300000 0.458149 0.000000
vt 0.000000 0.458149 0.000000
vt 0.300000 0.392699 0.000000
vt 0.000000 0.392699 0.000000
vt 0.300000 0.327249 0.000000
vt 0.000000 0.327249 0.000000
vt 0.300000 0.261799 0.000000
vt -0.000000 0.261799 0.000000
vt 0.300000 0.196350 0.000000
vt -0.000000 0.196350 0.000000
vt 0.300000 0.130900 0.000000
vt -0.000000 0.130900 0.000000
vt 0.300000 0.065450 0.000000
vt 0.000000 0.065450 0.000000
vt 0.300000 0.000000 0.000000
vt 0.000000 0.000000 0.000000
vt 0.300000 -0.065450 0.000000
vt 0.000000 -0.065450 0.000000
vt 0.300000 -0.130900 0.000000
vt -0.000000 -0.130900 0.000000
vt 0.300000 -0.196350 0.000000
vt -0.000000 -0.196350 0.000000
vt 0.300000 -0.261799 0.000000
vt -0.000000 -0.261799 0.000000
vt 0.300000 -0.327249 0.000000
vt 0.000000 -0.327249 0.000000
vt 0.300000 -0.392699 0.000000
vt 0.000000 -0.392699 0.000000
vt 0.300000 -0.458149 0.000000
vt 0.000000 -0.458149 0.000000
vt 0.300000 -0.523599 0.000000
vt -0.000000 -0.523599 0.000000
vt 0.300000 -0.589049 0.000000
vt -0.000000 -0.589049 0.000000
vt 0.300000 -0.654498 0.000000
vt -0.000000 -0.654498 0.000000
vt 0.300000 -0.719948 0.000000
vt 0.000000 -0.719948 0.000000
vt 0.300000 -0.785398 0.000000
vt 0.000000 -0.785398 0.000000
vt 0.300000 0.785398 0.000000
vt 0.000000 0.785398 0.000000
vt 0.300000 0.719948 0.000000
vt 0.000000 0.719948 0.000000
vt 0.300000 0.654498 0.000000
vt -0.000000 0.654498 0.000000
vt 0.300000 0.589049 0.000000
vt -0.000000 0.589049 0.000000
vt 0.300000 0.523599 0.000000
vt -0.000000 0.523599 0.000000
vt 0.300000 0.458149 0.000000
vt 0.000000 0.458149 0.000000
vt 0.300000 0.392699 0.000000
vt 0.000000 0.392699 0.000000
vt 0.300000 0.327249 0.000000
vt 0.000000 0.327249 0.000000
vt 0.300000 0.261799 0.000000
vt -0.000000 0.261799 0.000000
vt 0.300000 0.196350 0.000000
vt -0.000000 0.196350 0.000000
vt 0.300000 0.130900 0.000000
vt -0.000000 0.130900 0.000000
vt 0.300000 0.065450 0.000000
vt 0.000000 0.065450 0.000000
vt 0.300000 0.000000 0.000000
vt 0.000000 0.000000 0.000000
vt 0.300000 -0.065450 0.000000
vt 0.000000 -0.065450 0.000000
vt 0.300000 -0.130900 0.000000
vt -0.000000 -0.130900 0.000000
vt 0.300000 -0.196350 0.000000
vt -0.000000 -0.196350 0.000000
vt 0.300000 -0.261799 0.000000
vt 0.000000 -0.261799 0.000000
vt 0.300000 -0.327249 0.000000
vt 0.000000 -0.327249 0.000000
vt 0.300000 -0.392699 0.000000
vt 0.000000 -0.392699 0.000000
vt 0.300000 -0.458149 0.000000
vt 0.000000 -0.458149 0.000000
vt 0.300000 -0.523599 0.000000
vt 0.000000 -0.523599 0.000000
vt 0.300000 -0.589049 0.000000
vt -0.000000 -0.589049 0.000000
vt 0.300000 -0.654498 0.000000
vt -0.000000 -0.654498 0.000000
vt 0.300000 -0.719948 0.000000
vt -0.000000 -0.719948 0.000000
vt 0.300000 -0.785398 0.000000
vt 0.000000 -0.785398 0.000000
vt 0.300000 0.785398 0.000000
vt 0.000000 0.785398 0.000000
vt 0.300000 0.719948 0.000000
vt -0.000000 0.719948 0.000000
vt 0.300000 0.654498 0.000000
vt 0.000000 0.654498 0.000000
vt 0.300000 0.589049 0.000000
vt -0.000000 0.589049 0.000000
vt 0.300000 0.523599 0.000000
vt -0.000000 0.523599 0.000000
vt 0.300000 0.458149 0.000000
vt 0.000000 0.458149 0.000000
vt 0.300000 0.392699 0.000000
vt 0.000000 0.392699 0.000000
vt 0.300000 0.327249 0.000000
vt 0.000000 0.327249 0.000000
vt 0.300000 0.261799 0.000000
vt -0.000000 0.261799 0.000000
vt 0.300000 0.196350 0.000000
vt -0.000000 0.196350 0.000000
vt 0.300000 0.130900 0.000000
vt -0.000000 0.130900 0.000000
vt 0.300000 0.065450 0.000000
vt 0.000000 0.065450 0.000000
vt 0.300000 0.000000 0.000000
vt 0.000000 0.000000 0.000000
vt 0.300000 -0.065450 0.000000
vt 0.000000 -0.065450 0.000000
vt 0.300000 -0.130900 0.000000
vt -0.000000 -0.130900 0.000000
vt 0.300000 -0.196350 0.000000
vt -0.000000 -0.196350 0.000000
vt 0.300000 -0.261799 0.000000
vt -0.000000 -0.261799 0.000000
vt 0.300000 -0.327249 0.000000
vt 0.000000 -0.327249 0.000000
vt 0.300000 -0.392699 0.000000
vt 0.000000 -0.392699 0.000000
vt 0.300000 -0.458149 0.000000
vt 0.000000 -0.458149 0.000000
vt 0.300000 -0.523599 0.000000
vt -0.000000 -0.523599 0.000000
vt 0.300000 -0.589049 0.000000
vt -0.000000 -0.589049 0.000000
vt 0.300000 -0.654498 0.000000
vt 0.000000 -0.654498 0.000000
vt 0.300000 -0.719948 0.000000
vt 0.000000 -0.719948 0.000000
vt 0.300000 -0.785398 0.000000
vt 0.000000 -0.785398 0.000000
vt 0.300000 0.785398 0.000000
vt 0.000000 0.785398 0.000000
vt 0.300000 0.719948 0.000000
vt 0.000000 0.719948 0.000000
vt 0.300000 0.654498 0.000000
vt -0.000000 0.654498 0.000000
vt 0.300000 0.589049 0.000000
vt -0.000000 0.589049 0.000000
vt 0.300000 0.523599 0.000000
vt -0.000000 0.523599 0.000000
vt 0.300000 0.458149 0.000000
vt 0.000000 0.458149 0.000000
vt 0.300000 0.392699 0.000000
vt 0.000000 0.392699 0.000000
vt 0.300000 0.327249 0.000000
vt 0.000000 0.327249 0.000000
vt 0.300000 0.261799 0.000000
vt -0.000000 0.261799 0.000000
vt 0.300000 0.196350 0.000000
vt -0.000000 0.196350 0.000000
vt 0.300000 0.130900 0.000000
vt -0.000000 0.130900 0.000000
vt 0.300000 0.065450 0.000000
vt 0.000000 0.065450 0.000000
vt 0.300000 0.000000 0.000000
vt 0.000000 0.000000 0.000000
vt 0.300000 -0.065450 0.000000
vt 0.000000 -0.065450 0.000000
vt 0.300000 -0.130900 0.000000
vt -0.000000 -0.130900 0.000000
vt 0.300000 -0.196350 0.000000
vt -0.000000 -0.196350 0.000000
vt 0.300000 -0.261799 0.000000
vt -0.000000 -0.261799 0.000000
vt 0.300000 -0.327249 0.000000
vt 0.000000 -0.327249 0.000000
vt 0.300000 -0.392699 0.000000
vt 0.000000 -0.392699 0.000000
vt 0.300000 -0.458149 0.000000
vt 0.000000 -0.458149 0.000000
vt 0.300000 -0.523599 0.000000
vt -0.000000 -0.523599 0.000000
vt 0.300000 -0.589049 0.000000
vt -0.000000 -0.589049 0.000000
vt 0.300000 -0.654498 0.000000
vt -0.000000 -0.654498 0.000000
vt 0.300000 -0.719948 0.000000
vt 0.000000 -0.719948 0.000000
vt 0.300000 -0.785398 0.000000
vt 0.000000 -0.785398 0.000000
vt 0.300000 0.785398 0.000000
vt 0.000000 0.785398 0.000000
vt 0.300000 0.719948 0.000000
vt 0.000000 0.719948 0.000000
vt 0.300000 0.654498 0.000000
vt -0.000000 0.654498 0.000000
vt 0.300000 0.589049 0.000000
vt -0.000000 0.589049 0.000000
vt 0.300000 0.523599 0.000000
vt -0.000000 0.523599 0.000000
vt 0.300000 0.458149 0.000000
vt 0.000000 0.458149 0.000000
vt 0.300000 0.392699 0.000000
vt 0.000000 0.392699 0.000000
vt 0.300000 0.327249 0.000000
vt 0.000000 0.327249 0.000000
vt 0.300000 0.261799 0.000000
vt -0.000000 0.261799 0.000000
vt 0.300000 0.196350 0.000000
vt -0.000000 0.196350 0.000000
vt 0.300000 0.130900 0.000000
vt -0.000000 0.130900 0.000000
vt 0.300000 0.065450 0.000000
vt 0.000000 0.065450 0.000000
vt 0.300000 0.000000 0.000000
vt 0.000000 0.000000 0.000000
vt 0.300000 -0.065450 0.000000
vt 0.000000 -0.065450 0.000000
vt 0.300000 -0.130900 0.000000
vt -0.000000 -0.130900 0.000000
vt 0.300000 -0.196350 0.000000
vt -0.000000 -0.196350 0.000000
vt 0.300000 -0.261799 0.000000
vt -0.000000 -0.261799 0.000000
vt 0.300000 -0.327249 0.000000
vt 0.000000 -0.327249 0.000000
vt 0.300000 -0.392699 0.000000
vt 0.000000 -0.392699 0.000000
vt 0.300000 -0.458149 0.000000
vt 0.000000 -0.458149 0.000000
vt 0.300000 -0.523599 0.000000
vt -0.000000 -0.523599 0.000000
vt 0.300000 -0.589049 0.000000
vt -0.000000 -0.589049 0.000000
vt 0.300000 -0.654498 0.000000
vt -0.000000 -0.654498 0.000000
vt 0.300000 -0.719948 0.000000
vt -0.000000 -0.719948 0.000000
vt 0.300000 -0.785398 0.000000
vt 0.000000 -0.785398 0.000000
vt 0.300000 0.785398 0.000000
vt 0.000000 0.785398 0.000000
vt 0.300000 0.719948 0.000000
vt -0.000000 0.719948 0.000000
vt 0.300000 0.654498 0.000000
vt 0.000000 0.654498 0.000000
vt 0.300000 0.589049 0.000000
vt -0.000000 0.589049 0.000000
vt 0.300000 0.523599 0.000000
vt -0.000000 0.523599 0.000000
vt 0.300000 0.458149 0.000000
vt 0.000000 0.458149 0.000000
vt 0.300000 0.392699 0.000000
vt 0.000000 0.392699 0.000000
vt 0.300000 0.327249 0.000000
vt 0.000000 0.327249 0.000000
vt 0.300000 0.261799 0.000000
vt -0.000000 0.261799 0.000000
vt 0.300000 0.196350 0.000000
vt -0.000000 0.196350 0.000000
vt 0.300000 0.130900 0.000000
vt -0.000000 0.130900 0.000000
vt 0.300000 0.065450 0.000000
vt 0.000000 0.065450 0.000000
vt 0.300000 0.000000 0.000000
vt 0.000000 0.000000 0.000000
vt 0.300000 -0.065450 0.000000
vt 0.000000 -0.065450 0.000000
vt 0.300000 -0.130900 0.000000
vt -0.000000 -0.130900 0.000000
vt 0.300000 -0.196350 0.000000
vt -0.000000 -0.196350 0.000000
vt 0.300000 -0.261799 0.000000
vt 0.000000 -0.261799 0.000000
vt 0.300000 -0.327249 0.000000
vt 0.000000 -0.327249 0.000000
vt 0.300000 -0.392699 0.000000
vt 0.000000 -0.392699 0.000000
vt 0.300000 -0.458149 0.000000
vt 0.000000 -0.458149 0.000000
vt 0.300000 -0.523599 0.000000
vt 0.000000 -0.523599 0.000000
vt 0.300000 -0.589049 0.000000
vt -0.000000 -0.589049 0.000000
vt 0.300000 -0.654498 0.000000
vt 0.000000 -0.654498 0.000000
vt 0.300000 -0.719948 0.000000
vt -0.000000 -0.719948 0.000000
vt 0.300000 -0.785398 0.000000
vt 0.000000 -0.785398 0.000000
vt 0.300000 0.785398 0.000000
vt 0.000000 0.785398 0.000000
vt 0.300000 0.719948 0.000000
vt -0.000000 0.719948 0.000000
vt 0.300000 0.654498 0.000000
vt 0.000000 0.654498 0.000000
vt 0.300000 0.589049 0.000000
vt -0.000000 0.589049 0.000000
vt 0.300000 0.523599 0.000000
vt -0.000000 0.523599 0.000000
vt 0.300000 0.458149 0.000000
vt 0.000000 0.458149 0.000000
vt 0.300000 0.392699 0.000000
vt 0.000000 0.392699 0.000000
vt 0.300000 0.327249 0.000000
vt 0.000000 0.327249 0.000000
vt 0.300000 0.261799 0.000000
vt -0.000000 0.261799 0.000000
vt 0.300000 0.196350 0.000000
vt -0.000000 0.196350 0.000000
vt 0.300000 0.130900 0.000000
vt -0.000000 0.130900 0.000000
vt 0.300000 0.065450 0.000000
vt 0.000000 0.065450 0.000000
vt 0.300000 0.000000 0.000000
vt 0.000000 0.000000 0.000000
vt 0.300000 -0.065450 0.000000
vt 0.000000 -0.065450 0.000000
vt 0.300000 -0.130900 0.000000
vt -0.000000 -0.130900 0.000000
vt 0.300000 -0.196350 0.000000
vt -0.000000 -0.196350 0.000000
vt 0.300000 -0.261799 0.000000
vt -0.000000 -0.261799 0.000000
vt 0.300000 -0.327249 0.000000
vt 0.000000 -0.327249 0.000000
vt 0.300000 -0.392699 0.000000
vt 0.000000 -0.392699 0.000000
vt 0.300000 -0.458149 0.000000
vt 0.000000 -0.458149 0.000000
vt 0.300000 -0.523599 0.000000
vt -0.000000 -0.523599 0.000000
vt 0.300000 -0.589049 0.000000
vt -0.000000 -0.589049 0.000000
vt 0.300000 -0.654498 0.000000
vt 0.000000 -0.654498 0.000000
vt 0.300000 -0.719948 0.000000
vt 0.000000 -0.719948 0.000000
vt 0.300000 -0.785398 0.000000
vt 0.000000 -0.785398 0.000000
vt 0.300000 0.785398 0.000000
vt 0.000000 0.785398 0.000000
vt 0.300000 0.719948 0.000000
vt 0.000000 0.719948 0.000000
vt 0.300000 0.654498 0.000000
vt -0.000000 0.654498 0.000000
vt 0.300000 0.589049 0.000000
vt -0.000000 0.589049 0.000000
vt 0.300000 0.523599 0.000000
vt -0.000000 0.523599 0.000000
vt 0.300000 0.458149 0.000000
vt 0.000000 0.458149 0.000000
vt 0.300000 0.392699 0.000000
vt 0.000000 0.392699 0.000000
vt 0.300000 0.327249 0.000000
vt 0.000000 0.327249 0.000000
vt 0.300000 0.261799 0.000000
vt -0.000000 0.261799 0.000000
vt 0.300000 0.196350 0.000000
vt -0.000000 0.196350 0.000000
vt 0.300000 0.130900 0.000000
vt -0.000000 0.130900 0.000000
vt 0.300000 0.065450 0.000000
vt 0.000000 0.065450 0.000000
vt 0.300000 0.000000 0.000000
vt 0.000000 0.000000 0.000000
vt 0.300000 -0.065450 0.000000
vt 0.000000 -0.065450 0.000000
vt 0.300000 -0.130900 0.000000
vt -0.000000 -0.130900 0.000000
vt 0.300000 -0.196350 0.000000
vt -0.000000 -0.196350 0.000000
vt 0.300000 -0.261799 0.000000
vt -0.000000 -0.261799 0.000000
vt 0.300000 -0.327249 0.000000
vt 0.000000 -0.327249 0.000000
vt 0.300000 -0.392699 0.000000
vt 0.000000 -0.392699 0.000000
vt 0.300000 -0.458149 0.000000
vt 0.000000 -0.458149 0.000000
vt 0.300000 -0.523599 0.000000
vt -0.000000 -0.523599 0.000000
vt 0.300000 -0.589049 0.000000
vt -0.000000 -0.589049 0.000000
vt 0.300000 -0.654498 0.000000
vt -0.000000 -0.654498 0.000000
vt 0.300000 -0.719948 0.000000
vt 0.000000 -0.719948 0.000000
vt 0.300000 -0.785398 0.000000
vt 0.000000 -0.785398 0.000000
vt 0.300000 0.785398 0.000000
vt 0.000000 0.785398 0.000000
vt 0.300000 0.719948 0.000000
vt 0.000000 0.719948 0.000000
vt 0.300000 0.654498 0.000000
vt -0.000000 0.654498 0.000000
vt 0.300000 0.589049 0.000000
vt -0.000000 0.589049 0.000000
vt 0.300000 0.523599 0.000000
vt -0.000000 0.523599 0.000000
vt 0.300000 0.458149 0.000000
vt 0.000000 0.458149 0.000000
vt 0.300000 0.392699 0.000000
vt 0.000000 0.392699 0.000000
vt 0.300000 0.327249 0.000000
vt 0.000000 0.327249 0.000000
vt 0.300000 0.261799 0.000000
vt -0.000000 0.261799 0.000000
vt 0.300000 0.196350 0.000000
vt -0.000000 0.196350 0.000000
vt 0.300000 0.130900 0.000000
vt -0.000000 0.130900 0.000000
vt 0.300000 0.065450 0.000000
vt 0.000000 0.065450 0.000000
vt 0.300000 0.000000 0.000000
vt 0.000000 0.000000 0.000000
vt 0.300000 -0.065450 0.000000
vt 0.000000 -0.065450 0.000000
vt 0.300000 -0.130900 0.000000
vt -0.000000 -0.130900 0.000000
vt 0.300000 -0.196350 0.000000
vt -0.000000 -0.196350 0.000000
vt 0.300000 -0.261799 0.000000
vt -0.000000 -0.261799 0.000000
vt 0.300000 -0.327249 0.000000
vt 0.000000 -0.327249 0.000000
vt 0.300000 -0.392699 0.000000
vt 0.000000 -0.392699 0.000000
vt 0.300000 -0.458149 0.000000
vt 0.000000 -0.458149 0.000000
vt 0.300000 -0.523599 0.000000
vt -0.000000 -0.523599 0.000000
vt 0.300000 -0.589049 0.000000
vt -0.000000 -0.589049 0.000000
vt 0.300000 -0.654498 0.000000
vt -0.000000 -0.654498 0.000000
vt 0.300000 -0.719948 0.000000
vt -0.000000 -0.719948 0.000000
vt 0.300000 -0.785398 0.000000
vt 0.000000 -0.785398 0.000000
vt 0.300000 0.785398 0.000000
vt 0.000000 0.785398 0.000000
vt 0.300000 0.719948 0.000000
vt -0.000000 0.719948 0.000000
vt 0.300000 0.654498 0.000000
vt 0.000000 0.654498 0.000000
vt 0.300000 0.589049 0.000000
vt -0.000000 0.589049 0.000000
vt 0.300000 0.523599 0.000000
vt -0.000000 0.523599 0.000000
vt 0.300000 0.458149 0.000000
vt 0.000000 0.458149 0.000000
vt 0.300000 0.392699 0.000000
vt 0.000000 0.392699 0.000000
vt 0.300000 0.327249 0.000000
vt 0.000000 0.327249 0.000000
vt 0.300000 0.261799 0.000000
vt -0.000000 0.261799 0.000000
vt 0.300000 0.196350 0.000000
vt -0.000000 0.196350 0.000000
vt 0.300000 0.130900 0.000000
vt -0.000000 0.130900 0.000000
vt 0.300000 0.065450 0.000000
vt 0.000000 0.065450 0.000000
vt 0.300000 0.000000 0.000000
vt 0.000000 0.000000 0.000000
vt 0.300000 -0.065450 0.000000
vt 0.000000 -0.065450 0.000000
vt 0.300000 -0.130900 0.000000
vt -0.000000 -0.130900 0.000000
vt 0.300000 -0.196350 0.000000
vt -0.000000 -0.196350 0.000000
vt 0.300000 -0.261799 0.000000
vt -0.000000 -0.261799 0.000000
vt 0.300000 -0.327249 0.000000
vt 0.000000 -0.327249 0.000000
vt 0.300000 -0.392699 0.000000
vt 0.000000 -0.392699 0.000000
vt 0.300000 -0.458149 0.000000
vt 0.000000 -0.458149 0.000000
vt 0.300000 -0.523599 0.000000
vt -0.000000 -0.523599 0.000000
vt 0.300000 -0.589049 0.000000
vt -0.000000 -0.589049 0.000000
vt 0.300000 -0.654498 0.000000
vt 0.000000 -0.654498 0.000000
vt 0.300000 -0.719948 0.000000
vt 0.000000 -0.719948 0.000000
vt 0.300000 -0.785398 0.000000
vt 0.000000 -0.785398 0.000000
vt 0.300000 0.785398 0.000000
vt 0.000000 0.785398 0.000000
vt 0.300000 0.719948 0.000000
vt 0.000000 0.719948 0.000000
vt 0.300000 0.654498 0.000000
vt -0.000000 0.654498 0.000000
vt 0.300000 0.589049 0.000000
vt -0.000000 0.589049 0.000000
vt 0.300000 0.523599 0.000000
vt -0.000000 0.523599 0.000000
vt 0.300000 0.458149 0.000000
vt 0.000000 0.458149 0.000000
vt 0.300000 0.392699 0.000000
vt 0.000000 0.392699 0.000000
vt 0.300000 0.327249 0.000000
vt 0.000000 0.327249 0.000000
vt 0.300000 0.261799 0.000000
vt -0.000000 0.261799 0.000000
vt 0.300000 0.196350 0.000000
vt -0.000000 0.196350 0.000000
vt 0.300000 0.130900 0.000000
vt -0.000000 0.130900 0.000000
vt 0.300000 0.065450 0.000000
vt 0.000000 0.065450 0.000000
vt 0.300000 0.000000 0.000000
vt 0.000000 0.000000 0.000000
vt 0.300000 -0.065450 0.000000
vt 0.000000 -0.065450 0.000000
vt 0.300000 -0.130900 0.000000
vt -0.000000 -0.130900 0.000000
vt 0.300000 -0.196350 0.000000
vt -0.000000 -0.196350 0.000000
vt 0.300000 -0.261799 0.000000
vt -0.000000 -0.261799 0.000000
vt 0.300000 -0.327249 0.000000
vt 0.000000 -0.327249 0.000000
vt 0.300000 -0.392699 0.000000
vt 0.000000 -0.392699 0.000000
vt 0.300000 -0.458149 0.000000
vt 0.000000 -0.458149 0.000000
vt 0.300000 -0.523599 0.000000
vt -0.000000 -0.523599 0.000000
vt 0.300000 -0.589049 0.000000
vt -0.000000 -0.589049 0.000000
vt 0.300000 -0.654498 0.000000
vt -0.000000 -0.654498 0.000000
vt 0.300000 -0.719948 0.000000
vt 0.000000 -0.719948 0.000000
vt 0.300000 -0.785398 0.000000
vt 0.000000 -0.785398 0.000000
vt 0.300000 0.785398 0.000000
vt 0.000000 0.785398 0.000000
vt 0.300000 0.719948 0.000000
vt 0.000000 0.719948 0.000000
vt 0.300000 0.654498 0.000000
vt -0.000000 0.654498 0.000000
vt 0.300000 0.589049 0.000000
vt -0.000000 0.589049 0.000000
vt 0.300000 0.523599 0.000000
vt -0.000000 0.523599 0.000000
vt 0.300000 0.458149 0.000000
vt 0.000000 0.458149 0.000000
vt 0.300000 0.392699 0.000000
vt 0.000000 0.392699 0.000000
vt 0.300000 0.327249 0.000000
vt 0.000000 0.327249 0.000000
vt 0.300000 0.261799 0.000000
vt -0.000000 0.261799 0.000000
vt 0.300000 0.196350 0.000000
vt -0.000000 0.196350 0.000000
vt 0.300000 0.130900 0.000000
vt -0.000000 0.130900 0.000000
vt 0.300000 0.065450 0.000000
vt 0.000000 0.065450 0.000000
vt 0.300000 0.000000 0.000000
vt 0.000000 0.000000 0.000000
vt 0.300000 -0.065450 0.000000
vt 0.000000 -0.065450 0.000000
vt 0.300000 -0.130900 0.000000
vt -0.000000 -0.130900 0.000000
vt 0.300000 -0.196350 0.000000
vt -0.000000 -0.196350 0.000000
vt 0.300000 -0.261799 0.000000
vt -0.000000 -0.261799 0.000000
vt 0.300000 -0.327249 0.000000
vt 0.000000 -0.327249 0.000000
vt 0.300000 -0.392699 0.000000
vt 0.000000 -0.392699 0.000000
vt 0.300000 -0.458149 0.000000
vt 0.000000 -0.458149 0.000000
vt 0.300000 -0.523599 0.000000
vt -0.000000 -0.523599 0.000000
vt 0.300000 -0.589049 0.000000
vt -0.000000 -0.589049 0.000000
vt 0.300000 -0.654498 0.000000
vt -0.000000 -0.654498 0.000000
vt 0.300000 -0.719948 0.000000
vt 0.000000 -0.719948 0.000000
vt 0.300000 -0.785398 0.000000
vt 0.000000 -0.785398 0.000000
vt 0.300000 0.785398 0.000000
vt 0.000000 0.785398 0.000000
vt 0.300000 0.719948 0.000000
vt 0.000000 0.719948 0.000000
vt 0.300000 0.654498 0.000000
vt -0.000000 0.654498 0.000000
vt 0.300000 0.589049 0.000000
vt -0.000000 0.589049 0.000000
vt 0.300000 0.523599 0.000000
vt -0.000000 0.523599 0.000000
vt 0.300000 0.458149 0.000000
vt 0.000000 0.458149 0.000000
vt 0.300000 0.392699 0.000000
vt 0.000000 0.392699 0.000000
vt 0.300000 0.327249 0.000000
vt 0.000000 0.327249 0.000000
vt 0.300000 0.261799 0.000000
vt -0.000000 0.261799 0.000000
vt 0.300000 0.196350 0.000000
vt -0.000000 0.196350 0.000000
vt 0.300000 0.130900 0.000000
vt -0.000000 0.130900 0.000000
vt 0.300000 0.065450 0.000000
vt 0.000000 0.065450 0.000000
vt 0.300000 0.000000 0.000000
vt 0.000000 0.000000 0.000000
vt 0.300000 -0.065450 0.000000
vt 0.000000 -0.065450 0.000000
vt 0.300000 -0.130900 0.000000
vt -0.000000 -0.130900 0.000000
vt 0.300000 -0.196350 0.000000
vt -0.000000 -0.196350 0.000000
vt 0.300000 -0.261799 0.000000
vt -0.000000 -0.261799 0.000000
vt 0.300000 -0.327249 0.000000
vt 0.000000 -0.327249 0.000000
vt 0.300000 -0.392699 0.000000
vt 0.000000 -0.392699 0.000000
vt 0.300000 -0.458149 0.000000
vt 0.000000 -0.458149 0.000000
vt 0.300000 -0.523599 0.000000
vt -0.000000 -0.523599 0.000000
vt 0.300000 -0.589049 0.000000
vt -0.000000 -0.589049 0.000000
vt 0.300000 -0.654498 0.000000
vt -0.000000 -0.654498 0.000000
vt 0.300000 -0.719948 0.000000
vt 0.000000 -0.719948 0.000000
vt 0.300000 -0.785398 0.000000
vt 0.000000 -0.785398 0.000000
vt 0.300000 0.785398 0.000000
vt 0.000000 0.785398 0.000000
vt 0.300000 0.719948 0.000000
vt 0.000000 0.719948 0.000000
vt 0.300000 0.654498 0.000000
vt -0.000000 0.654498 0.000000
vt 0.300000 0.589049 0.000000
vt -0.000000 0.589049 0.000000
vt 0.300000 0.523599 0.000000
vt -0.000000 0.523599 0.000000
vt 0.300000 0.458149 0.000000
vt 0.000000 0.458149 0.000000
vt 0.300000 0.392699 0.000000
vt 0.000000 0.392699 0.000000
vt 0.300000 0.327249 0.000000
vt 0.000000 0.327249 0.000000
vt 0.300000 0.261799 0.000000
vt -0.000000 0.261799 0.000000
vt 0.300000 0.196350 0.000000
vt -0.000000 0.196350 0.000000
vt 0.300000 0.130900 0.000000
vt -0.000000 0.130900 0.000000
vt 0.300000 0.065450 0.000000
vt 0.000000 0.065450 0.000000
vt 0.300000 0.000000 0.000000
vt 0.000000 0.000000 0.000000
vt 0.300000 -0.065450 0.000000
vt 0.000000 -0.065450 0.000000
vt 0.300000 -0.130900 0.000000
vt -0.000000 -0.130900 0.000000
vt 0.300000 -0.196350 0.000000
vt -0.000000 -0.196350 0.000000
vt 0.300000 -0.261799 0.000000
vt -0.000000 -0.261799 0.000000
vt 0.300000 -0.327249 0.000000
vt 0.000000 -0.327249 0.000000
vt 0.300000 -0.392699 0.000000
vt 0.000000 -0.392699 0.000000
vt 0.300000 -0.458149 0.000000
vt 0.000000 -0.458149 0.000000
vt 0.300000 -0.523599 0.000000
vt -0.000000 -0.523599 0.000000
vt 0.300000 -0.589049 0.000000
vt -0.000000 -0.589049 0.000000
vt 0.300000 -0.654498 0.000000
vt -0.000000 -0.654498 0.000000
vt 0.300000 -0.719948 0.000000
vt 0.000000 -0.719948 0.000000
vt 0.300000 -0.785398 0.000000
vt 0.000000 -0.785398 0.000000
vt 0.300000 0.785398 0.000000
vt 0.000000 0.785398 0.000000
vt 0.300000 0.719948 0.000000
vt 0.000000 0.719948 0.000000
vt 0.300000 0.654498 0.000000
vt -0.000000 0.654498 0.000000
vt 0.300000 0.589049 0.000000
vt -0.000000 0.589049 0.000000
vt 0.300000 0.523599 0.000000
vt -0.000000 0.523599 0.000000
vt 0.300000 0.458149 0.000000
vt 0.000000 0.458149 0.000000
vt 0.300000 0.392699 0.000000
vt 0.000000 0.392699 0.000000
vt 0.300000 0.327249 0.000000
vt 0.000000 0.327249 0.000000
vt 0.300000 0.261799 0.000000
vt -0.000000 0.261799 0.000000
vt 0.300000 0.196350 0.000000
vt -0.000000 0.196350 0.000000
vt 0.300000 0.130900 0.000000
vt -0.000000 0.130900 0.000000
vt 0.300000 0.065450 0.000000
vt 0.000000 0.065450 0.000000
vt 0.300000 0.000000 0.000000
vt 0.000000 0.000000 0.000000
vt 0.300000 -0.065450 0.000000
vt 0.000000 -0.065450 0.000000
vt 0.300000 -0.130900 0.000000
vt -0.000000 -0.130900 0.000000
vt 0.300000 -0.196350 0.000000
vt -0.000000 -0.196350 0.000000
vt 0.300000 -0.261799 0.000000
vt 0.000000 -0.261799 0.000000
vt 0.300000 -0.327249 0.000000
vt 0.000000 -0.327249 0.000000
vt 0.300000 -0.392699 0.000000
vt 0.000000 -0.392699 0.000000
vt 0.300000 -0.458149 0.000000
vt 0.000000 -0.458149 0.000000
vt 0.300000 -0.523599 0.000000
vt 0.000000 -0.523599 0.000000
vt 0.300000 -0.589049 0.000000
vt -0.000000 -0.589049 0.000000
vt 0.300000 -0.654498 0.000000
vt -0.000000 -0.654498 0.000000
vt -0.000000 0.000000 0.000000
vt 0.320000 0.000000 0.000000
vt -0.000000 0.300000 0.000000
vt 0.320000 0.300000 0.000000
vt 0.000000 0.000000 0.000000
vt 2.100000 0.000000 0.000000
vt -0.000000 0.300000 0.000000
vt 2.100000 0.300000 0.000000
vt 0.000000 0.000000 0.000000
vt 0.320000 0.000000 0.000000
vt 0.000000 0.300000 0.000000
vt 0.320000 0.300000 0.000000
vt 0.000000 0.000000 0.000000
vt 2.100000 0.000000 0.000000
vt 0.000000 0.300000 0.000000
vt 2.100000 0.300000 0.000000
vt -0.000000 0.000000 0.000000
vt 0.320000 0.000000 0.000000
vt -0.000000 0.300000 0.000000
vt 0.320000 0.300000 0.000000
vt 0.000000 0.000000 0.000000
vt 2.250000 0.000000 0.000000
vt 0.000000 0.300000 0.000000
vt 2.250000 0.300000 0.000000
vt 0.000000 0.000000 0.000000
vt 0.320000 0.000000 0.000000
vt 0.000000 0.300000 0.000000
vt 0.320000 0.300000 0.000000
vt 0.000000 0.000000 0.000000
vt 2.100000 0.000000 0.000000
vt 0.000000 0.300000 0.000000
vt 2.100000 0.300000 0.000000
vt -0.000000 0.000000 0.000000
vt 3.900000 0.000000 0.000000
vt -0.000000 0.300000 0.000000
vt 3.900000 0.300000 0.000000
vt 0.000000 0.000000 0.000000
vt 0.320000 0.000000 0.000000
vt 0.000000 0.300000 0.000000
vt 0.320000 0.300000 0.000000
vt 0.000000 0.000000 0.000000
vt 4.000000 0.000000 0.000000
vt 0.000000 0.300000 0.000000
vt 4.000000 0.300000 0.000000
vt -0.000000 0.000000 0.000000
vt 0.320000 0.000000 0.000000
vt -0.000000 0.300000 0.000000
vt 0.320000 0.300000 0.000000
vt 0.000000 0.000000 0.000000
vt 3.900000 0.000000 0.000000
vt 0.000000 0.300000 0.000000
vt 3.900000 0.300000 0.000000
vt 0.000000 0.000000 0.000000
vt 0.320000 0.000000 0.000000
vt 0.000000 0.300000 0.000000
vt 0.320000 0.300000 0.000000
vt -0.000000 0.000000 0.000000
vt 3.900000 0.000000 0.000000
vt -0.000000 0.300000 0.000000
vt 3.900000 0.300000 0.000000
vt -0.000000 0.000000 0.000000
vt 0.320000 0.000000 0.000000
vt -0.000000 0.300000 0.000000
vt 0.320000 0.300000 0.000000
vt 0.000000 0.000000 0.000000
vt 4.100000 0.000000 0.000000
vt 0.000000 0.300000 0.000000
vt 4.100000 0.300000 0.000000
vt 0.000000 0.000000 0.000000
vt 0.320000 0.000000 0.000000
vt 0.000000 0.300000 0.000000
vt 0.320000 0.300000 0.000000
vt 0.000000 0.000000 0.000000
vt 3.900000 0.000000 0.000000
vt 0.000000 0.300000 0.000000
vt 3.900000 0.300000 0.000000
vt 0.000000 0.000000 0.000000
vt 0.320000 0.000000 0.000000
vt 0.000000 0.300000 0.000000
vt 0.320000 0.300000 0.000000
vt 0.000000 0.000000 0.000000
vt 3.900000 0.000000 0.000000
vt 0.000000 0.300000 0.000000
vt 3.900000 0.300000 0.000000
vt 0.000000 0.000000 0.000000
vt 0.320000 0.000000 0.000000
vt 0.000000 0.300000 0.000000
vt 0.320000 0.300000 0.000000
vt -0.000000 0.000000 0.000000
vt 4.000000 0.000000 0.000000
vt -0.000000 0.300000 0.000000
vt 4.000000 0.300000 0.000000
vt 0.000000 0.000000 0.000000
vt 0.320000 0.000000 0.000000
vt 0.000000 0.300000 0.000000
vt 0.320000 0.300000 0.000000
vt 0.000000 0.000000 0.000000
vt 3.900000 0.000000 0.000000
vt 0.000000 0.300000 0.000000
vt 3.900000 0.300000 0.000000
vt -0.000000 0.000000 0.000000
vt 2.100000 0.000000 0.000000
vt -0.000000 0.300000 0.000000
vt 2.100000 0.300000 0.000000
vt 0.000000 0.000000 0.000000
vt 0.320000 0.000000 0.000000
vt 0.000000 0.300000 0.000000
vt 0.320000 0.300000 0.000000
vt -0.000000 0.000000 0.000000
vt 2.250000 0.000000 0.000000
vt -0.000000 0.300000 0.000000
vt 2.250000 0.300000 0.000000
vt -0.000000 0.000000 0.000000
vt 0.320000 0.000000 0.000000
vt -0.000000 0.300000 0.000000
vt 0.320000 0.300000 0.000000
vt -0.000000 0.000000 0.000000
vt 2.100000 0.000000 0.000000
vt 0.000000 0.300000 0.000000
vt 2.100000 0.300000 0.000000
vt 0.000000 0.000000 0.000000
vt 0.320000 0.000000 0.000000
vt 0.000000 0.300000 0.000000
vt 0.320000 0.300000 0.000000
vt -0.000000 0.000000 0.000000
vt 2.100000 0.000000 0.000000
vt -0.000000 0.300000 0.000000
vt 2.100000 0.300000 0.000000
vt -0.000000 0.000000 0.000000
vt 0.320000 0.000000 0.000000
vt -0.000000 0.300000 0.000000
vt 0.320000 0.300000 0.000000
vt 0.000000 0.000000 0.000000
vt 2.260000 0.000000 0.000000
vt 0.000000 0.300000 0.000000
vt 2.260000 0.300000 0.000000
vt 0.000000 0.000000 0.000000
vt 0.320000 0.000000 0.000000
vt 0.000000 0.300000 0.000000
vt 0.320000 0.300000 0.000000
vt -0.000000 0.000000 0.000000
vt 2.100000 0.000000 0.000000
vt -0.000000 0.300000 0.000000
vt 2.100000 0.300000 0.000000
vt -0.000000 0.000000 0.000000
vt 0.320000 0.000000 0.000000
vt -0.000000 0.300000 0.000000
vt 0.320000 0.300000 0.000000
vt -0.000000 0.000000 0.000000
vt 2.100000 0.000000 0.000000
vt -0.000000 0.300000 0.000000
vt 2.100000 0.300000 0.000000
vt 0.000000 0.000000 0.000000
vt 0.320000 0.000000 0.000000
vt 0.000000 0.300000 0.000000
vt 0.320000 0.300000 0.000000
vt 0.000000 0.000000 0.000000
vt 2.250000 0.000000 0.000000
vt 0.000000 0.300000 0.000000
vt 2.250000 0.300000 0.000000
vt -0.000000 0.000000 0.000000
vt 0.320000 0.000000 0.000000
vt -0.000000 0.300000 0.000000
vt 0.320000 0.300000 0.000000
vt -0.000000 0.000000 0.000000
vt 2.100000 0.000000 0.000000
vt -0.000000 0.300000 0.000000
vt 2.100000 0.300000 0.000000
vt 0.000000 0.000000 0.000000
vt 3.900000 0.000000 0.000000
vt 0.000000 0.300000 0.000000
vt 3.900000 0.300000 0.000000
vt 0.000000 0.000000 0.000000
vt 0.320000 0.000000 0.000000
vt 0.000000 0.300000 0.000000
vt 0.320000 0.300000 0.000000
vt 0.000000 0.000000 0.000000
vt 4.000000 0.000000 0.000000
vt 0.000000 0.300000 0.000000
vt 4.000000 0.300000 0.000000
vt 0.000000 0.000000 0.000000
vt 0.320000 0.000000 0.000000
vt 0.000000 0.300000 0.000000
vt 0.320000 0.300000 0.000000
vt 0.000000 0.000000 0.000000
vt 3.900000 0.000000 0.000000
vt 0.000000 0.300000 0.000000
vt 3.900000 0.300000 0.000000
vt 0.000000 0.000000 0.000000
vt 0.320000 0.000000 0.000000
vt 0.000000 0.300000 0.000000
vt 0.320000 0.300000 0.000000
vt 0.000000 0.000000 0.000000
vt 3.900000 0.000000 0.000000
vt 0.000000 0.300000 0.000000
vt 3.900000 0.300000 0.000000
vt 0.000000 0.000000 0.000000
vt 0.320000 0.000000 0.000000
vt 0.000000 0.300000 0.000000
vt 0.320000 0.300000 0.000000
vt 0.000000 0.000000 0.000000
vt 4.100000 0.000000 0.000000
vt 0.000000 0.300000 0.000000
vt 4.100000 0.300000 0.000000
vt -0.000000 0.000000 0.000000
vt 0.320000 0.000000 0.000000
vt -0.000000 0.300000 0.000000
vt 0.320000 0.300000 0.000000
vt 0.000000 0.000000 0.000000
vt 3.900000 0.000000 0.000000
vt 0.000000 0.300000 0.000000
vt 3.900000 0.300000 0.000000
vt 0.000000 0.000000 0.000000
vt 0.320000 0.000000 0.000000
vt 0.000000 0.300000 0.000000
vt 0.320000 0.300000 0.000000
vt 0.000000 0.000000 0.000000
vt 3.900000 0.000000 0.000000
vt 0.000000 0.300000 0.000000
vt 3.900000 0.300000 0.000000
vt -0.000000 0.000000 0.000000
vt 0.320000 0.000000 0.000000
vt -0.000000 0.300000 0.000000
vt 0.320000 0.300000 0.000000
vt 0.000000 0.000000 0.000000
vt 4.000000 0.000000 0.000000
vt 0.000000 0.300000 0.000000
vt 4.000000 0.300000 0.000000
vt 0.000000 0.000000 0.000000
vt 0.320000 0.000000 0.000000
vt 0.000000 0.300000 0.000000
vt 0.320000 0.300000 0.000000
vt 0.000000 0.000000 0.000000
vt 3.900000 0.000000 0.000000
vt 0.000000 0.300000 0.000000
vt 3.900000 0.300000 0.000000
vt 0.000000 0.000000 0.000000
vt 2.100000 0.000000 0.000000
vt 0.000000 0.300000 0.000000
vt 2.100000 0.300000 0.000000
vt -0.000000 0.000000 0.000000
vt 0.320000 0.000000 0.000000
vt -0.000000 0.300000 0.000000
vt 0.320000 0.300000 0.000000
vt 0.000000 0.000000 0.000000
vt 2.250000 0.000000 0.000000
vt 0.000000 0.300000 0.000000
vt 2.250000 0.300000 0.000000
vt 0.000000 0.000000 0.000000
vt 0.320000 0.000000 0.000000
vt 0.000000 0.300000 0.000000
vt 0.320000 0.300000 0.000000
vt 0.000000 0.000000 0.000000
vt 2.100000 0.000000 0.000000
vt 0.000000 0.300000 0.000000
vt 2.100000 0.300000 0.000000
vt -0.000000 0.000000 0.000000
vt 0.320000 0.000000 0.000000
vt -0.000000 0.300000 0.000000
vt 0.320000 0.300000 0.000000
vt 0.000000 0.000000 0.000000
vt 2.100000 0.000000 0.000000
vt 0.000000 0.300000 0.000000
vt 2.100000 0.300000 0.000000
vt 0.000000 0.000000 0.000000
vt 0.320000 0.000000 0.000000
vt 0.000000 0.300000 0.000000
vt 0.320000 0.300000 0.000000
vt 0.000000 0.000000 0.000000
vt 2.260000 0.000000 0.000000
vt 0.000000 0.300000 0.000000
vt 2.260000 0.300000 0.000000
vt 6.758518 -14.935295 0.000000
vt 5.241481 -14.935295 0.000000
vt 6.749999 -15.000000 0.000000
vt 5.249999 -15.000000 0.000000
vt 6.758518 -15.064705 0.000000
vt 5.241481 -15.064705 0.000000
vt 6.783493 -15.125000 0.000000
vt 5.216506 -15.125000 0.000000
vt 6.823223 -15.176777 0.000000
vt 5.176776 -15.176777 0.000000
vt 6.874999 -15.216506 0.000000
vt 5.124999 -15.216506 0.000000
vt 5.329999 -17.430000 0.000000
vt 5.064704 -15.241481 0.000000
vt 4.999999 -15.250000 0.000000
vt 5.216506 -14.875000 0.000000
vt 6.783493 -14.875000 0.000000
vt 5.176776 -14.823223 0.000000
vt 6.823223 -14.823223 0.000000
vt 5.176776 -13.176777 0.000000
vt 6.823223 -13.176777 0.000000
vt 5.216506 -13.125000 0.000000
vt 6.783493 -13.125000 0.000000
vt 5.241481 -13.064705 0.000000
vt 6.758518 -13.064705 0.000000
vt 5.249999 -13.000000 0.000000
vt 6.749999 -13.000000 0.000000
vt 5.241481 -12.935295 0.000000
vt 6.758518 -12.935295 0.000000
vt 5.216506 -12.875000 0.000000
vt 6.783493 -12.875000 0.000000
vt 5.176776 -12.823223 0.000000
vt 6.823223 -12.823223 0.000000
vt 5.124999 -12.783494 0.000000
vt 6.874999 -12.783494 0.000000
vt 5.064704 -12.758519 0.000000
vt 6.935294 -12.758519 0.000000
vt 9.679999 -9.850000 0.000000
vt 6.999999 -12.750000 0.000000
vt 7.064704 -12.758519 0.000000
vt 6.874999 -14.783494 0.000000
vt 6.874999 -13.216506 0.000000
vt 6.935294 -13.241481 0.000000
vt 6.935294 -14.758519 0.000000
vt 6.999999 -13.250000 0.000000
vt 6.999999 -14.750000 0.000000
vt 7.064704 -13.241481 0.000000
vt 7.064704 -14.758519 0.000000
vt 7.124999 -13.216506 0.000000
vt 7.124999 -14.783494 0.000000
vt 7.176776 -13.176777 0.000000
vt 7.176776 -14.823223 0.000000
vt 9.679999 -13.850000 0.000000
vt 7.216506 -14.875000 0.000000
vt 7.241481 -14.935295 0.000000
vt 7.249999 -15.000000 0.000000
vt 7.241481 -15.064705 0.000000
vt 7.216506 -15.125000 0.000000
vt 7.176776 -15.176777 0.000000
vt 7.579999 -17.430000 0.000000
vt 9.679999 -17.750000 0.000000
vt 7.124999 -15.216506 0.000000
vt 7.064704 -15.241481 0.000000
vt 6.999999 -15.250000 0.000000
vt 6.935294 -15.241481 0.000000
vt 4.758518 12.935295 0.000000
vt 4.749999 13.000000 0.000000
vt -0.000001 12.750000 0.000000
vt 4.758518 13.064705 0.000000
vt -0.000001 13.850000 0.000000
vt 4.783493 13.125000 0.000000
vt 4.783493 14.875000 0.000000
vt 4.823223 13.176777 0.000000
vt 4.823223 14.823223 0.000000
vt 4.874999 13.216506 0.000000
vt 4.874999 14.783494 0.000000
vt 4.935294 13.241481 0.000000
vt 4.935294 14.758519 0.000000
vt 4.999999 13.250000 0.000000
vt 4.999999 14.750000 0.000000
vt 5.064704 13.241481 0.000000
vt 5.064704 14.758519 0.000000
vt 5.124999 13.216506 0.000000
vt 5.124999 14.783494 0.000000
vt 5.176776 13.176777 0.000000
vt 5.176776 14.823223 0.000000
vt 6.823223 13.176777 0.000000
vt 6.823223 14.823223 0.000000
vt 6.874999 13.216506 0.000000
vt 6.874999 14.783494 0.000000
vt 6.935294 13.241481 0.000000
vt 6.935294 14.758519 0.000000
vt 6.999999 13.250000 0.000000
vt 6.999999 14.750000 0.000000
vt 7.064704 13.241481 0.000000
vt 7.064704 14.758519 0.000000
vt 7.124999 13.216506 0.000000
vt 7.124999 14.783494 0.000000
vt 7.176776 13.176777 0.000000
vt 7.176776 14.823223 0.000000
vt 9.679999 13.850000 0.000000
vt 7.216506 14.875000 0.000000
vt 7.241481 14.935295 0.000000
vt 7.249999 15.000000 0.000000
vt 7.241481 15.064705 0.000000
vt 7.216506 15.125000 0.000000
vt 9.679999 17.750000 0.000000
vt 7.579999 17.430000 0.000000
vt 7.579999 17.750000 0.000000
vt 6.783493 13.125000 0.000000
vt 5.216506 13.125000 0.000000
vt 6.758518 13.064705 0.000000
vt 5.241481 13.064705 0.000000
vt 6.749999 13.000000 0.000000
vt 5.249999 13.000000 0.000000
vt 6.758518 12.935295 0.000000
vt 5.241481 12.935295 0.000000
vt 6.783493 12.875000 0.000000
vt 5.216506 12.875000 0.000000
vt 6.823223 12.823223 0.000000
vt 5.176776 12.823223 0.000000
vt 6.874999 12.783494 0.000000
vt 5.124999 12.783494 0.000000
vt 6.935294 12.758519 0.000000
vt 5.064704 12.758519 0.000000
vt 9.679999 9.850000 0.000000
vt 4.999999 12.750000 0.000000
vt -0.000001 8.875000 0.000000
vt 4.935294 12.758519 0.000000
vt 4.874999 12.783494 0.000000
vt 4.823223 12.823223 0.000000
vt -4.823224 12.823223 0.000000
vt -4.783494 12.875000 0.000000
vt -4.758519 12.935295 0.000000
vt -4.750001 13.000000 0.000000
vt -4.758519 13.064705 0.000000
vt -4.783494 13.125000 0.000000
vt -4.783494 14.875000 0.000000
vt -4.823224 14.823223 0.000000
vt 4.783493 12.875000 0.000000
vt 4.758518 14.935295 0.000000
vt 4.749999 15.000000 0.000000
vt -0.000001 14.750000 0.000000
vt 4.758518 15.064705 0.000000
vt 3.229999 17.430000 0.000000
vt 4.783493 15.125000 0.000000
vt 4.823223 15.176777 0.000000
vt 4.874999 15.216506 0.000000
vt 4.935294 15.241481 0.000000
vt 5.329999 17.430000 0.000000
vt 4.999999 15.250000 0.000000
vt 5.064704 15.241481 0.000000
vt 5.124999 15.216506 0.000000
vt 6.874999 15.216506 0.000000
vt 6.935294 15.241481 0.000000
vt 6.823223 15.176777 0.000000
vt 5.176776 15.176777 0.000000
vt 6.783493 15.125000 0.000000
vt 5.216506 15.125000 0.000000
vt 6.758518 15.064705 0.000000
vt 5.241481 15.064705 0.000000
vt 6.749999 15.000000 0.000000
vt 5.249999 15.000000 0.000000
vt 6.758518 14.935295 0.000000
vt 5.241481 14.935295 0.000000
vt 6.783493 14.875000 0.000000
vt 5.216506 14.875000 0.000000
vt -4.758519 14.935295 0.000000
vt -4.750001 15.000000 0.000000
vt -4.758519 15.064705 0.000000
vt -3.230001 17.430000 0.000000
vt -4.783494 15.125000 0.000000
vt -4.823224 15.176777 0.000000
vt -4.875001 15.216506 0.000000
vt -4.935296 15.241481 0.000000
vt -5.330001 17.430000 0.000000
vt -5.000001 15.250000 0.000000
vt -5.064706 15.241481 0.000000
vt -5.125001 15.216506 0.000000
vt -6.875001 15.216506 0.000000
vt -5.176777 15.176777 0.000000
vt -6.823224 15.176777 0.000000
vt -5.216507 15.125000 0.000000
vt -6.783494 15.125000 0.000000
vt -5.241482 15.064705 0.000000
vt -6.758519 15.064705 0.000000
vt -5.250001 15.000000 0.000000
vt -6.750001 15.000000 0.000000
vt -5.241482 14.935295 0.000000
vt -6.758519 14.935295 0.000000
vt -5.216507 14.875000 0.000000
vt -6.783494 14.875000 0.000000
vt -5.176777 14.823223 0.000000
vt -6.823224 14.823223 0.000000
vt -5.176777 13.176777 0.000000
vt -6.823224 13.176777 0.000000
vt -5.216507 13.125000 0.000000
vt -6.783494 13.125000 0.000000
vt -5.241482 13.064705 0.000000
vt -6.758519 13.064705 0.000000
vt -5.250001 13.000000 0.000000
vt -6.750001 13.000000 0.000000
vt -5.241482 12.935295 0.000000
vt -6.758519 12.935295 0.000000
vt -5.216507 12.875000 0.000000
vt -6.783494 12.875000 0.000000
vt -5.176777 12.823223 0.000000
vt -6.823224 12.823223 0.000000
vt -5.125001 12.783494 0.000000
vt -6.875001 12.783494 0.000000
vt -5.064706 12.758519 0.000000
vt -6.935296 12.758519 0.000000
vt -9.680001 9.850000 0.000000
vt -7.000001 12.750000 0.000000
vt -7.064706 12.758519 0.000000
vt -4.823224 13.176777 0.000000
vt -4.875001 14.783494 0.000000
vt -4.875001 13.216506 0.000000
vt -4.935296 14.758519 0.000000
vt -4.935296 13.241481 0.000000
vt -5.000001 14.750000 0.000000
vt -5.000001 13.250000 0.000000
vt -5.064706 14.758519 0.000000
vt -5.064706 13.241481 0.000000
vt -5.125001 14.783494 0.000000
vt -5.125001 13.216506 0.000000
vt -5.241482 -12.935295 0.000000
vt -6.758519 -12.935295 0.000000
vt -5.250001 -13.000000 0.000000
vt -6.750001 -13.000000 0.000000
vt -5.241482 -13.064705 0.000000
vt -6.758519 -13.064705 0.000000
vt -5.216507 -13.125000 0.000000
vt -6.783494 -13.125000 0.000000
vt -5.176777 -13.176777 0.000000
vt -6.823224 -13.176777 0.000000
vt -5.176777 -14.823223 0.000000
vt -6.823224 -14.823223 0.000000
vt -5.216507 -14.875000 0.000000
vt -6.783494 -14.875000 0.000000
vt -5.241482 -14.935295 0.000000
vt -6.758519 -14.935295 0.000000
vt -5.250001 -15.000000 0.000000
vt -6.750001 -15.000000 0.000000
vt -5.241482 -15.064705 0.000000
vt -6.758519 -15.064705 0.000000
vt -5.216507 -15.125000 0.000000
vt -6.783494 -15.125000 0.000000
vt -5.176777 -15.176777 0.000000
vt -6.823224 -15.176777 0.000000
vt -5.125001 -15.216506 0.000000
vt -6.875001 -15.216506 0.000000
vt -5.330001 -17.430000 0.000000
vt -6.935296 -15.241481 0.000000
vt -7.580001 -17.430000 0.000000
vt -7.000001 -15.250000 0.000000
vt -7.064706 -15.241481 0.000000
vt -6.783494 -12.875000 0.000000
vt -5.216507 -12.875000 0.000000
vt -6.823224 -12.823223 0.000000
vt -5.176777 -12.823223 0.000000
vt -6.875001 -12.783494 0.000000
vt -5.125001 -12.783494 0.000000
vt -6.935296 -12.758519 0.000000
vt -5.064706 -12.758519 0.000000
vt -9.680001 -9.850000 0.000000
vt -5.000001 -12.750000 0.000000
vt -0.000001 -8.875000 0.000000
vt -4.935296 -12.758519 0.000000
vt -0.000001 -9.850000 0.000000
vt -4.875001 -12.783494 0.000000
vt -4.823224 -12.823223 0.000000
vt -4.783494 -12.875000 0.000000
vt -0.000001 -13.250000 0.000000
vt 4.783493 -12.875000 0.000000
vt 4.758518 -12.935295 0.000000
vt 4.749999 -13.000000 0.000000
vt 4.758518 -13.064705 0.000000
vt 4.783493 -13.125000 0.000000
vt 4.783493 -14.875000 0.000000
vt 4.823223 -13.176777 0.000000
vt 4.823223 -14.823223 0.000000
vt 4.874999 -13.216506 0.000000
vt 4.874999 -14.783494 0.000000
vt 4.935294 -13.241481 0.000000
vt 4.935294 -14.758519 0.000000
vt 4.999999 -13.250000 0.000000
vt 4.999999 -14.750000 0.000000
vt 5.064704 -14.758519 0.000000
vt -4.758519 -12.935295 0.000000
vt -4.750001 -13.000000 0.000000
vt -4.758519 -13.064705 0.000000
vt -4.783494 -13.125000 0.000000
vt -4.783494 -14.875000 0.000000
vt -4.758519 -14.935295 0.000000
vt -4.823224 -13.176777 0.000000
vt -4.823224 -14.823223 0.000000
vt -4.875001 -13.216506 0.000000
vt -4.875001 -14.783494 0.000000
vt -4.935296 -13.241481 0.000000
vt -4.935296 -14.758519 0.000000
vt -5.000001 -13.250000 0.000000
vt -5.000001 -14.750000 0.000000
vt -5.064706 -14.758519 0.000000
vt -5.064706 -13.241481 0.000000
vt -5.125001 -14.783494 0.000000
vt -5.125001 -13.216506 0.000000
vt -7.241482 12.935295 0.000000
vt -7.250001 13.000000 0.000000
vt -9.680001 13.850000 0.000000
vt -7.241482 13.064705 0.000000
vt -7.216507 13.125000 0.000000
vt -7.176777 13.176777 0.000000
vt -7.176777 14.823223 0.000000
vt -7.216507 14.875000 0.000000
vt -7.125001 13.216506 0.000000
vt -7.125001 14.783494 0.000000
vt -7.064706 13.241481 0.000000
vt -7.064706 14.758519 0.000000
vt -7.000001 13.250000 0.000000
vt -7.000001 14.750000 0.000000
vt -6.935296 13.241481 0.000000
vt -6.935296 14.758519 0.000000
vt -6.875001 13.216506 0.000000
vt -6.875001 14.783494 0.000000
vt -7.125001 12.783494 0.000000
vt -7.176777 12.823223 0.000000
vt -7.216507 12.875000 0.000000
vt 4.823223 -12.823223 0.000000
vt 4.874999 -12.783494 0.000000
vt 4.935294 -12.758519 0.000000
vt 4.999999 -12.750000 0.000000
vt 5.124999 -13.216506 0.000000
vt 5.124999 -14.783494 0.000000
vt 5.064704 -13.241481 0.000000
vt 6.999999 15.250000 0.000000
vt 7.064704 15.241481 0.000000
vt 7.124999 15.216506 0.000000
vt 7.176776 15.176777 0.000000
vt -7.241482 14.935295 0.000000
vt -7.250001 15.000000 0.000000
vt -7.241482 15.064705 0.000000
vt -7.216507 15.125000 0.000000
vt -7.176777 15.176777 0.000000
vt -7.580001 17.430000 0.000000
vt -9.680001 17.750000 0.000000
vt -7.125001 15.216506 0.000000
vt -7.064706 15.241481 0.000000
vt -7.000001 15.250000 0.000000
vt -6.935296 15.241481 0.000000
vt -7.241482 -15.064705 0.000000
vt -7.250001 -15.000000 0.000000
vt -9.680001 -13.850000 0.000000
vt -7.241482 -14.935295 0.000000
vt -7.216507 -14.875000 0.000000
vt -7.176777 -14.823223 0.000000
vt -7.176777 -13.176777 0.000000
vt -7.216507 -13.125000 0.000000
vt -7.125001 -13.216506 0.000000
vt -7.125001 -14.783494 0.000000
vt -7.064706 -13.241481 0.000000
vt -7.064706 -14.758519 0.000000
vt -7.000001 -13.250000 0.000000
vt -7.000001 -14.750000 0.000000
vt -6.935296 -14.758519 0.000000
vt -6.935296 -13.241481 0.000000
vt -6.875001 -14.783494 0.000000
vt -6.875001 -13.216506 0.000000
vt -7.125001 -15.216506 0.000000
vt -7.176777 -15.176777 0.000000
vt -7.216507 -15.125000 0.000000
vt -9.680001 -17.750000 0.000000
vt -7.580001 -17.750000 0.000000
vt -4.875001 12.783494 0.000000
vt -4.935296 12.758519 0.000000
vt -5.000001 12.750000 0.000000
vt 7.216506 13.125000 0.000000
vt 7.241481 13.064705 0.000000
vt 7.249999 13.000000 0.000000
vt 7.241481 12.935295 0.000000
vt 7.216506 12.875000 0.000000
vt 7.176776 12.823223 0.000000
vt 7.124999 12.783494 0.000000
vt 7.064704 12.758519 0.000000
vt 6.999999 12.750000 0.000000
vt -7.241482 -13.064705 0.000000
vt -7.250001 -13.000000 0.000000
vt -7.241482 -12.935295 0.000000
vt -7.216507 -12.875000 0.000000
vt -7.176777 -12.823223 0.000000
vt -7.125001 -12.783494 0.000000
vt -7.064706 -12.758519 0.000000
vt -7.000001 -12.750000 0.000000
vt 4.758518 -15.064705 0.000000
vt 4.749999 -15.000000 0.000000
vt -0.000001 -15.250000 0.000000
vt 4.758518 -14.935295 0.000000
vt 4.935294 -15.241481 0.000000
vt 3.229999 -17.430000 0.000000
vt 5.329999 -17.750000 0.000000
vt 3.229999 -17.750000 0.000000
vt 4.874999 -15.216506 0.000000
vt 4.823223 -15.176777 0.000000
vt 4.783493 -15.125000 0.000000
vt 1.129999 -17.430000 0.000000
vt -1.130001 -17.430000 0.000000
vt 1.129999 -17.750000 0.000000
vt -1.130001 -17.750000 0.000000
vt 7.124999 -12.783494 0.000000
vt 7.176776 -12.823223 0.000000
vt 7.216506 -12.875000 0.000000
vt 7.241481 -12.935295 0.000000
vt 7.249999 -13.000000 0.000000
vt 7.241481 -13.064705 0.000000
vt 7.216506 -13.125000 0.000000
vt -4.750001 -15.000000 0.000000
vt -4.758519 -15.064705 0.000000
vt -3.230001 -17.430000 0.000000
vt -4.783494 -15.125000 0.000000
vt -4.823224 -15.176777 0.000000
vt -4.875001 -15.216506 0.000000
vt -4.935296 -15.241481 0.000000
vt -5.000001 -15.250000 0.000000
vt -5.064706 -15.241481 0.000000
vt 7.579999 -17.750000 0.000000
vt 10.000000 -13.850000 0.000000
vt 10.000000 -9.850000 0.000000
vt 9.679999 -5.950000 0.000000
vt -0.000001 -2.050000 0.000000
vt -9.680001 -5.950000 0.000000
vt -9.680001 -2.050000 0.000000
vt -10.000001 -2.050000 0.000000
vt 9.679999 -2.050000 0.000000
vt 9.999999 -5.950000 0.000000
vt 9.999999 -2.050000 0.000000
vt -0.000001 0.000000 0.000000
vt 9.679999 2.050000 0.000000
vt -0.000001 5.950000 0.000000
vt 9.679999 5.950000 0.000000
vt 9.999999 2.050000 0.000000
vt 9.999999 5.950000 0.000000
vt 9.999999 9.850000 0.000000
vt 9.999999 13.850000 0.000000
vt 5.329999 17.750000 0.000000
vt 3.229999 17.750000 0.000000
vt 1.129999 17.430000 0.000000
vt -0.000001 17.430000 0.000000
vt -1.130001 17.430000 0.000000
vt -1.130001 17.750000 0.000000
vt 1.129999 17.750000 0.000000
vt -3.230001 17.750000 0.000000
vt -5.330001 17.750000 0.000000
vt -7.580001 17.750000 0.000000
vt -10.000001 13.850000 0.000000
vt -10.000001 9.850000 0.000000
vt -9.680001 5.950000 0.000000
vt -9.680001 2.050000 0.000000
vt -10.000001 5.950000 0.000000
vt -10.000001 2.050000 0.000000
vt -10.000001 -5.950000 0.000000
vt -10.000001 -9.850000 0.000000
vt -10.000001 -13.850000 0.000000
vt -5.330001 -17.750000 0.000000
vt -3.230001 -17.750000 0.000000
vt -6.758518 -15.064705 0.000000
vt -5.241481 -15.064705 0.000000
vt -6.749999 -15.000000 0.000000
vt -5.249999 -15.000000 0.000000
vt -6.758518 -14.935295 0.000000
vt -5.241481 -14.935295 0.000000
vt -6.783493 -14.875000 0.000000
vt -5.216506 -14.875000 0.000000
vt -6.823223 -14.823223 0.000000
vt -5.176776 -14.823223 0.000000
vt -6.823223 -13.176777 0.000000
vt -5.176776 -13.176777 0.000000
vt -6.783493 -13.125000 0.000000
vt -5.216506 -13.125000 0.000000
vt -6.758518 -13.064705 0.000000
vt -5.241481 -13.064705 0.000000
vt -6.749999 -13.000000 0.000000
vt -5.249999 -13.000000 0.000000
vt -6.758518 -12.935295 0.000000
vt -5.241481 -12.935295 0.000000
vt -6.783493 -12.875000 0.000000
vt -5.216506 -12.875000 0.000000
vt -6.823223 -12.823223 0.000000
vt -5.176776 -12.823223 0.000000
vt -6.874999 -12.783494 0.000000
vt -5.124999 -12.783494 0.000000
vt -6.935294 -12.758519 0.000000
vt -5.064704 -12.758519 0.000000
vt -9.679999 -9.850000 0.000000
vt -4.999999 -12.750000 0.000000
vt 0.000001 -8.875000 0.000000
vt -4.935294 -12.758519 0.000000
vt -4.874999 -12.783494 0.000000
vt -5.216506 -15.125000 0.000000
vt -6.783493 -15.125000 0.000000
vt -5.176776 -15.176777 0.000000
vt -6.823223 -15.176777 0.000000
vt -5.124999 -15.216506 0.000000
vt -6.874999 -15.216506 0.000000
vt -5.329999 -17.430000 0.000000
vt -6.935294 -15.241481 0.000000
vt -7.579999 -17.430000 0.000000
vt -6.999999 -15.250000 0.000000
vt -7.064704 -15.241481 0.000000
vt -7.124999 -15.216506 0.000000
vt -7.176776 -15.176777 0.000000
vt -7.216506 -15.125000 0.000000
vt -7.241481 -15.064705 0.000000
vt -9.679999 -13.850000 0.000000
vt -9.679999 -17.750000 0.000000
vt -7.579999 -17.750000 0.000000
vt -7.249999 -15.000000 0.000000
vt -7.241481 -14.935295 0.000000
vt -7.216506 -14.875000 0.000000
vt -7.176776 -14.823223 0.000000
vt -7.176776 -13.176777 0.000000
vt -7.216506 -13.125000 0.000000
vt -7.124999 -13.216506 0.000000
vt -7.124999 -14.783494 0.000000
vt -7.064704 -13.241481 0.000000
vt -7.064704 -14.758519 0.000000
vt -6.999999 -13.250000 0.000000
vt -6.999999 -14.750000 0.000000
vt -6.935294 -14.758519 0.000000
vt -6.935294 -13.241481 0.000000
vt -6.874999 -14.783494 0.000000
vt -6.874999 -13.216506 0.000000
vt -4.758518 13.064705 0.000000
vt -4.749999 13.000000 0.000000
vt 0.000001 12.750000 0.000000
vt -4.758518 12.935295 0.000000
vt -4.783493 12.875000 0.000000
vt -4.823223 12.823223 0.000000
vt 0.000001 8.875000 0.000000
vt 4.823224 12.823223 0.000000
vt 4.875001 12.783494 0.000000
vt 4.935296 12.758519 0.000000
vt 5.000001 12.750000 0.000000
vt 9.680001 9.850000 0.000000
vt 5.064706 12.758519 0.000000
vt 6.935296 12.758519 0.000000
vt 5.125001 12.783494 0.000000
vt 6.875001 12.783494 0.000000
vt 5.176777 12.823223 0.000000
vt 6.823224 12.823223 0.000000
vt 5.216507 12.875000 0.000000
vt 6.783494 12.875000 0.000000
vt 5.241482 12.935295 0.000000
vt 6.758519 12.935295 0.000000
vt 5.250001 13.000000 0.000000
vt 6.750001 13.000000 0.000000
vt 5.241482 13.064705 0.000000
vt 6.758519 13.064705 0.000000
vt 5.216507 13.125000 0.000000
vt 6.783494 13.125000 0.000000
vt 5.176777 13.176777 0.000000
vt 6.823224 13.176777 0.000000
vt 5.176777 14.823223 0.000000
vt 6.823224 14.823223 0.000000
vt 5.216507 14.875000 0.000000
vt 6.783494 14.875000 0.000000
vt 5.241482 14.935295 0.000000
vt 6.758519 14.935295 0.000000
vt 5.250001 15.000000 0.000000
vt 6.750001 15.000000 0.000000
vt 5.241482 15.064705 0.000000
vt 6.758519 15.064705 0.000000
vt 5.216507 15.125000 0.000000
vt 6.783494 15.125000 0.000000
vt 5.176777 15.176777 0.000000
vt 6.823224 15.176777 0.000000
vt 5.125001 15.216506 0.000000
vt 6.875001 15.216506 0.000000
vt 5.330001 17.430000 0.000000
vt 6.935296 15.241481 0.000000
vt 7.580001 17.430000 0.000000
vt 7.000001 15.250000 0.000000
vt 7.064706 15.241481 0.000000
vt -4.874999 12.783494 0.000000
vt -4.935294 12.758519 0.000000
vt -4.999999 12.750000 0.000000
vt -9.679999 9.850000 0.000000
vt -5.064704 12.758519 0.000000
vt -6.935294 12.758519 0.000000
vt -6.874999 12.783494 0.000000
vt -5.124999 12.783494 0.000000
vt -6.823223 12.823223 0.000000
vt -5.176776 12.823223 0.000000
vt -6.783493 12.875000 0.000000
vt -5.216506 12.875000 0.000000
vt -6.758518 12.935295 0.000000
vt -5.241481 12.935295 0.000000
vt -6.749999 13.000000 0.000000
vt -5.249999 13.000000 0.000000
vt -6.758518 13.064705 0.000000
vt -5.241481 13.064705 0.000000
vt -6.783493 13.125000 0.000000
vt -5.216506 13.125000 0.000000
vt -6.823223 13.176777 0.000000
vt -5.176776 13.176777 0.000000
vt -6.823223 14.823223 0.000000
vt -5.176776 14.823223 0.000000
vt -6.783493 14.875000 0.000000
vt -5.216506 14.875000 0.000000
vt -6.758518 14.935295 0.000000
vt -5.241481 14.935295 0.000000
vt -6.749999 15.000000 0.000000
vt -5.249999 15.000000 0.000000
vt -6.758518 15.064705 0.000000
vt -5.241481 15.064705 0.000000
vt -6.783493 15.125000 0.000000
vt -5.216506 15.125000 0.000000
vt -6.823223 15.176777 0.000000
vt -5.176776 15.176777 0.000000
vt -6.874999 15.216506 0.000000
vt -5.124999 15.216506 0.000000
vt -5.329999 17.430000 0.000000
vt -5.064704 15.241481 0.000000
vt -4.999999 15.250000 0.000000
vt -5.124999 13.216506 0.000000
vt -5.124999 14.783494 0.000000
vt -5.064704 13.241481 0.000000
vt -5.064704 14.758519 0.000000
vt -4.999999 13.250000 0.000000
vt -4.999999 14.750000 0.000000
vt -4.935294 13.241481 0.000000
vt -4.935294 14.758519 0.000000
vt -4.874999 13.216506 0.000000
vt -4.874999 14.783494 0.000000
vt -4.823223 13.176777 0.000000
vt -4.823223 14.823223 0.000000
vt -4.783493 13.125000 0.000000
vt -4.783493 14.875000 0.000000
vt 0.000001 13.850000 0.000000
vt -4.758518 14.935295 0.000000
vt 0.000001 14.750000 0.000000
vt -4.749999 15.000000 0.000000
vt -4.758518 15.064705 0.000000
vt -3.229999 17.430000 0.000000
vt -4.783493 15.125000 0.000000
vt -4.823223 15.176777 0.000000
vt -4.874999 15.216506 0.000000
vt -4.935294 15.241481 0.000000
vt 4.758519 13.064705 0.000000
vt 4.750001 13.000000 0.000000
vt 4.758519 12.935295 0.000000
vt 4.783494 12.875000 0.000000
vt 5.125001 14.783494 0.000000
vt 5.125001 13.216506 0.000000
vt 5.064706 14.758519 0.000000
vt 5.064706 13.241481 0.000000
vt 5.000001 14.750000 0.000000
vt 5.000001 13.250000 0.000000
vt 4.935296 14.758519 0.000000
vt 4.935296 13.241481 0.000000
vt 4.875001 14.783494 0.000000
vt 4.875001 13.216506 0.000000
vt 4.823224 14.823223 0.000000
vt 4.823224 13.176777 0.000000
vt 4.783494 14.875000 0.000000
vt 4.783494 13.125000 0.000000
vt 4.758519 14.935295 0.000000
vt 4.750001 15.000000 0.000000
vt 4.758519 15.064705 0.000000
vt 3.230001 17.430000 0.000000
vt 4.783494 15.125000 0.000000
vt 4.823224 15.176777 0.000000
vt 4.875001 15.216506 0.000000
vt 4.935296 15.241481 0.000000
vt 5.000001 15.250000 0.000000
vt 5.064706 15.241481 0.000000
vt 5.241482 -13.064705 0.000000
vt 6.758519 -13.064705 0.000000
vt 5.250001 -13.000000 0.000000
vt 6.750001 -13.000000 0.000000
vt 5.241482 -12.935295 0.000000
vt 6.758519 -12.935295 0.000000
vt 5.216507 -12.875000 0.000000
vt 6.783494 -12.875000 0.000000
vt 5.176777 -12.823223 0.000000
vt 6.823224 -12.823223 0.000000
vt 5.125001 -12.783494 0.000000
vt 6.875001 -12.783494 0.000000
vt 5.064706 -12.758519 0.000000
vt 6.935296 -12.758519 0.000000
vt 9.680001 -9.850000 0.000000
vt 7.000001 -12.750000 0.000000
vt 7.064706 -12.758519 0.000000
vt 6.783494 -13.125000 0.000000
vt 5.216507 -13.125000 0.000000
vt 6.823224 -13.176777 0.000000
vt 5.176777 -13.176777 0.000000
vt 6.823224 -14.823223 0.000000
vt 5.176777 -14.823223 0.000000
vt 6.783494 -14.875000 0.000000
vt 5.216507 -14.875000 0.000000
vt 6.758519 -14.935295 0.000000
vt 5.241482 -14.935295 0.000000
vt 6.750001 -15.000000 0.000000
vt 5.250001 -15.000000 0.000000
vt 6.758519 -15.064705 0.000000
vt 5.241482 -15.064705 0.000000
vt 6.783494 -15.125000 0.000000
vt 5.216507 -15.125000 0.000000
vt 6.823224 -15.176777 0.000000
vt 5.176777 -15.176777 0.000000
vt 6.875001 -15.216506 0.000000
vt 5.125001 -15.216506 0.000000
vt 5.330001 -17.430000 0.000000
vt 5.064706 -15.241481 0.000000
vt 5.000001 -15.250000 0.000000
vt 5.125001 -13.216506 0.000000
vt 5.125001 -14.783494 0.000000
vt 5.064706 -13.241481 0.000000
vt 5.064706 -14.758519 0.000000
vt 5.000001 -13.250000 0.000000
vt 5.000001 -14.750000 0.000000
vt 4.935296 -14.758519 0.000000
vt 4.935296 -13.241481 0.000000
vt 4.875001 -14.783494 0.000000
vt 4.875001 -13.216506 0.000000
vt 4.823224 -14.823223 0.000000
vt 4.823224 -13.176777 0.000000
vt 4.783494 -14.875000 0.000000
vt 4.783494 -13.125000 0.000000
vt 0.000001 -13.250000 0.000000
vt 4.758519 -13.064705 0.000000
vt 4.750001 -13.000000 0.000000
vt 4.758519 -12.935295 0.000000
vt 4.783494 -12.875000 0.000000
vt 4.823224 -12.823223 0.000000
vt 4.875001 -12.783494 0.000000
vt 4.935296 -12.758519 0.000000
vt 5.000001 -12.750000 0.000000
vt 9.680001 -5.950000 0.000000
vt 7.241482 13.064705 0.000000
vt 7.250001 13.000000 0.000000
vt 9.680001 13.850000 0.000000
vt 7.241482 12.935295 0.000000
vt 7.216507 12.875000 0.000000
vt 7.176777 12.823223 0.000000
vt 7.125001 12.783494 0.000000
vt 7.064706 12.758519 0.000000
vt 7.000001 12.750000 0.000000
vt 6.875001 13.216506 0.000000
vt 6.875001 14.783494 0.000000
vt 6.935296 13.241481 0.000000
vt 6.935296 14.758519 0.000000
vt 7.000001 13.250000 0.000000
vt 7.000001 14.750000 0.000000
vt 7.064706 13.241481 0.000000
vt 7.064706 14.758519 0.000000
vt 7.125001 13.216506 0.000000
vt 7.125001 14.783494 0.000000
vt 7.176777 13.176777 0.000000
vt 7.176777 14.823223 0.000000
vt 7.216507 14.875000 0.000000
vt 7.241482 14.935295 0.000000
vt 7.250001 15.000000 0.000000
vt 7.241482 15.064705 0.000000
vt 7.216507 15.125000 0.000000
vt 9.680001 17.750000 0.000000
vt 7.580001 17.750000 0.000000
vt 7.216507 13.125000 0.000000
vt -4.758518 -12.935295 0.000000
vt -4.749999 -13.000000 0.000000
vt -4.758518 -13.064705 0.000000
vt -4.783493 -13.125000 0.000000
vt -4.783493 -14.875000 0.000000
vt -4.823223 -13.176777 0.000000
vt -4.823223 -14.823223 0.000000
vt -4.874999 -13.216506 0.000000
vt -4.874999 -14.783494 0.000000
vt -4.935294 -13.241481 0.000000
vt -4.935294 -14.758519 0.000000
vt -4.999999 -13.250000 0.000000
vt -4.999999 -14.750000 0.000000
vt -5.064704 -14.758519 0.000000
vt -5.064704 -13.241481 0.000000
vt -5.124999 -14.783494 0.000000
vt -5.124999 -13.216506 0.000000
vt -4.823223 -12.823223 0.000000
vt -4.783493 -12.875000 0.000000
vt -6.874999 14.783494 0.000000
vt -6.874999 13.216506 0.000000
vt -6.935294 14.758519 0.000000
vt -6.935294 13.241481 0.000000
vt -6.999999 14.750000 0.000000
vt -6.999999 13.250000 0.000000
vt -7.064704 14.758519 0.000000
vt -7.064704 13.241481 0.000000
vt -7.124999 14.783494 0.000000
vt -7.124999 13.216506 0.000000
vt -7.176776 14.823223 0.000000
vt -7.176776 13.176777 0.000000
vt -9.679999 13.850000 0.000000
vt -7.216506 13.125000 0.000000
vt -7.241481 13.064705 0.000000
vt -7.249999 13.000000 0.000000
vt -7.241481 12.935295 0.000000
vt -7.216506 12.875000 0.000000
vt -7.176776 12.823223 0.000000
vt -7.124999 12.783494 0.000000
vt -7.064704 12.758519 0.000000
vt -6.999999 12.750000 0.000000
vt -7.216506 14.875000 0.000000
vt -7.241481 14.935295 0.000000
vt -7.249999 15.000000 0.000000
vt -7.241481 15.064705 0.000000
vt -7.216506 15.125000 0.000000
vt -9.679999 17.750000 0.000000
vt -7.579999 17.430000 0.000000
vt -7.579999 17.750000 0.000000
vt -7.176776 15.176777 0.000000
vt -7.124999 15.216506 0.000000
vt -7.064704 15.241481 0.000000
vt -6.999999 15.250000 0.000000
vt -6.935294 15.241481 0.000000
vt 7.125001 15.216506 0.000000
vt 7.176777 15.176777 0.000000
vt 7.241482 -14.935295 0.000000
vt 7.250001 -15.000000 0.000000
vt 9.680001 -13.850000 0.000000
vt 7.241482 -15.064705 0.000000
vt 7.216507 -15.125000 0.000000
vt 7.176777 -15.176777 0.000000
vt 7.580001 -17.430000 0.000000
vt 9.680001 -17.750000 0.000000
vt 7.125001 -15.216506 0.000000
vt 7.064706 -15.241481 0.000000
vt 7.000001 -15.250000 0.000000
vt 6.935296 -15.241481 0.000000
vt 6.875001 -14.783494 0.000000
vt 6.875001 -13.216506 0.000000
vt 6.935296 -13.241481 0.000000
vt 6.935296 -14.758519 0.000000
vt 7.000001 -13.250000 0.000000
vt 7.000001 -14.750000 0.000000
vt 7.064706 -14.758519 0.000000
vt 7.064706 -13.241481 0.000000
vt 7.125001 -14.783494 0.000000
vt 7.125001 -13.216506 0.000000
vt 7.176777 -14.823223 0.000000
vt 7.176777 -13.176777 0.000000
vt 7.216507 -13.125000 0.000000
vt 7.241482 -13.064705 0.000000
vt 7.250001 -13.000000 0.000000
vt 7.241482 -12.935295 0.000000
vt 7.216507 -12.875000 0.000000
vt 7.176777 -12.823223 0.000000
vt 7.125001 -12.783494 0.000000
vt 7.216507 -14.875000 0.000000
vt -4.758518 -14.935295 0.000000
vt -4.749999 -15.000000 0.000000
vt 0.000001 -15.250000 0.000000
vt -4.758518 -15.064705 0.000000
vt -3.229999 -17.430000 0.000000
vt -4.783493 -15.125000 0.000000
vt -4.823223 -15.176777 0.000000
vt -4.874999 -15.216506 0.000000
vt -4.935294 -15.241481 0.000000
vt -4.999999 -15.250000 0.000000
vt -5.064704 -15.241481 0.000000
vt 4.758519 -14.935295 0.000000
vt 4.750001 -15.000000 0.000000
vt 4.758519 -15.064705 0.000000
vt 3.230001 -17.430000 0.000000
vt 4.783494 -15.125000 0.000000
vt 4.823224 -15.176777 0.000000
vt 4.875001 -15.216506 0.000000
vt 4.935296 -15.241481 0.000000
vt -7.241481 -13.064705 0.000000
vt -7.249999 -13.000000 0.000000
vt -7.241481 -12.935295 0.000000
vt -7.216506 -12.875000 0.000000
vt -10.000000 -13.850000 0.000000
vt -10.000000 -9.850000 0.000000
vt -7.176776 -12.823223 0.000000
vt -7.124999 -12.783494 0.000000
vt -7.064704 -12.758519 0.000000
vt -6.999999 -12.750000 0.000000
vt -1.129999 -17.750000 0.000000
vt 1.130001 -17.750000 0.000000
vt -1.129999 -17.430000 0.000000
vt 1.130001 -17.430000 0.000000
vt 3.230001 -17.750000 0.000000
vt 5.330001 -17.750000 0.000000
vt 7.580001 -17.750000 0.000000
vt 10.000001 -13.850000 0.000000
vt 10.000001 -9.850000 0.000000
vt 10.000001 -5.950000 0.000000
vt 9.680001 -2.050000 0.000000
vt 0.000001 -2.050000 0.000000
vt -9.679999 -5.950000 0.000000
vt 10.000001 -2.050000 0.000000
vt 0.000001 0.000000 0.000000
vt 9.680001 2.050000 0.000000
vt 0.000001 5.950000 0.000000
vt 9.680001 5.950000 0.000000
vt 10.000001 2.050000 0.000000
vt 10.000001 5.950000 0.000000
vt 10.000001 9.850000 0.000000
vt 10.000001 13.850000 0.000000
vt 5.330001 17.750000 0.000000
vt 3.230001 17.750000 0.000000
vt 1.130001 17.430000 0.000000
vt 0.000001 17.430000 0.000000
vt -1.129999 17.430000 0.000000
vt -1.129999 17.750000 0.000000
vt 1.130001 17.750000 0.000000
vt -3.229999 17.750000 0.000000
vt -5.329999 17.750000 0.000000
vt -9.999999 13.850000 0.000000
vt -9.999999 9.850000 0.000000
vt -9.679999 5.950000 0.000000
vt -9.679999 2.050000 0.000000
vt -9.999999 5.950000 0.000000
vt -9.999999 2.050000 0.000000
vt -9.679999 -2.050000 0.000000
vt -9.999999 -2.050000 0.000000
vt -9.999999 -5.950000 0.000000
vt -5.329999 -17.750000 0.000000
vt -3.229999 -17.750000 0.000000
vn 0.965926 0.258819 -0.000000
vn 0.965926 0.258819 -0.000000
vn 1.000000 0.000000 -0.000000
vn 1.000000 0.000000 -0.000000
vn 0.965926 -0.258819 0.000000
vn 0.965926 -0.258819 0.000000
vn 0.866025 -0.500000 0.000000
vn 0.866025 -0.500000 0.000000
vn 0.707107 -0.707107 0.000000
vn 0.707107 -0.707107 0.000000
vn 0.500000 -0.866025 0.000000
vn 0.500000 -0.866025 0.000000
vn 0.258819 -0.965926 0.000000
vn 0.258819 -0.965926 0.000000
vn -0.000000 -1.000000 0.000000
vn -0.000000 -1.000000 0.000000
vn -0.258819 -0.965926 0.000000
vn -0.258819 -0.965926 0.000000
vn -0.500000 -0.866025 0.000000
vn -0.500000 -0.866025 0.000000
vn -0.707107 -0.707107 0.000000
vn -0.707107 -0.707107 0.000000
vn -0.866025 -0.500000 0.000000
vn -0.866025 -0.500000 0.000000
vn -0.965926 -0.258819 0.000000
vn -0.965926 -0.258819 0.000000
vn -1.000000 0.000000 0.000000
vn -1.000000 0.000000 0.000000
vn -0.965926 0.258819 0.000000
vn -0.965926 0.258819 0.000000
vn -0.866025 0.500000 0.000000
vn -0.866025 0.500000 0.000000
vn -0.707107 0.707107 0.000000
vn -0.707107 0.707107 0.000000
vn -0.500000 0.866025 0.000000
vn -0.500000 0.866025 0.000000
vn -0.258819 0.965926 0.000000
vn -0.258819 0.965926 0.000000
vn -0.000000 1.000000 0.000000
vn -0.000000 1.000000 0.000000
vn 0.258819 0.965926 -0.000000
vn 0.258819 0.965926 -0.000000
vn 0.500000 0.866025 -0.000000
vn 0.500000 0.866025 -0.000000
vn 0.707107 0.707107 -0.000000
vn 0.707107 0.707107 -0.000000
vn 0.866025 0.500000 -0.000000
vn 0.866025 0.500000 -0.000000
vn 0.965926 0.258819 -0.000000
vn 0.965926 0.258819 -0.000000
vn 1.000000 0.000000 -0.000000
vn 1.000000 0.000000 -0.000000
vn 0.965926 -0.258819 0.000000
vn 0.965926 -0.258819 0.000000
vn 0.866025 -0.500000 0.000000
vn 0.866025 -0.500000 0.000000
vn 0.707107 -0.707107 0.000000
vn 0.707107 -0.707107 0.000000
vn 0.500000 -0.866025 0.000000
vn 0.500000 -0.866025 0.000000
vn 0.258819 -0.965926 0.000000
vn 0.258819 -0.965926 0.000000
vn -0.000000 -1.000000 0.000000
vn -0.000000 -1.000000 0.000000
vn -0.258819 -0.965926 0.000000
vn -0.258819 -0.965926 0.000000
vn -0.500000 -0.866025 0.000000
vn -0.500000 -0.866025 0.000000
vn -0.707107 -0.707107 0.000000
vn -0.707107 -0.707107 0.000000
vn -0.866025 -0.500000 0.000000
vn -0.866025 -0.500000 0.000000
vn -0.965926 -0.258819 0.000000
vn -0.965926 -0.258819 0.000000
vn -1.000000 0.000000 0.000000
vn -1.000000 0.000000 0.000000
vn -0.965926 0.258819 0.000000
vn -0.965926 0.258819 0.000000
vn -0.866025 0.500000 0.000000
vn -0.866025 0.500000 0.000000
vn -0.707107 0.707107 0.000000
vn -0.707107 0.707107 0.000000
vn -0.500000 0.866025 0.000000
vn -0.500000 0.866025 0.000000
vn -0.258819 0.965926 0.000000
vn -0.258819 0.965926 0.000000
vn -0.000000 1.000000 0.000000
vn -0.000000 1.000000 0.000000
vn 0.258819 0.965926 -0.000000
vn 0.258819 0.965926 -0.000000
vn 0.500000 0.866025 -0.000000
vn 0.500000 0.866025 -0.000000
vn 0.707107 0.707107 -0.000000
vn 0.707107 0.707107 -0.000000
vn 0.866025 0.500000 -0.000000
vn 0.866025 0.500000 -0.000000
vn 0.965926 0.258819 -0.000000
vn 0.965926 0.258819 -0.000000
vn 1.000000 0.000000 -0.000000
vn 1.000000 0.000000 -0.000000
vn 0.965926 -0.258819 0.000000
vn 0.965926 -0.258819 0.000000
vn 0.866025 -0.500000 0.000000
vn 0.866025 -0.500000 0.000000
vn 0.707107 -0.707107 0.000000
vn 0.707107 -0.707107 0.000000
vn 0.500000 -0.866025 0.000000
vn 0.500000 -0.866025 0.000000
vn 0.258819 -0.965926 0.000000
vn 0.258819 -0.965926 0.000000
vn -0.000000 -1.000000 0.000000
vn -0.000000 -1.000000 0.000000
vn -0.258819 -0.965926 0.000000
vn -0.258819 -0.965926 0.000000
vn -0.500000 -0.866025 0.000000
vn -0.500000 -0.866025 0.000000
vn -0.707107 -0.707107 0.000000
vn -0.707107 -0.707107 0.000000
vn -0.866025 -0.500000 0.000000
vn -0.866025 -0.500000 0.000000
vn -0.965926 -0.258819 0.000000
vn -0.965926 -0.258819 0.000000
vn -1.000000 0.000000 0.000000
vn -1.000000 0.000000 0.000000
vn -0.965926 0.258819 0.000000
vn -0.965926 0.258819 0.000000
vn -0.866025 0.500000 0.000000
vn -0.866025 0.500000 0.000000
vn -0.707107 0.707107 0.000000
vn -0.707107 0.707107 0.000000
vn -0.500000 0.866025 0.000000
vn -0.500000 0.866025 0.000000
vn -0.258819 0.965926 0.000000
vn -0.258819 0.965926 0.000000
vn -0.000000 1.000000 0.000000
vn -0.000000 1.000000 0.000000
vn 0.258819 0.965926 -0.000000
vn 0.258819 0.965926 -0.000000
vn 0.500000 0.866025 -0.000000
vn 0.500000 0.866025 -0.000000
vn 0.707107 0.707107 -0.000000
vn 0.707107 0.707107 -0.000000
vn 0.866025 0.500000 -0.000000
vn 0.866025 0.500000 -0.000000
vn 0.965926 0.258819 -0.000000
vn 0.965926 0.258819 -0.000000
vn 1.000000 0.000000 -0.000000
vn 1.000000 0.000000 -0.000000
vn 0.965926 -0.258819 0.000000
vn 0.965926 -0.258819 0.000000
vn 0.866025 -0.500000 0.000000
vn 0.866025 -0.500000 0.000000
vn 0.707107 -0.707107 0.000000
vn 0.707107 -0.707107 0.000000
vn 0.500000 -0.866025 0.000000
vn 0.500000 -0.866025 0.000000
vn 0.258819 -0.965926 0.000000
vn 0.258819 -0.965926 0.000000
vn -0.000000 -1.000000 0.000000
vn -0.000000 -1.000000 0.000000
vn -0.258819 -0.965926 0.000000
vn -0.258819 -0.965926 0.000000
vn -0.500000 -0.866025 0.000000
vn -0.500000 -0.866025 0.000000
vn -0.707107 -0.707107 0.000000
vn -0.707107 -0.707107 0.000000
vn -0.866025 -0.500000 0.000000
vn -0.866025 -0.500000 0.000000
vn -0.965926 -0.258819 0.000000
vn -0.965926 -0.258819 0.000000
vn -1.000000 0.000000 0.000000
vn -1.000000 0.000000 0.000000
vn -0.965926 0.258819 0.000000
vn -0.965926 0.258819 0.000000
vn -0.866025 0.500000 0.000000
vn -0.866025 0.500000 0.000000
vn -0.707107 0.707107 0.000000
vn -0.707107 0.707107 0.000000
vn -0.500000 0.866025 0.000000
vn -0.500000 0.866025 0.000000
vn -0.258819 0.965926 0.000000
vn -0.258819 0.965926 0.000000
vn -0.000000 1.000000 0.000000
vn -0.000000 1.000000 0.000000
vn 0.258819 0.965926 -0.000000
vn 0.258819 0.965926 -0.000000
vn 0.500000 0.866025 -0.000000
vn 0.500000 0.866025 -0.000000
vn 0.707107 0.707107 -0.000000
vn 0.707107 0.707107 -0.000000
vn 0.866025 0.500000 -0.000000
vn 0.866025 0.500000 -0.000000
vn 0.965926 0.258819 -0.000000
vn 0.965926 0.258819 -0.000000
vn 1.000000 0.000000 -0.000000
vn 1.000000 0.000000 -0.000000
vn 0.965926 -0.258819 0.000000
vn 0.965926 -0.258819 0.000000
vn 0.866025 -0.500000 0.000000
vn 0.866025 -0.500000 0.000000
vn 0.707107 -0.707107 0.000000
vn 0.707107 -0.707107 0.000000
vn 0.500000 -0.866025 0.000000
vn 0.500000 -0.866025 0.000000
vn 0.258819 -0.965926 0.000000
vn 0.258819 -0.965926 0.000000
vn -0.000000 -1.000000 0.000000
vn -0.000000 -1.000000 0.000000
vn -0.258819 -0.965926 0.000000
vn -0.258819 -0.965926 0.000000
vn -0.500000 -0.866025 0.000000
vn -0.500000 -0.866025 0.000000
vn -0.707107 -0.707107 0.000000
vn -0.707107 -0.707107 0.000000
vn -0.866025 -0.500000 0.000000
vn -0.866025 -0.500000 0.000000
vn -0.965926 -0.258819 0.000000
vn -0.965926 -0.258819 0.000000
vn -1.000000 0.000000 0.000000
vn -1.000000 0.000000 0.000000
vn -0.965926 0.258819 0.000000
vn -0.965926 0.258819 0.000000
vn -0.866025 0.500000 0.000000
vn -0.866025 0.500000 0.000000
vn -0.707107 0.707107 0.000000
vn -0.707107 0.707107 0.000000
vn -0.500000 0.866025 0.000000
vn -0.500000 0.866025 0.000000
vn -0.258819 0.965926 0.000000
vn -0.258819 0.965926 0.000000
vn -0.000000 1.000000 0.000000
vn -0.000000 1.000000 0.000000
vn 0.258819 0.965926 -0.000000
vn 0.258819 0.965926 -0.000000
vn 0.500000 0.866025 -0.000000
vn 0.500000 0.866025 -0.000000
vn 0.707107 0.707107 -0.000000
vn 0.707107 0.707107 -0.000000
vn 0.866025 0.500000 -0.000000
vn 0.866025 0.500000 -0.000000
vn 0.965926 0.258819 -0.000000
vn 0.965926 0.258819 -0.000000
vn 1.000000 0.000000 -0.000000
vn 1.000000 0.000000 -0.000000
vn 0.965926 -0.258819 0.000000
vn 0.965926 -0.258819 0.000000
vn 0.866025 -0.500000 0.000000
vn 0.866025 -0.500000 0.000000
vn 0.707107 -0.707107 0.000000
vn 0.707107 -0.707107 0.000000
vn 0.500000 -0.866025 0.000000
vn 0.500000 -0.866025 0.000000
vn 0.258819 -0.965926 0.000000
vn 0.258819 -0.965926 0.000000
vn -0.000000 -1.000000 0.000000
vn -0.000000 -1.000000 0.000000
vn -0.258819 -0.965926 0.000000
vn -0.258819 -0.965926 0.000000
vn -0.500000 -0.866025 0.000000
vn -0.500000 -0.866025 0.000000
vn -0.707107 -0.707107 0.000000
vn -0.707107 -0.707107 0.000000
vn -0.866025 -0.500000 0.000000
vn -0.866025 -0.500000 0.000000
vn -0.965926 -0.258819 0.000000
vn -0.965926 -0.258819 0.000000
vn -1.000000 0.000000 0.000000
vn -1.000000 0.000000 0.000000
vn -0.965926 0.258819 0.000000
vn -0.965926 0.258819 0.000000
vn -0.866025 0.500000 0.000000
vn -0.866025 0.500000 0.000000
vn -0.707107 0.707107 0.000000
vn -0.707107 0.707107 0.000000
vn -0.500000 0.866025 0.000000
vn -0.500000 0.866025 0.000000
vn -0.258819 0.965926 0.000000
vn -0.258819 0.965926 0.000000
vn -0.000000 1.000000 0.000000
vn -0.000000 1.000000 0.000000
vn 0.258819 0.965926 -0.000000
vn 0.258819 0.965926 -0.000000
vn 0.500000 0.866025 -0.000000
vn 0.500000 0.866025 -0.000000
vn 0.707107 0.707107 -0.000000
vn 0.707107 0.707107 -0.000000
vn 0.866025 0.500000 -0.000000
vn 0.866025 0.500000 -0.000000
vn 0.965926 0.258819 -0.000000
vn 0.965926 0.258819 -0.000000
vn 1.000000 0.000000 -0.000000
vn 1.000000 0.000000 -0.000000
vn 0.965926 -0.258819 0.000000
vn 0.965926 -0.258819 0.000000
vn 0.866025 -0.500000 0.000000
vn 0.866025 -0.500000 0.000000
vn 0.707107 -0.707107 0.000000
vn 0.707107 -0.707107 0.000000
vn 0.500000 -0.866025 0.000000
vn 0.500000 -0.866025 0.000000
vn 0.258819 -0.965926 0.000000
vn 0.258819 -0.965926 0.000000
vn -0.000000 -1.000000 0.000000
vn -0.000000 -1.000000 0.000000
vn -0.258819 -0.965926 0.000000
vn -0.258819 -0.965926 0.000000
vn -0.500000 -0.866025 0.000000
vn -0.500000 -0.866025 0.000000
vn -0.707107 -0.707107 0.000000
vn -0.707107 -0.707107 0.000000
vn -0.866025 -0.500000 0.000000
vn -0.866025 -0.500000 0.000000
vn -0.965926 -0.258819 0.000000
vn -0.965926 -0.258819 0.000000
vn -1.000000 0.000000 0.000000
vn -1.000000 0.000000 0.000000
vn -0.965926 0.258819 0.000000
vn -0.965926 0.258819 0.000000
vn -0.866025 0.500000 0.000000
vn -0.866025 0.500000 0.000000
vn -0.707107 0.707107 0.000000
vn -0.707107 0.707107 0.000000
vn -0.500000 0.866025 0.000000
vn -0.500000 0.866025 0.000000
vn -0.258819 0.965926 0.000000
vn -0.258819 0.965926 0.000000
vn -0.000000 1.000000 0.000000
vn -0.000000 1.000000 0.000000
vn 0.258819 0.965926 -0.000000
vn 0.258819 0.965926 -0.000000
vn 0.500000 0.866025 -0.000000
vn 0.500000 0.866025 -0.000000
vn 0.707107 0.707107 -0.000000
vn 0.707107 0.707107 -0.000000
vn 0.866025 0.500000 -0.000000
vn 0.866025 0.500000 -0.000000
vn 0.965926 0.258819 -0.000000
vn 0.965926 0.258819 -0.000000
vn 1.000000 0.000000 -0.000000
vn 1.000000 0.000000 -0.000000
vn 0.965926 -0.258819 0.000000
vn 0.965926 -0.258819 0.000000
vn 0.866025 -0.500000 0.000000
vn 0.866025 -0.500000 0.000000
vn 0.707107 -0.707107 0.000000
vn 0.707107 -0.707107 0.000000
vn 0.500000 -0.866025 0.000000
vn 0.500000 -0.866025 0.000000
vn 0.258819 -0.965926 0.000000
vn 0.258819 -0.965926 0.000000
vn -0.000000 -1.000000 0.000000
vn -0.000000 -1.000000 0.000000
vn -0.258819 -0.965926 0.000000
vn -0.258819 -0.965926 0.000000
vn -0.500000 -0.866025 0.000000
vn -0.500000 -0.866025 0.000000
vn -0.707107 -0.707107 0.000000
vn -0.707107 -0.707107 0.000000
vn -0.866025 -0.500000 0.000000
vn -0.866025 -0.500000 0.000000
vn -0.965926 -0.258819 0.000000
vn -0.965926 -0.258819 0.000000
vn -1.000000 0.000000 0.000000
vn -1.000000 0.000000 0.000000
vn -0.965926 0.258819 0.000000
vn -0.965926 0.258819 0.000000
vn -0.866025 0.500000 0.000000
vn -0.866025 0.500000 0.000000
vn -0.707107 0.707107 0.000000
vn -0.707107 0.707107 0.000000
vn -0.500000 0.866025 0.000000
vn -0.500000 0.866025 0.000000
vn -0.258819 0.965926 0.000000
vn -0.258819 0.965926 0.000000
vn -0.000000 1.000000 0.000000
vn -0.000000 1.000000 0.000000
vn 0.258819 0.965926 -0.000000
vn 0.258819 0.965926 -0.000000
vn 0.500000 0.866025 -0.000000
vn 0.500000 0.866025 -0.000000
vn 0.707107 0.707107 -0.000000
vn 0.707107 0.707107 -0.000000
vn 0.866025 0.500000 -0.000000
vn 0.866025 0.500000 -0.000000
vn 0.965926 0.258819 -0.000000
vn 0.965926 0.258819 -0.000000
vn 1.000000 0.000000 -0.000000
vn 1.000000 0.000000 -0.000000
vn 0.965926 -0.258819 0.000000
vn 0.965926 -0.258819 0.000000
vn 0.866025 -0.500000 0.000000
vn 0.866025 -0.500000 0.000000
vn 0.707107 -0.707107 0.000000
vn 0.707107 -0.707107 0.000000
vn 0.500000 -0.866025 0.000000
vn 0.500000 -0.866025 0.000000
vn 0.258819 -0.965926 0.000000
vn 0.258819 -0.965926 0.000000
vn -0.000000 -1.000000 0.000000
vn -0.000000 -1.000000 0.000000
vn -0.258819 -0.965926 0.000000
vn -0.258819 -0.965926 0.000000
vn -0.500000 -0.866025 0.000000
vn -0.500000 -0.866025 0.000000
vn -0.707107 -0.707107 0.000000
vn -0.707107 -0.707107 0.000000
vn -0.866025 -0.500000 0.000000
vn -0.866025 -0.500000 0.000000
vn -0.965926 -0.258819 0.000000
vn -0.965926 -0.258819 0.000000
vn -1.000000 0.000000 0.000000
vn -1.000000 0.000000 0.000000
vn -0.965926 0.258819 0.000000
vn -0.965926 0.258819 0.000000
vn -0.866025 0.500000 0.000000
vn -0.866025 0.500000 0.000000
vn -0.707107 0.707107 0.000000
vn -0.707107 0.707107 0.000000
vn -0.500000 0.866025 0.000000
vn -0.500000 0.866025 0.000000
vn -0.258819 0.965926 0.000000
vn -0.258819 0.965926 0.000000
vn -0.000000 1.000000 0.000000
vn -0.000000 1.000000 0.000000
vn 0.258819 0.965926 -0.000000
vn 0.258819 0.965926 -0.000000
vn 0.500000 0.866025 -0.000000
vn 0.500000 0.866025 -0.000000
vn 0.707107 0.707107 -0.000000
vn 0.707107 0.707107 -0.000000
vn 0.866025 0.500000 -0.000000
vn 0.866025 0.500000 -0.000000
vn 0.965926 0.258819 -0.000000
vn 0.965926 0.258819 -0.000000
vn 1.000000 0.000000 -0.000000
vn 1.000000 0.000000 -0.000000
vn 0.965926 -0.258819 0.000000
vn 0.965926 -0.258819 0.000000
vn 0.866025 -0.500000 0.000000
vn 0.866025 -0.500000 0.000000
vn 0.707107 -0.707107 0.000000
vn 0.707107 -0.707107 0.000000
vn 0.500000 -0.866025 0.000000
vn 0.500000 -0.866025 0.000000
vn 0.258819 -0.965926 0.000000
vn 0.258819 -0.965926 0.000000
vn -0.000000 -1.000000 0.000000
vn -0.000000 -1.000000 0.000000
vn -0.258819 -0.965926 0.000000
vn -0.258819 -0.965926 0.000000
vn -0.500000 -0.866025 0.000000
vn -0.500000 -0.866025 0.000000
vn -0.707107 -0.707107 0.000000
vn -0.707107 -0.707107 0.000000
vn -0.866025 -0.500000 0.000000
vn -0.866025 -0.500000 0.000000
vn -0.965926 -0.258819 0.000000
vn -0.965926 -0.258819 0.000000
vn -1.000000 0.000000 0.000000
vn -1.000000 0.000000 0.000000
vn -0.965926 0.258819 0.000000
vn -0.965926 0.258819 0.000000
vn -0.866025 0.500000 0.000000
vn -0.866025 0.500000 0.000000
vn -0.707107 0.707107 0.000000
vn -0.707107 0.707107 0.000000
vn -0.500000 0.866025 0.000000
vn -0.500000 0.866025 0.000000
vn -0.258819 0.965926 0.000000
vn -0.258819 0.965926 0.000000
vn -0.000000 1.000000 0.000000
vn -0.000000 1.000000 0.000000
vn 0.258819 0.965926 -0.000000
vn 0.258819 0.965926 -0.000000
vn 0.500000 0.866025 -0.000000
vn 0.500000 0.866025 -0.000000
vn 0.707107 0.707107 -0.000000
vn 0.707107 0.707107 -0.000000
vn 0.866025 0.500000 -0.000000
vn 0.866025 0.500000 -0.000000
vn 0.965926 0.258819 -0.000000
vn 0.965926 0.258819 -0.000000
vn 1.000000 0.000000 -0.000000
vn 1.000000 0.000000 -0.000000
vn 0.965926 -0.258819 0.000000
vn 0.965926 -0.258819 0.000000
vn 0.866025 -0.500000 0.000000
vn 0.866025 -0.500000 0.000000
vn 0.707107 -0.707107 0.000000
vn 0.707107 -0.707107 0.000000
vn 0.500000 -0.866025 0.000000
vn 0.500000 -0.866025 0.000000
vn 0.258819 -0.965926 0.000000
vn 0.258819 -0.965926 0.000000
vn -0.000000 -1.000000 0.000000
vn -0.000000 -1.000000 0.000000
vn -0.258819 -0.965926 0.000000
vn -0.258819 -0.965926 0.000000
vn -0.500000 -0.866025 0.000000
vn -0.500000 -0.866025 0.000000
vn -0.707107 -0.707107 0.000000
vn -0.707107 -0.707107 0.000000
vn -0.866025 -0.500000 0.000000
vn -0.866025 -0.500000 0.000000
vn -0.965926 -0.258819 0.000000
vn -0.965926 -0.258819 0.000000
vn -1.000000 0.000000 0.000000
vn -1.000000 0.000000 0.000000
vn -0.965926 0.258819 0.000000
vn -0.965926 0.258819 0.000000
vn -0.866025 0.500000 0.000000
vn -0.866025 0.500000 0.000000
vn -0.707107 0.707107 0.000000
vn -0.707107 0.707107 0.000000
vn -0.500000 0.866025 0.000000
vn -0.500000 0.866025 0.000000
vn -0.258819 0.965926 0.000000
vn -0.258819 0.965926 0.000000
vn -0.000000 1.000000 0.000000
vn -0.000000 1.000000 0.000000
vn 0.258819 0.965926 -0.000000
vn 0.258819 0.965926 -0.000000
vn 0.500000 0.866025 -0.000000
vn 0.500000 0.866025 -0.000000
vn 0.707107 0.707107 -0.000000
vn 0.707107 0.707107 -0.000000
vn 0.866025 0.500000 -0.000000
vn 0.866025 0.500000 -0.000000
vn 0.965926 0.258819 -0.000000
vn 0.965926 0.258819 -0.000000
vn 1.000000 0.000000 -0.000000
vn 1.000000 0.000000 -0.000000
vn 0.965926 -0.258819 0.000000
vn 0.965926 -0.258819 0.000000
vn 0.866025 -0.500000 0.000000
vn 0.866025 -0.500000 0.000000
vn 0.707107 -0.707107 0.000000
vn 0.707107 -0.707107 0.000000
vn 0.500000 -0.866025 0.000000
vn 0.500000 -0.866025 0.000000
vn 0.258819 -0.965926 0.000000
vn 0.258819 -0.965926 0.000000
vn -0.000000 -1.000000 0.000000
vn -0.000000 -1.000000 0.000000
vn -0.258819 -0.965926 0.000000
vn -0.258819 -0.965926 0.000000
vn -0.500000 -0.866025 0.000000
vn -0.500000 -0.866025 0.000000
vn -0.707107 -0.707107 0.000000
vn -0.707107 -0.707107 0.000000
vn -0.866025 -0.500000 0.000000
vn -0.866025 -0.500000 0.000000
vn -0.965926 -0.258819 0.000000
vn -0.965926 -0.258819 0.000000
vn -1.000000 0.000000 0.000000
vn -1.000000 0.000000 0.000000
vn -0.965926 0.258819 0.000000
vn -0.965926 0.258819 0.000000
vn -0.866025 0.500000 0.000000
vn -0.866025 0.500000 0.000000
vn -0.707107 0.707107 0.000000
vn -0.707107 0.707107 0.000000
vn -0.500000 0.866025 0.000000
vn -0.500000 0.866025 0.000000
vn -0.258819 0.965926 0.000000
vn -0.258819 0.965926 0.000000
vn -0.000000 1.000000 0.000000
vn -0.000000 1.000000 0.000000
vn 0.258819 0.965926 -0.000000
vn 0.258819 0.965926 -0.000000
vn 0.500000 0.866025 -0.000000
vn 0.500000 0.866025 -0.000000
vn 0.707107 0.707107 -0.000000
vn 0.707107 0.707107 -0.000000
vn 0.866025 0.500000 -0.000000
vn 0.866025 0.500000 -0.000000
vn 0.965926 0.258819 -0.000000
vn 0.965926 0.258819 -0.000000
vn 1.000000 0.000000 -0.000000
vn 1.000000 0.000000 -0.000000
vn 0.965926 -0.258819 0.000000
vn 0.965926 -0.258819 0.000000
vn 0.866025 -0.500000 0.000000
vn 0.866025 -0.500000 0.000000
vn 0.707107 -0.707107 0.000000
vn 0.707107 -0.707107 0.000000
vn 0.500000 -0.866025 0.000000
vn 0.500000 -0.866025 0.000000
vn 0.258819 -0.965926 0.000000
vn 0.258819 -0.965926 0.000000
vn -0.000000 -1.000000 0.000000
vn -0.000000 -1.000000 0.000000
vn -0.258819 -0.965926 0.000000
vn -0.258819 -0.965926 0.000000
vn -0.500000 -0.866025 0.000000
vn -0.500000 -0.866025 0.000000
vn -0.707107 -0.707107 0.000000
vn -0.707107 -0.707107 0.000000
vn -0.866025 -0.500000 0.000000
vn -0.866025 -0.500000 0.000000
vn -0.965926 -0.258819 0.000000
vn -0.965926 -0.258819 0.000000
vn -1.000000 0.000000 0.000000
vn -1.000000 0.000000 0.000000
vn -0.965926 0.258819 0.000000
vn -0.965926 0.258819 0.000000
vn -0.866025 0.500000 0.000000
vn -0.866025 0.500000 0.000000
vn -0.707107 0.707107 0.000000
vn -0.707107 0.707107 0.000000
vn -0.500000 0.866025 0.000000
vn -0.500000 0.866025 0.000000
vn -0.258819 0.965926 0.000000
vn -0.258819 0.965926 0.000000
vn -0.000000 1.000000 0.000000
vn -0.000000 1.000000 0.000000
vn 0.258819 0.965926 -0.000000
vn 0.258819 0.965926 -0.000000
vn 0.500000 0.866025 -0.000000
vn 0.500000 0.866025 -0.000000
vn 0.707107 0.707107 -0.000000
vn 0.707107 0.707107 -0.000000
vn 0.866025 0.500000 -0.000000
vn 0.866025 0.500000 -0.000000
vn 0.965926 0.258819 -0.000000
vn 0.965926 0.258819 -0.000000
vn 1.000000 0.000000 -0.000000
vn 1.000000 0.000000 -0.000000
vn 0.965926 -0.258819 0.000000
vn 0.965926 -0.258819 0.000000
vn 0.866025 -0.500000 0.000000
vn 0.866025 -0.500000 0.000000
vn 0.707107 -0.707107 0.000000
vn 0.707107 -0.707107 0.000000
vn 0.500000 -0.866025 0.000000
vn 0.500000 -0.866025 0.000000
vn 0.258819 -0.965926 0.000000
vn 0.258819 -0.965926 0.000000
vn -0.000000 -1.000000 0.000000
vn -0.000000 -1.000000 0.000000
vn -0.258819 -0.965926 0.000000
vn -0.258819 -0.965926 0.000000
vn -0.500000 -0.866025 0.000000
vn -0.500000 -0.866025 0.000000
vn -0.707107 -0.707107 0.000000
vn -0.707107 -0.707107 0.000000
vn -0.866025 -0.500000 0.000000
vn -0.866025 -0.500000 0.000000
vn -0.965926 -0.258819 0.000000
vn -0.965926 -0.258819 0.000000
vn -1.000000 0.000000 0.000000
vn -1.000000 0.000000 0.000000
vn -0.965926 0.258819 0.000000
vn -0.965926 0.258819 0.000000
vn -0.866025 0.500000 0.000000
vn -0.866025 0.500000 0.000000
vn -0.707107 0.707107 0.000000
vn -0.707107 0.707107 0.000000
vn -0.500000 0.866025 0.000000
vn -0.500000 0.866025 0.000000
vn -0.258819 0.965926 0.000000
vn -0.258819 0.965926 0.000000
vn -0.000000 1.000000 0.000000
vn -0.000000 1.000000 0.000000
vn 0.258819 0.965926 -0.000000
vn 0.258819 0.965926 -0.000000
vn 0.500000 0.866025 -0.000000
vn 0.500000 0.866025 -0.000000
vn 0.707107 0.707107 -0.000000
vn 0.707107 0.707107 -0.000000
vn 0.866025 0.500000 -0.000000
vn 0.866025 0.500000 -0.000000
vn 0.965926 0.258819 -0.000000
vn 0.965926 0.258819 -0.000000
vn 1.000000 0.000000 -0.000000
vn 1.000000 0.000000 -0.000000
vn 0.965926 -0.258819 0.000000
vn 0.965926 -0.258819 0.000000
vn 0.866025 -0.500000 0.000000
vn 0.866025 -0.500000 0.000000
vn 0.707107 -0.707107 0.000000
vn 0.707107 -0.707107 0.000000
vn 0.500000 -0.866025 0.000000
vn 0.500000 -0.866025 0.000000
vn 0.258819 -0.965926 0.000000
vn 0.258819 -0.965926 0.000000
vn -0.000000 -1.000000 0.000000
vn -0.000000 -1.000000 0.000000
vn -0.258819 -0.965926 0.000000
vn -0.258819 -0.965926 0.000000
vn -0.500000 -0.866025 0.000000
vn -0.500000 -0.866025 0.000000
vn -0.707107 -0.707107 0.000000
vn -0.707107 -0.707107 0.000000
vn -0.866025 -0.500000 0.000000
vn -0.866025 -0.500000 0.000000
vn -0.965926 -0.258819 0.000000
vn -0.965926 -0.258819 0.000000
vn -1.000000 0.000000 0.000000
vn -1.000000 0.000000 0.000000
vn -0.965926 0.258819 0.000000
vn -0.965926 0.258819 0.000000
vn -0.866025 0.500000 0.000000
vn -0.866025 0.500000 0.000000
vn -0.707107 0.707107 0.000000
vn -0.707107 0.707107 0.000000
vn -0.500000 0.866025 0.000000
vn -0.500000 0.866025 0.000000
vn -0.258819 0.965926 0.000000
vn -0.258819 0.965926 0.000000
vn -0.000000 1.000000 0.000000
vn -0.000000 1.000000 0.000000
vn 0.258819 0.965926 -0.000000
vn 0.258819 0.965926 -0.000000
vn 0.500000 0.866025 -0.000000
vn 0.500000 0.866025 -0.000000
vn 0.707107 0.707107 -0.000000
vn 0.707107 0.707107 -0.000000
vn 0.866025 0.500000 -0.000000
vn 0.866025 0.500000 -0.000000
vn 0.965926 0.258819 -0.000000
vn 0.965926 0.258819 -0.000000
vn 1.000000 0.000000 -0.000000
vn 1.000000 0.000000 -0.000000
vn 0.965926 -0.258819 0.000000
vn 0.965926 -0.258819 0.000000
vn 0.866025 -0.500000 0.000000
vn 0.866025 -0.500000 0.000000
vn 0.707107 -0.707107 0.000000
vn 0.707107 -0.707107 0.000000
vn 0.500000 -0.866025 0.000000
vn 0.500000 -0.866025 0.000000
vn 0.258819 -0.965926 0.000000
vn 0.258819 -0.965926 0.000000
vn -0.000000 -1.000000 0.000000
vn -0.000000 -1.000000 0.000000
vn -0.258819 -0.965926 0.000000
vn -0.258819 -0.965926 0.000000
vn -0.500000 -0.866025 0.000000
vn -0.500000 -0.866025 0.000000
vn -0.707107 -0.707107 0.000000
vn -0.707107 -0.707107 0.000000
vn -0.866025 -0.500000 0.000000
vn -0.866025 -0.500000 0.000000
vn -0.965926 -0.258819 0.000000
vn -0.965926 -0.258819 0.000000
vn -1.000000 0.000000 0.000000
vn -1.000000 0.000000 0.000000
vn -0.965926 0.258819 0.000000
vn -0.965926 0.258819 0.000000
vn -0.866025 0.500000 0.000000
vn -0.866025 0.500000 0.000000
vn -0.707107 0.707107 0.000000
vn -0.707107 0.707107 0.000000
vn -0.500000 0.866025 0.000000
vn -0.500000 0.866025 0.000000
vn -0.258819 0.965926 0.000000
vn -0.258819 0.965926 0.000000
vn -0.000000 1.000000 0.000000
vn -0.000000 1.000000 0.000000
vn 0.258819 0.965926 -0.000000
vn 0.258819 0.965926 -0.000000
vn 0.500000 0.866025 -0.000000
vn 0.500000 0.866025 -0.000000
vn 0.707107 0.707107 -0.000000
vn 0.707107 0.707107 -0.000000
vn 0.866025 0.500000 -0.000000
vn 0.866025 0.500000 -0.000000
vn -1.000000 0.000000 0.000000
vn -1.000000 0.000000 0.000000
vn -1.000000 0.000000 0.000000
vn -1.000000 0.000000 0.000000
vn 0.000000 -1.000000 0.000000
vn 0.000000 -1.000000 0.000000
vn 0.000000 -1.000000 0.000000
vn 0.000000 -1.000000 0.000000
vn 1.000000 0.000000 0.000000
vn 1.000000 0.000000 0.000000
vn 1.000000 0.000000 0.000000
vn 1.000000 0.000000 0.000000
vn 0.000000 -1.000000 0.000000
vn 0.000000 -1.000000 0.000000
vn 0.000000 -1.000000 0.000000
vn 0.000000 -1.000000 0.000000
vn -1.000000 0.000000 0.000000
vn -1.000000 0.000000 0.000000
vn -1.000000 0.000000 0.000000
vn -1.000000 0.000000 0.000000
vn 0.000000 -1.000000 0.000000
vn 0.000000 -1.000000 0.000000
vn 0.000000 -1.000000 0.000000
vn 0.000000 -1.000000 0.000000
vn 1.000000 0.000000 0.000000
vn 1.000000 0.000000 0.000000
vn 1.000000 0.000000 0.000000
vn 1.000000 0.000000 0.000000
vn 0.000000 -1.000000 0.000000
vn 0.000000 -1.000000 0.000000
vn 0.000000 -1.000000 0.000000
vn 0.000000 -1.000000 0.000000
vn -1.000000 0.000000 0.000000
vn -1.000000 0.000000 0.000000
vn -1.000000 0.000000 0.000000
vn -1.000000 0.000000 0.000000
vn 0.000000 -1.000000 0.000000
vn 0.000000 -1.000000 0.000000
vn 0.000000 -1.000000 0.000000
vn 0.000000 -1.000000 0.000000
vn -1.000000 0.000000 0.000000
vn -1.000000 0.000000 0.000000
vn -1.000000 0.000000 0.000000
vn -1.000000 0.000000 0.000000
vn -0.000000 1.000000 0.000000
vn -0.000000 1.000000 0.000000
vn -0.000000 1.000000 0.000000
vn -0.000000 1.000000 0.000000
vn -1.000000 -0.000000 0.000000
vn -1.000000 -0.000000 0.000000
vn -1.000000 -0.000000 0.000000
vn -1.000000 -0.000000 0.000000
vn 0.000000 -1.000000 0.000000
vn 0.000000 -1.000000 0.000000
vn 0.000000 -1.000000 0.000000
vn 0.000000 -1.000000 0.000000
vn -1.000000 0.000000 0.000000
vn -1.000000 0.000000 0.000000
vn -1.000000 0.000000 0.000000
vn -1.000000 0.000000 0.000000
vn 0.000000 1.000000 0.000000
vn 0.000000 1.000000 0.000000
vn 0.000000 1.000000 0.000000
vn 0.000000 1.000000 0.000000
vn -1.000000 -0.000000 0.000000
vn -1.000000 -0.000000 0.000000
vn -1.000000 -0.000000 0.000000
vn -1.000000 -0.000000 0.000000
vn 0.000000 -1.000000 0.000000
vn 0.000000 -1.000000 0.000000
vn 0.000000 -1.000000 0.000000
vn 0.000000 -1.000000 0.000000
vn -1.000000 0.000000 0.000000
vn -1.000000 0.000000 0.000000
vn -1.000000 0.000000 0.000000
vn -1.000000 0.000000 0.000000
vn 0.000000 1.000000 0.000000
vn 0.000000 1.000000 0.000000
vn 0.000000 1.000000 0.000000
vn 0.000000 1.000000 0.000000
vn -1.000000 0.000000 0.000000
vn -1.000000 0.000000 0.000000
vn -1.000000 0.000000 0.000000
vn -1.000000 0.000000 0.000000
vn 0.000000 -1.000000 0.000000
vn 0.000000 -1.000000 0.000000
vn 0.000000 -1.000000 0.000000
vn 0.000000 -1.000000 0.000000
vn -1.000000 0.000000 0.000000
vn -1.000000 0.000000 0.000000
vn -1.000000 0.000000 0.000000
vn -1.000000 0.000000 0.000000
vn 0.000000 1.000000 0.000000
vn 0.000000 1.000000 0.000000
vn 0.000000 1.000000 0.000000
vn 0.000000 1.000000 0.000000
vn -1.000000 0.000000 0.000000
vn -1.000000 0.000000 0.000000
vn -1.000000 0.000000 0.000000
vn -1.000000 0.000000 0.000000
vn 0.000000 1.000000 0.000000
vn 0.000000 1.000000 0.000000
vn 0.000000 1.000000 0.000000
vn 0.000000 1.000000 0.000000
vn 1.000000 0.000000 0.000000
vn 1.000000 0.000000 0.000000
vn 1.000000 0.000000 0.000000
vn 1.000000 0.000000 0.000000
vn 0.000000 1.000000 0.000000
vn 0.000000 1.000000 0.000000
vn 0.000000 1.000000 0.000000
vn 0.000000 1.000000 0.000000
vn -1.000000 0.000000 0.000000
vn -1.000000 0.000000 0.000000
vn -1.000000 0.000000 0.000000
vn -1.000000 0.000000 0.000000
vn 0.000000 1.000000 0.000000
vn 0.000000 1.000000 0.000000
vn 0.000000 1.000000 0.000000
vn 0.000000 1.000000 0.000000
vn 1.000000 0.000000 0.000000
vn 1.000000 0.000000 0.000000
vn 1.000000 0.000000 0.000000
vn 1.000000 0.000000 0.000000
vn 0.000000 1.000000 0.000000
vn 0.000000 1.000000 0.000000
vn 0.000000 1.000000 0.000000
vn 0.000000 1.000000 0.000000
vn -1.000000 0.000000 0.000000
vn -1.000000 0.000000 0.000000
vn -1.000000 0.000000 0.000000
vn -1.000000 0.000000 0.000000
vn 0.000000 1.000000 0.000000
vn 0.000000 1.000000 0.000000
vn 0.000000 1.000000 0.000000
vn 0.000000 1.000000 0.000000
vn 1.000000 0.000000 0.000000
vn 1.000000 0.000000 0.000000
vn 1.000000 0.000000 0.000000
vn 1.000000 0.000000 0.000000
vn 0.000000 1.000000 0.000000
vn 0.000000 1.000000 0.000000
vn 0.000000 1.000000 0.000000
vn 0.000000 1.000000 0.000000
vn -1.000000 0.000000 0.000000
vn -1.000000 0.000000 0.000000
vn -1.000000 0.000000 0.000000
vn -1.000000 0.000000 0.000000
vn 0.000000 1.000000 0.000000
vn 0.000000 1.000000 0.000000
vn 0.000000 1.000000 0.000000
vn 0.000000 1.000000 0.000000
vn 1.000000 0.000000 0.000000
vn 1.000000 0.000000 0.000000
vn 1.000000 0.000000 0.000000
vn 1.000000 0.000000 0.000000
vn 0.000000 1.000000 0.000000
vn 0.000000 1.000000 0.000000
vn 0.000000 1.000000 0.000000
vn 0.000000 1.000000 0.000000
vn -1.000000 0.000000 0.000000
vn -1.000000 0.000000 0.000000
vn -1.000000 0.000000 0.000000
vn -1.000000 0.000000 0.000000
vn 0.000000 1.000000 0.000000
vn 0.000000 1.000000 0.000000
vn 0.000000 1.000000 0.000000
vn 0.000000 1.000000 0.000000
vn 1.000000 0.000000 0.000000
vn 1.000000 0.000000 0.000000
vn 1.000000 0.000000 0.000000
vn 1.000000 0.000000 0.000000
vn 0.000000 1.000000 0.000000
vn 0.000000 1.000000 0.000000
vn 0.000000 1.000000 0.000000
vn 0.000000 1.000000 0.000000
vn 1.000000 0.000000 0.000000
vn 1.000000 0.000000 0.000000
vn 1.000000 0.000000 0.000000
vn 1.000000 0.000000 0.000000
vn 0.000000 -1.000000 0.000000
vn 0.000000 -1.000000 0.000000
vn 0.000000 -1.000000 0.000000
vn 0.000000 -1.000000 0.000000
vn 1.000000 0.000000 0.000000
vn 1.000000 0.000000 0.000000
vn 1.000000 0.000000 0.000000
vn 1.000000 0.000000 0.000000
vn 0.000000 1.000000 0.000000
vn 0.000000 1.000000 0.000000
vn 0.000000 1.000000 0.000000
vn 0.000000 1.000000 0.000000
vn 1.000000 0.000000 0.000000
vn 1.000000 0.000000 0.000000
vn 1.000000 0.000000 0.000000
vn 1.000000 0.000000 0.000000
vn 0.000000 -1.000000 0.000000
vn 0.000000 -1.000000 0.000000
vn 0.000000 -1.000000 0.000000
vn 0.000000 -1.000000 0.000000
vn 1.000000 0.000000 0.000000
vn 1.000000 0.000000 0.000000
vn 1.000000 0.000000 0.000000
vn 1.000000 0.000000 0.000000
vn 0.000000 1.000000 0.000000
vn 0.000000 1.000000 0.000000
vn 0.000000 1.000000 0.000000
vn 0.000000 1.000000 0.000000
vn 1.000000 0.000000 0.000000
vn 1.000000 0.000000 0.000000
vn 1.000000 0.000000 0.000000
vn 1.000000 0.000000 0.000000
vn 0.000000 -1.000000 0.000000
vn 0.000000 -1.000000 0.000000
vn 0.000000 -1.000000 0.000000
vn 0.000000 -1.000000 0.000000
vn 1.000000 0.000000 0.000000
vn 1.000000 0.000000 0.000000
vn 1.000000 0.000000 0.000000
vn 1.000000 0.000000 0.000000
vn -0.000000 1.000000 0.000000
vn -0.000000 1.000000 0.000000
vn -0.000000 1.000000 0.000000
vn -0.000000 1.000000 0.000000
vn 1.000000 0.000000 0.000000
vn 1.000000 0.000000 0.000000
vn 1.000000 0.000000 0.000000
vn 1.000000 0.000000 0.000000
vn 0.000000 -1.000000 0.000000
vn 0.000000 -1.000000 0.000000
vn 0.000000 -1.000000 0.000000
vn 0.000000 -1.000000 0.000000
vn 1.000000 -0.000000 0.000000
vn 1.000000 -0.000000 0.000000
vn 1.000000 -0.000000 0.000000
vn 1.000000 -0.000000 0.000000
vn 0.000000 -1.000000 0.000000
vn 0.000000 -1.000000 0.000000
vn 0.000000 -1.000000 0.000000
vn 0.000000 -1.000000 0.000000
vn -1.000000 0.000000 0.000000
vn -1.000000 0.000000 0.000000
vn -1.000000 0.000000 0.000000
vn -1.000000 0.000000 0.000000
vn 0.000000 -1.000000 0.000000
vn 0.000000 -1.000000 0.000000
vn 0.000000 -1.000000 0.000000
vn 0.000000 -1.000000 0.000000
vn 1.000000 0.000000 0.000000
vn 1.000000 0.000000 0.000000
vn 1.000000 0.000000 0.000000
vn 1.000000 0.000000 0.000000
vn 0.000000 -1.000000 0.000000
vn 0.000000 -1.000000 0.000000
vn 0.000000 -1.000000 0.000000
vn 0.000000 -1.000000 0.000000
vn -1.000000 0.000000 0.000000
vn -1.000000 0.000000 0.000000
vn -1.000000 0.000000 0.000000
vn -1.000000 0.000000 0.000000
vn 0.000000 -1.000000 0.000000
vn 0.000000 -1.000000 0.000000
vn 0.000000 -1.000000 0.000000
vn 0.000000 -1.000000 0.000000
vn 1.000000 0.000000 0.000000
vn 1.000000 0.000000 0.000000
vn 1.000000 0.000000 0.000000
vn 1.000000 0.000000 0.000000
vn 0.000000 -1.000000 0.000000
vn 0.000000 -1.000000 0.000000
vn 0.000000 -1.000000 0.000000
vn 0.000000 -1.000000 0.000000
vn 0.000000 0.000000 1.000000
vn 0.000000 0.000000 1.000000
vn 0.000000 0.000000 1.000000
vn 0.000000 0.000000 1.000000
vn 0.000000 0.000000 1.000000
vn 0.000000 0.000000 1.000000
vn 0.000000 0.000000 1.000000
vn 0.000000 0.000000 1.000000
vn 0.000000 0.000000 1.000000
vn 0.000000 0.000000 1.000000
vn 0.000000 0.000000 1.000000
vn 0.000000 0.000000 1.000000
vn 0.000000 0.000000 1.000000
vn 0.000000 0.000000 1.000000
vn 0.000000 0.000000 1.000000
vn 0.000000 0.000000 1.000000
vn 0.000000 0.000000 1.000000
vn 0.000000 0.000000 1.000000
vn 0.000000 0.000000 1.000000
vn 0.000000 0.000000 1.000000
vn 0.000000 0.000000 1.000000
vn 0.000000 0.000000 1.000000
vn 0.000000 0.000000 1.000000
vn 0.000000 0.000000 1.000000
vn 0.000000 0.000000 1.000000
vn 0.000000 0.000000 1.000000
vn 0.000000 0.000000 1.000000
vn 0.000000 0.000000 1.000000
vn 0.000000 0.000000 1.000000
vn 0.000000 0.000000 1.000000
vn 0.000000 0.000000 1.000000
vn 0.000000 0.000000 1.000000
vn 0.000000 0.000000 1.000000
vn 0.000000 0.000000 1.000000
vn 0.000000 0.000000 1.000000
vn 0.000000 0.000000 1.000000
vn 0.000000 0.000000 1.000000
vn 0.000000 0.000000 1.000000
vn 0.000000 0.000000 1.000000
vn 0.000000 0.000000 1.000000
vn 0.000000 0.000000 1.000000
vn 0.000000 0.000000 1.000000
vn 0.000000 0.000000 1.000000
vn 0.000000 0.000000 1.000000
vn 0.000000 0.000000 1.000000
vn 0.000000 0.000000 1.000000
vn 0.000000 0.000000 1.000000
vn 0.000000 0.000000 1.000000
vn 0.000000 0.000000 1.000000
vn 0.000000 0.000000 1.000000
vn 0.000000 0.000000 1.000000
vn 0.000000 0.000000 1.000000
vn 0.000000 0.000000 1.000000
vn 0.000000 0.000000 1.000000
vn 0.000000 0.000000 1.000000
vn 0.000000 0.000000 1.000000
vn 0.000000 0.000000 1.000000
vn 0.000000 0.000000 1.000000
vn 0.000000 0.000000 1.000000
vn 0.000000 0.000000 1.000000
vn 0.000000 0.000000 1.000000
vn 0.000000 0.000000 1.000000
vn 0.000000 0.000000 1.000000
vn 0.000000 0.000000 1.000000
vn 0.000000 0.000000 1.000000
vn 0.000000 0.000000 1.000000
vn 0.000000 0.000000 1.000000
vn 0.000000 0.000000 1.000000
vn 0.000000 0.000000 1.000000
vn 0.000000 0.000000 1.000000
vn 0.000000 0.000000 1.000000
vn 0.000000 0.000000 1.000000
vn 0.000000 0.000000 1.000000
vn 0.000000 0.000000 1.000000
vn 0.000000 0.000000 1.000000
vn 0.000000 0.000000 1.000000
vn 0.000000 0.000000 1.000000
vn 0.000000 0.000000 1.000000
vn 0.000000 0.000000 1.000000
vn 0.000000 0.000000 1.000000
vn 0.000000 0.000000 1.000000
vn 0.000000 0.000000 1.000000
vn 0.000000 0.000000 1.000000
vn 0.000000 0.000000 1.000000
vn 0.000000 0.000000 1.000000
vn 0.000000 0.000000 1.000000
vn 0.000000 0.000000 1.000000
vn 0.000000 0.000000 1.000000
vn 0.000000 0.000000 1.000000
vn 0.000000 0.000000 1.000000
vn 0.000000 0.000000 1.000000
vn 0.000000 0.000000 1.000000
vn 0.000000 0.000000 1.000000
vn 0.000000 0.000000 1.000000
vn 0.000000 0.000000 1.000000
vn 0.000000 0.000000 1.000000
vn 0.000000 0.000000 1.000000
vn 0.000000 0.000000 1.000000
vn 0.000000 0.000000 1.000000
vn 0.000000 0.000000 1.000000
vn 0.000000 0.000000 1.000000
vn 0.000000 0.000000 1.000000
vn 0.000000 0.000000 1.000000
vn 0.000000 0.000000 1.000000
vn 0.000000 0.000000 1.000000
vn 0.000000 0.000000 1.000000
vn 0.000000 0.000000 1.000000
vn 0.000000 0.000000 1.000000
vn 0.000000 0.000000 1.000000
vn 0.000000 0.000000 1.000000
vn 0.000000 0.000000 1.000000
vn 0.000000 0.000000 1.000000
vn 0.000000 0.000000 1.000000
vn 0.000000 0.000000 1.000000
vn 0.000000 0.000000 1.000000
vn 0.000000 0.000000 1.000000
vn 0.000000 0.000000 1.000000
vn 0.000000 0.000000 1.000000
vn 0.000000 0.000000 1.000000
vn 0.000000 0.000000 1.000000
vn 0.000000 0.000000 1.000000
vn 0.000000 0.000000 1.000000
vn 0.000000 0.000000 1.000000
vn 0.000000 0.000000 1.000000
vn 0.000000 0.000000 1.000000
vn 0.000000 0.000000 1.000000
vn 0.000000 0.000000 1.000000
vn 0.000000 0.000000 1.000000
vn 0.000000 0.000000 1.000000
vn 0.000000 0.000000 1.000000
vn 0.000000 0.000000 1.000000
vn 0.000000 0.000000 1.000000
vn 0.000000 0.000000 1.000000
vn 0.000000 0.000000 1.000000
vn 0.000000 0.000000 1.000000
vn 0.000000 0.000000 1.000000
vn 0.000000 0.000000 1.000000
vn 0.000000 0.000000 1.000000
vn 0.000000 0.000000 1.000000
vn 0.000000 0.000000 1.000000
vn 0.000000 0.000000 1.000000
vn 0.000000 0.000000 1.000000
vn 0.000000 0.000000 1.000000
vn 0.000000 0.000000 1.000000
vn 0.000000 0.000000 1.000000
vn 0.000000 0.000000 1.000000
vn 0.000000 0.000000 1.000000
vn 0.000000 0.000000 1.000000
vn 0.000000 0.000000 1.000000
vn 0.000000 0.000000 1.000000
vn 0.000000 0.000000 1.000000
vn 0.000000 0.000000 1.000000
vn 0.000000 0.000000 1.000000
vn 0.000000 0.000000 1.000000
vn 0.000000 0.000000 1.000000
vn 0.000000 0.000000 1.000000
vn 0.000000 0.000000 1.000000
vn 0.000000 0.000000 1.000000
vn 0.000000 0.000000 1.000000
vn 0.000000 0.000000 1.000000
vn 0.000000 0.000000 1.000000
vn 0.000000 0.000000 1.000000
vn 0.000000 0.000000 1.000000
vn 0.000000 0.000000 1.000000
vn 0.000000 0.000000 1.000000
vn 0.000000 0.000000 1.000000
vn 0.000000 0.000000 1.000000
vn 0.000000 0.000000 1.000000
vn 0.000000 0.000000 1.000000
vn 0.000000 0.000000 1.000000
vn 0.000000 0.000000 1.000000
vn 0.000000 0.000000 1.000000
vn 0.000000 0.000000 1.000000
vn 0.000000 0.000000 1.000000
vn 0.000000 0.000000 1.000000
vn 0.000000 0.000000 1.000000
vn 0.000000 0.000000 1.000000
vn 0.000000 0.000000 1.000000
vn 0.000000 0.000000 1.000000
vn 0.000000 0.000000 1.000000
vn 0.000000 0.000000 1.000000
vn 0.000000 0.000000 1.000000
vn 0.000000 0.000000 1.000000
vn 0.000000 0.000000 1.000000
vn 0.000000 0.000000 1.000000
vn 0.000000 0.000000 1.000000
vn 0.000000 0.000000 1.000000
vn 0.000000 0.000000 1.000000
vn 0.000000 0.000000 1.000000
vn 0.000000 0.000000 1.000000
vn 0.000000 0.000000 1.000000
vn 0.000000 0.000000 1.000000
vn 0.000000 0.000000 1.000000
vn 0.000000 0.000000 1.000000
vn 0.000000 0.000000 1.000000
vn 0.000000 0.000000 1.000000
vn 0.000000 0.000000 1.000000
vn 0.000000 0.000000 1.000000
vn 0.000000 0.000000 1.000000
vn 0.000000 0.000000 1.000000
vn 0.000000 0.000000 1.000000
vn 0.000000 0.000000 1.000000
vn 0.000000 0.000000 1.000000
vn 0.000000 0.000000 1.000000
vn 0.000000 0.000000 1.000000
vn 0.000000 0.000000 1.000000
vn 0.000000 0.000000 1.000000
vn 0.000000 0.000000 1.000000
vn 0.000000 0.000000 1.000000
vn 0.000000 0.000000 1.000000
vn 0.000000 0.000000 1.000000
vn 0.000000 0.000000 1.000000
vn 0.000000 0.000000 1.000000
vn 0.000000 0.000000 1.000000
vn 0.000000 0.000000 1.000000
vn 0.000000 0.000000 1.000000
vn 0.000000 0.000000 1.000000
vn 0.000000 0.000000 1.000000
vn 0.000000 0.000000 1.000000
vn 0.000000 0.000000 1.000000
vn 0.000000 0.000000 1.000000
vn 0.000000 0.000000 1.000000
vn 0.000000 0.000000 1.000000
vn 0.000000 0.000000 1.000000
vn 0.000000 0.000000 1.000000
vn 0.000000 0.000000 1.000000
vn 0.000000 0.000000 1.000000
vn 0.000000 0.000000 1.000000
vn 0.000000 0.000000 1.000000
vn 0.000000 0.000000 1.000000
vn 0.000000 0.000000 1.000000
vn 0.000000 0.000000 1.000000
vn 0.000000 0.000000 1.000000
vn 0.000000 0.000000 1.000000
vn 0.000000 0.000000 1.000000
vn 0.000000 0.000000 1.000000
vn 0.000000 0.000000 1.000000
vn 0.000000 0.000000 1.000000
vn 0.000000 0.000000 1.000000
vn 0.000000 0.000000 1.000000
vn 0.000000 0.000000 1.000000
vn 0.000000 0.000000 1.000000
vn 0.000000 0.000000 1.000000
vn 0.000000 0.000000 1.000000
vn 0.000000 0.000000 1.000000
vn 0.000000 0.000000 1.000000
vn 0.000000 0.000000 1.000000
vn 0.000000 0.000000 1.000000
vn 0.000000 0.000000 1.000000
vn 0.000000 0.000000 1.000000
vn 0.000000 0.000000 1.000000
vn 0.000000 0.000000 1.000000
vn 0.000000 0.000000 1.000000
vn 0.000000 0.000000 1.000000
vn 0.000000 0.000000 1.000000
vn 0.000000 0.000000 1.000000
vn 0.000000 0.000000 1.000000
vn 0.000000 0.000000 1.000000
vn 0.000000 0.000000 1.000000
vn 0.000000 0.000000 1.000000
vn 0.000000 0.000000 1.000000
vn 0.000000 0.000000 1.000000
vn 0.000000 0.000000 1.000000
vn 0.000000 0.000000 1.000000
vn 0.000000 0.000000 1.000000
vn 0.000000 0.000000 1.000000
vn 0.000000 0.000000 1.000000
vn 0.000000 0.000000 1.000000
vn 0.000000 0.000000 1.000000
vn 0.000000 0.000000 1.000000
vn 0.000000 0.000000 1.000000
vn 0.000000 0.000000 1.000000
vn 0.000000 0.000000 1.000000
vn 0.000000 0.000000 1.000000
vn 0.000000 0.000000 1.000000
vn 0.000000 0.000000 1.000000
vn 0.000000 0.000000 1.000000
vn 0.000000 0.000000 1.000000
vn 0.000000 0.000000 1.000000
vn 0.000000 0.000000 1.000000
vn 0.000000 0.000000 1.000000
vn 0.000000 0.000000 1.000000
vn 0.000000 0.000000 1.000000
vn 0.000000 0.000000 1.000000
vn 0.000000 0.000000 1.000000
vn 0.000000 0.000000 1.000000
vn 0.000000 0.000000 1.000000
vn 0.000000 0.000000 1.000000
vn 0.000000 0.000000 1.000000
vn 0.000000 0.000000 1.000000
vn 0.000000 0.000000 1.000000
vn 0.000000 0.000000 1.000000
vn 0.000000 0.000000 1.000000
vn 0.000000 0.000000 1.000000
vn 0.000000 0.000000 1.000000
vn 0.000000 0.000000 1.000000
vn 0.000000 0.000000 1.000000
vn 0.000000 0.000000 1.000000
vn 0.000000 0.000000 1.000000
vn 0.000000 0.000000 1.000000
vn 0.000000 0.000000 1.000000
vn 0.000000 0.000000 1.000000
vn 0.000000 0.000000 1.000000
vn 0.000000 0.000000 1.000000
vn 0.000000 0.000000 1.000000
vn 0.000000 0.000000 1.000000
vn 0.000000 0.000000 1.000000
vn 0.000000 0.000000 1.000000
vn 0.000000 0.000000 1.000000
vn 0.000000 0.000000 1.000000
vn 0.000000 0.000000 1.000000
vn 0.000000 0.000000 1.000000
vn 0.000000 0.000000 1.000000
vn 0.000000 0.000000 1.000000
vn 0.000000 0.000000 1.000000
vn 0.000000 0.000000 1.000000
vn 0.000000 0.000000 1.000000
vn 0.000000 0.000000 1.000000
vn 0.000000 0.000000 1.000000
vn 0.000000 0.000000 1.000000
vn 0.000000 0.000000 1.000000
vn 0.000000 0.000000 1.000000
vn 0.000000 0.000000 1.000000
vn 0.000000 0.000000 1.000000
vn 0.000000 0.000000 1.000000
vn 0.000000 0.000000 1.000000
vn 0.000000 0.000000 1.000000
vn 0.000000 0.000000 1.000000
vn 0.000000 0.000000 1.000000
vn 0.000000 0.000000 1.000000
vn 0.000000 0.000000 1.000000
vn 0.000000 0.000000 1.000000
vn 0.000000 0.000000 1.000000
vn 0.000000 0.000000 1.000000
vn 0.000000 0.000000 1.000000
vn 0.000000 0.000000 1.000000
vn 0.000000 0.000000 1.000000
vn 0.000000 0.000000 1.000000
vn 0.000000 0.000000 1.000000
vn 0.000000 0.000000 1.000000
vn 0.000000 0.000000 1.000000
vn 0.000000 0.000000 1.000000
vn 0.000000 0.000000 1.000000
vn 0.000000 0.000000 1.000000
vn 0.000000 0.000000 1.000000
vn 0.000000 0.000000 1.000000
vn 0.000000 0.000000 1.000000
vn 0.000000 0.000000 1.000000
vn 0.000000 0.000000 1.000000
vn 0.000000 0.000000 1.000000
vn 0.000000 0.000000 1.000000
vn 0.000000 0.000000 1.000000
vn 0.000000 0.000000 1.000000
vn 0.000000 0.000000 1.000000
vn 0.000000 0.000000 1.000000
vn 0.000000 0.000000 1.000000
vn 0.000000 0.000000 1.000000
vn 0.000000 0.000000 1.000000
vn 0.000000 0.000000 1.000000
vn 0.000000 0.000000 1.000000
vn 0.000000 0.000000 1.000000
vn 0.000000 0.000000 1.000000
vn 0.000000 0.000000 1.000000
vn 0.000000 0.000000 1.000000
vn 0.000000 0.000000 1.000000
vn 0.000000 0.000000 1.000000
vn 0.000000 0.000000 1.000000
vn 0.000000 0.000000 1.000000
vn 0.000000 0.000000 1.000000
vn 0.000000 0.000000 1.000000
vn 0.000000 0.000000 1.000000
vn 0.000000 0.000000 1.000000
vn 0.000000 0.000000 1.000000
vn 0.000000 0.000000 1.000000
vn 0.000000 0.000000 1.000000
vn 0.000000 0.000000 1.000000
vn 0.000000 0.000000 1.000000
vn 0.000000 0.000000 1.000000
vn 0.000000 0.000000 1.000000
vn 0.000000 0.000000 1.000000
vn 0.000000 0.000000 1.000000
vn 0.000000 0.000000 1.000000
vn 0.000000 0.000000 1.000000
vn 0.000000 0.000000 1.000000
vn 0.000000 0.000000 1.000000
vn 0.000000 0.000000 1.000000
vn 0.000000 0.000000 1.000000
vn 0.000000 0.000000 1.000000
vn 0.000000 0.000000 1.000000
vn 0.000000 0.000000 1.000000
vn 0.000000 0.000000 1.000000
vn 0.000000 0.000000 1.000000
vn 0.000000 0.000000 1.000000
vn 0.000000 0.000000 1.000000
vn 0.000000 0.000000 1.000000
vn 0.000000 0.000000 1.000000
vn 0.000000 0.000000 1.000000
vn 0.000000 0.000000 1.000000
vn 0.000000 0.000000 1.000000
vn 0.000000 0.000000 1.000000
vn 0.000000 0.000000 1.000000
vn 0.000000 0.000000 1.000000
vn 0.000000 0.000000 1.000000
vn 0.000000 0.000000 1.000000
vn 0.000000 0.000000 1.000000
vn 0.000000 0.000000 1.000000
vn 0.000000 0.000000 1.000000
vn 0.000000 0.000000 1.000000
vn 0.000000 0.000000 1.000000
vn 0.000000 0.000000 1.000000
vn 0.000000 0.000000 1.000000
vn 0.000000 0.000000 1.000000
vn 0.000000 0.000000 1.000000
vn 0.000000 0.000000 1.000000
vn 0.000000 0.000000 1.000000
vn 0.000000 0.000000 1.000000
vn 0.000000 0.000000 1.000000
vn 0.000000 0.000000 1.000000
vn 0.000000 0.000000 1.000000
vn 0.000000 0.000000 1.000000
vn 0.000000 0.000000 1.000000
vn 0.000000 0.000000 1.000000
vn 0.000000 0.000000 1.000000
vn 0.000000 0.000000 1.000000
vn 0.000000 0.000000 1.000000
vn 0.000000 0.000000 1.000000
vn 0.000000 0.000000 1.000000
vn 0.000000 0.000000 1.000000
vn 0.000000 0.000000 1.000000
vn 0.000000 0.000000 1.000000
vn 0.000000 0.000000 1.000000
vn 0.000000 0.000000 1.000000
vn 0.000000 0.000000 1.000000
vn 0.000000 0.000000 1.000000
vn 0.000000 0.000000 1.000000
vn 0.000000 0.000000 1.000000
vn 0.000000 0.000000 1.000000
vn 0.000000 0.000000 1.000000
vn 0.000000 0.000000 1.000000
vn 0.000000 0.000000 1.000000
vn 0.000000 0.000000 1.000000
vn 0.000000 0.000000 1.000000
vn 0.000000 0.000000 1.000000
vn 0.000000 0.000000 1.000000
vn 0.000000 0.000000 1.000000
vn 0.000000 0.000000 1.000000
vn 0.000000 0.000000 1.000000
vn 0.000000 0.000000 1.000000
vn 0.000000 0.000000 1.000000
vn 0.000000 0.000000 1.000000
vn 0.000000 0.000000 1.000000
vn 0.000000 0.000000 1.000000
vn 0.000000 0.000000 1.000000
vn 0.000000 0.000000 1.000000
vn 0.000000 0.000000 1.000000
vn 0.000000 0.000000 1.000000
vn 0.000000 0.000000 1.000000
vn 0.000000 0.000000 1.000000
vn 0.000000 0.000000 1.000000
vn 0.000000 0.000000 1.000000
vn 0.000000 0.000000 1.000000
vn 0.000000 0.000000 1.000000
vn 0.000000 0.000000 1.000000
vn 0.000000 0.000000 1.000000
vn -0.000000 -0.000000 -1.000000
vn -0.000000 -0.000000 -1.000000
vn -0.000000 -0.000000 -1.000000
vn -0.000000 -0.000000 -1.000000
vn -0.000000 -0.000000 -1.000000
vn -0.000000 -0.000000 -1.000000
vn -0.000000 -0.000000 -1.000000
vn -0.000000 -0.000000 -1.000000
vn -0.000000 -0.000000 -1.000000
vn -0.000000 -0.000000 -1.000000
vn -0.000000 -0.000000 -1.000000
vn -0.000000 -0.000000 -1.000000
vn -0.000000 -0.000000 -1.000000
vn -0.000000 -0.000000 -1.000000
vn -0.000000 -0.000000 -1.000000
vn -0.000000 -0.000000 -1.000000
vn -0.000000 -0.000000 -1.000000
vn -0.000000 -0.000000 -1.000000
vn -0.000000 -0.000000 -1.000000
vn -0.000000 -0.000000 -1.000000
vn -0.000000 -0.000000 -1.000000
vn -0.000000 -0.000000 -1.000000
vn -0.000000 -0.000000 -1.000000
vn -0.000000 -0.000000 -1.000000
vn -0.000000 -0.000000 -1.000000
vn -0.000000 -0.000000 -1.000000
vn -0.000000 -0.000000 -1.000000
vn -0.000000 -0.000000 -1.000000
vn -0.000000 -0.000000 -1.000000
vn -0.000000 -0.000000 -1.000000
vn -0.000000 -0.000000 -1.000000
vn -0.000000 -0.000000 -1.000000
vn -0.000000 -0.000000 -1.000000
vn -0.000000 -0.000000 -1.000000
vn -0.000000 -0.000000 -1.000000
vn -0.000000 -0.000000 -1.000000
vn -0.000000 -0.000000 -1.000000
vn -0.000000 -0.000000 -1.000000
vn -0.000000 -0.000000 -1.000000
vn -0.000000 -0.000000 -1.000000
vn -0.000000 -0.000000 -1.000000
vn -0.000000 -0.000000 -1.000000
vn -0.000000 -0.000000 -1.000000
vn -0.000000 -0.000000 -1.000000
vn -0.000000 -0.000000 -1.000000
vn -0.000000 -0.000000 -1.000000
vn -0.000000 -0.000000 -1.000000
vn -0.000000 -0.000000 -1.000000
vn -0.000000 -0.000000 -1.000000
vn -0.000000 -0.000000 -1.000000
vn -0.000000 -0.000000 -1.000000
vn -0.000000 -0.000000 -1.000000
vn -0.000000 -0.000000 -1.000000
vn -0.000000 -0.000000 -1.000000
vn -0.000000 -0.000000 -1.000000
vn -0.000000 -0.000000 -1.000000
vn -0.000000 -0.000000 -1.000000
vn -0.000000 -0.000000 -1.000000
vn -0.000000 -0.000000 -1.000000
vn -0.000000 -0.000000 -1.000000
vn -0.000000 -0.000000 -1.000000
vn -0.000000 -0.000000 -1.000000
vn -0.000000 -0.000000 -1.000000
vn -0.000000 -0.000000 -1.000000
vn -0.000000 -0.000000 -1.000000
vn -0.000000 -0.000000 -1.000000
vn -0.000000 -0.000000 -1.000000
vn -0.000000 -0.000000 -1.000000
vn -0.000000 -0.000000 -1.000000
vn -0.000000 -0.000000 -1.000000
vn -0.000000 -0.000000 -1.000000
vn -0.000000 -0.000000 -1.000000
vn -0.000000 -0.000000 -1.000000
vn -0.000000 -0.000000 -1.000000
vn -0.000000 -0.000000 -1.000000
vn -0.000000 -0.000000 -1.000000
vn -0.000000 -0.000000 -1.000000
vn -0.000000 -0.000000 -1.000000
vn -0.000000 -0.000000 -1.000000
vn -0.000000 -0.000000 -1.000000
vn -0.000000 -0.000000 -1.000000
vn -0.000000 -0.000000 -1.000000
vn -0.000000 -0.000000 -1.000000
vn -0.000000 -0.000000 -1.000000
vn -0.000000 -0.000000 -1.000000
vn -0.000000 -0.000000 -1.000000
vn -0.000000 -0.000000 -1.000000
vn -0.000000 -0.000000 -1.000000
vn -0.000000 -0.000000 -1.000000
vn -0.000000 -0.000000 -1.000000
vn -0.000000 -0.000000 -1.000000
vn -0.000000 -0.000000 -1.000000
vn -0.000000 -0.000000 -1.000000
vn -0.000000 -0.000000 -1.000000
vn -0.000000 -0.000000 -1.000000
vn -0.000000 -0.000000 -1.000000
vn -0.000000 -0.000000 -1.000000
vn -0.000000 -0.000000 -1.000000
vn -0.000000 -0.000000 -1.000000
vn -0.000000 -0.000000 -1.000000
vn -0.000000 -0.000000 -1.000000
vn -0.000000 -0.000000 -1.000000
vn -0.000000 -0.000000 -1.000000
vn -0.000000 -0.000000 -1.000000
vn -0.000000 -0.000000 -1.000000
vn -0.000000 -0.000000 -1.000000
vn -0.000000 -0.000000 -1.000000
vn -0.000000 -0.000000 -1.000000
vn -0.000000 -0.000000 -1.000000
vn -0.000000 -0.000000 -1.000000
vn -0.000000 -0.000000 -1.000000
vn -0.000000 -0.000000 -1.000000
vn -0.000000 -0.000000 -1.000000
vn -0.000000 -0.000000 -1.000000
vn -0.000000 -0.000000 -1.000000
vn -0.000000 -0.000000 -1.000000
vn -0.000000 -0.000000 -1.000000
vn -0.000000 -0.000000 -1.000000
vn -0.000000 -0.000000 -1.000000
vn -0.000000 -0.000000 -1.000000
vn -0.000000 -0.000000 -1.000000
vn -0.000000 -0.000000 -1.000000
vn -0.000000 -0.000000 -1.000000
vn -0.000000 -0.000000 -1.000000
vn -0.000000 -0.000000 -1.000000
vn -0.000000 -0.000000 -1.000000
vn -0.000000 -0.000000 -1.000000
vn -0.000000 -0.000000 -1.000000
vn -0.000000 -0.000000 -1.000000
vn -0.000000 -0.000000 -1.000000
vn -0.000000 -0.000000 -1.000000
vn -0.000000 -0.000000 -1.000000
vn -0.000000 -0.000000 -1.000000
vn -0.000000 -0.000000 -1.000000
vn -0.000000 -0.000000 -1.000000
vn -0.000000 -0.000000 -1.000000
vn -0.000000 -0.000000 -1.000000
vn -0.000000 -0.000000 -1.000000
vn -0.000000 -0.000000 -1.000000
vn -0.000000 -0.000000 -1.000000
vn -0.000000 -0.000000 -1.000000
vn -0.000000 -0.000000 -1.000000
vn -0.000000 -0.000000 -1.000000
vn -0.000000 -0.000000 -1.000000
vn -0.000000 -0.000000 -1.000000
vn -0.000000 -0.000000 -1.000000
vn -0.000000 -0.000000 -1.000000
vn -0.000000 -0.000000 -1.000000
vn -0.000000 -0.000000 -1.000000
vn -0.000000 -0.000000 -1.000000
vn -0.000000 -0.000000 -1.000000
vn -0.000000 -0.000000 -1.000000
vn -0.000000 -0.000000 -1.000000
vn -0.000000 -0.000000 -1.000000
vn -0.000000 -0.000000 -1.000000
vn -0.000000 -0.000000 -1.000000
vn -0.000000 -0.000000 -1.000000
vn -0.000000 -0.000000 -1.000000
vn -0.000000 -0.000000 -1.000000
vn -0.000000 -0.000000 -1.000000
vn -0.000000 -0.000000 -1.000000
vn -0.000000 -0.000000 -1.000000
vn -0.000000 -0.000000 -1.000000
vn -0.000000 -0.000000 -1.000000
vn -0.000000 -0.000000 -1.000000
vn -0.000000 -0.000000 -1.000000
vn -0.000000 -0.000000 -1.000000
vn -0.000000 -0.000000 -1.000000
vn -0.000000 -0.000000 -1.000000
vn -0.000000 -0.000000 -1.000000
vn -0.000000 -0.000000 -1.000000
vn -0.000000 -0.000000 -1.000000
vn -0.000000 -0.000000 -1.000000
vn -0.000000 -0.000000 -1.000000
vn -0.000000 -0.000000 -1.000000
vn -0.000000 -0.000000 -1.000000
vn -0.000000 -0.000000 -1.000000
vn -0.000000 -0.000000 -1.000000
vn -0.000000 -0.000000 -1.000000
vn -0.000000 -0.000000 -1.000000
vn -0.000000 -0.000000 -1.000000
vn -0.000000 -0.000000 -1.000000
vn -0.000000 -0.000000 -1.000000
vn -0.000000 -0.000000 -1.000000
vn -0.000000 -0.000000 -1.000000
vn -0.000000 -0.000000 -1.000000
vn -0.000000 -0.000000 -1.000000
vn -0.000000 -0.000000 -1.000000
vn -0.000000 -0.000000 -1.000000
vn -0.000000 -0.000000 -1.000000
vn -0.000000 -0.000000 -1.000000
vn -0.000000 -0.000000 -1.000000
vn -0.000000 -0.000000 -1.000000
vn -0.000000 -0.000000 -1.000000
vn -0.000000 -0.000000 -1.000000
vn -0.000000 -0.000000 -1.000000
vn -0.000000 -0.000000 -1.000000
vn -0.000000 -0.000000 -1.000000
vn -0.000000 -0.000000 -1.000000
vn -0.000000 -0.000000 -1.000000
vn -0.000000 -0.000000 -1.000000
vn -0.000000 -0.000000 -1.000000
vn -0.000000 -0.000000 -1.000000
vn -0.000000 -0.000000 -1.000000
vn -0.000000 -0.000000 -1.000000
vn -0.000000 -0.000000 -1.000000
vn -0.000000 -0.000000 -1.000000
vn -0.000000 -0.000000 -1.000000
vn -0.000000 -0.000000 -1.000000
vn -0.000000 -0.000000 -1.000000
vn -0.000000 -0.000000 -1.000000
vn -0.000000 -0.000000 -1.000000
vn -0.000000 -0.000000 -1.000000
vn -0.000000 -0.000000 -1.000000
vn -0.000000 -0.000000 -1.000000
vn -0.000000 -0.000000 -1.000000
vn -0.000000 -0.000000 -1.000000
vn -0.000000 -0.000000 -1.000000
vn -0.000000 -0.000000 -1.000000
vn -0.000000 -0.000000 -1.000000
vn -0.000000 -0.000000 -1.000000
vn -0.000000 -0.000000 -1.000000
vn -0.000000 -0.000000 -1.000000
vn -0.000000 -0.000000 -1.000000
vn -0.000000 -0.000000 -1.000000
vn -0.000000 -0.000000 -1.000000
vn -0.000000 -0.000000 -1.000000
vn -0.000000 -0.000000 -1.000000
vn -0.000000 -0.000000 -1.000000
vn -0.000000 -0.000000 -1.000000
vn -0.000000 -0.000000 -1.000000
vn -0.000000 -0.000000 -1.000000
vn -0.000000 -0.000000 -1.000000
vn -0.000000 -0.000000 -1.000000
vn -0.000000 -0.000000 -1.000000
vn -0.000000 -0.000000 -1.000000
vn -0.000000 -0.000000 -1.000000
vn -0.000000 -0.000000 -1.000000
vn -0.000000 -0.000000 -1.000000
vn -0.000000 -0.000000 -1.000000
vn -0.000000 -0.000000 -1.000000
vn -0.000000 -0.000000 -1.000000
vn -0.000000 -0.000000 -1.000000
vn -0.000000 -0.000000 -1.000000
vn -0.000000 -0.000000 -1.000000
vn -0.000000 -0.000000 -1.000000
vn -0.000000 -0.000000 -1.000000
vn -0.000000 -0.000000 -1.000000
vn -0.000000 -0.000000 -1.000000
vn -0.000000 -0.000000 -1.000000
vn -0.000000 -0.000000 -1.000000
vn -0.000000 -0.000000 -1.000000
vn -0.000000 -0.000000 -1.000000
vn -0.000000 -0.000000 -1.000000
vn -0.000000 -0.000000 -1.000000
vn -0.000000 -0.000000 -1.000000
vn -0.000000 -0.000000 -1.000000
vn -0.000000 -0.000000 -1.000000
vn -0.000000 -0.000000 -1.000000
vn -0.000000 -0.000000 -1.000000
vn -0.000000 -0.000000 -1.000000
vn -0.000000 -0.000000 -1.000000
vn -0.000000 -0.000000 -1.000000
vn -0.000000 -0.000000 -1.000000
vn -0.000000 -0.000000 -1.000000
vn -0.000000 -0.000000 -1.000000
vn -0.000000 -0.000000 -1.000000
vn -0.000000 -0.000000 -1.000000
vn -0.000000 -0.000000 -1.000000
vn -0.000000 -0.000000 -1.000000
vn -0.000000 -0.000000 -1.000000
vn -0.000000 -0.000000 -1.000000
vn -0.000000 -0.000000 -1.000000
vn -0.000000 -0.000000 -1.000000
vn -0.000000 -0.000000 -1.000000
vn -0.000000 -0.000000 -1.000000
vn -0.000000 -0.000000 -1.000000
vn -0.000000 -0.000000 -1.000000
vn -0.000000 -0.000000 -1.000000
vn -0.000000 -0.000000 -1.000000
vn -0.000000 -0.000000 -1.000000
vn -0.000000 -0.000000 -1.000000
vn -0.000000 -0.000000 -1.000000
vn -0.000000 -0.000000 -1.000000
vn -0.000000 -0.000000 -1.000000
vn -0.000000 -0.000000 -1.000000
vn -0.000000 -0.000000 -1.000000
vn -0.000000 -0.000000 -1.000000
vn -0.000000 -0.000000 -1.000000
vn -0.000000 -0.000000 -1.000000
vn -0.000000 -0.000000 -1.000000
vn -0.000000 -0.000000 -1.000000
vn -0.000000 -0.000000 -1.000000
vn -0.000000 -0.000000 -1.000000
vn -0.000000 -0.000000 -1.000000
vn -0.000000 -0.000000 -1.000000
vn -0.000000 -0.000000 -1.000000
vn -0.000000 -0.000000 -1.000000
vn -0.000000 -0.000000 -1.000000
vn -0.000000 -0.000000 -1.000000
vn -0.000000 -0.000000 -1.000000
vn -0.000000 -0.000000 -1.000000
vn -0.000000 -0.000000 -1.000000
vn -0.000000 -0.000000 -1.000000
vn -0.000000 -0.000000 -1.000000
vn -0.000000 -0.000000 -1.000000
vn -0.000000 -0.000000 -1.000000
vn -0.000000 -0.000000 -1.000000
vn -0.000000 -0.000000 -1.000000
vn -0.000000 -0.000000 -1.000000
vn -0.000000 -0.000000 -1.000000
vn -0.000000 -0.000000 -1.000000
vn -0.000000 -0.000000 -1.000000
vn -0.000000 -0.000000 -1.000000
vn -0.000000 -0.000000 -1.000000
vn -0.000000 -0.000000 -1.000000
vn -0.000000 -0.000000 -1.000000
vn -0.000000 -0.000000 -1.000000
vn -0.000000 -0.000000 -1.000000
vn -0.000000 -0.000000 -1.000000
vn -0.000000 -0.000000 -1.000000
vn -0.000000 -0.000000 -1.000000
vn -0.000000 -0.000000 -1.000000
vn -0.000000 -0.000000 -1.000000
vn -0.000000 -0.000000 -1.000000
vn -0.000000 -0.000000 -1.000000
vn -0.000000 -0.000000 -1.000000
vn -0.000000 -0.000000 -1.000000
vn -0.000000 -0.000000 -1.000000
vn -0.000000 -0.000000 -1.000000
vn -0.000000 -0.000000 -1.000000
vn -0.000000 -0.000000 -1.000000
vn -0.000000 -0.000000 -1.000000
vn -0.000000 -0.000000 -1.000000
vn -0.000000 -0.000000 -1.000000
vn -0.000000 -0.000000 -1.000000
vn -0.000000 -0.000000 -1.000000
vn -0.000000 -0.000000 -1.000000
vn -0.000000 -0.000000 -1.000000
vn -0.000000 -0.000000 -1.000000
vn -0.000000 -0.000000 -1.000000
vn -0.000000 -0.000000 -1.000000
vn -0.000000 -0.000000 -1.000000
vn -0.000000 -0.000000 -1.000000
vn -0.000000 -0.000000 -1.000000
vn -0.000000 -0.000000 -1.000000
vn -0.000000 -0.000000 -1.000000
vn -0.000000 -0.000000 -1.000000
vn -0.000000 -0.000000 -1.000000
vn -0.000000 -0.000000 -1.000000
vn -0.000000 -0.000000 -1.000000
vn -0.000000 -0.000000 -1.000000
vn -0.000000 -0.000000 -1.000000
vn -0.000000 -0.000000 -1.000000
vn -0.000000 -0.000000 -1.000000
vn -0.000000 -0.000000 -1.000000
vn -0.000000 -0.000000 -1.000000
vn -0.000000 -0.000000 -1.000000
vn -0.000000 -0.000000 -1.000000
vn -0.000000 -0.000000 -1.000000
vn -0.000000 -0.000000 -1.000000
vn -0.000000 -0.000000 -1.000000
vn -0.000000 -0.000000 -1.000000
vn -0.000000 -0.000000 -1.000000
vn -0.000000 -0.000000 -1.000000
vn -0.000000 -0.000000 -1.000000
vn -0.000000 -0.000000 -1.000000
vn -0.000000 -0.000000 -1.000000
vn -0.000000 -0.000000 -1.000000
vn -0.000000 -0.000000 -1.000000
vn -0.000000 -0.000000 -1.000000
vn -0.000000 -0.000000 -1.000000
vn -0.000000 -0.000000 -1.000000
vn -0.000000 -0.000000 -1.000000
vn -0.000000 -0.000000 -1.000000
vn -0.000000 -0.000000 -1.000000
vn -0.000000 -0.000000 -1.000000
vn -0.000000 -0.000000 -1.000000
vn -0.000000 -0.000000 -1.000000
vn -0.000000 -0.000000 -1.000000
vn -0.000000 -0.000000 -1.000000
vn -0.000000 -0.000000 -1.000000
vn -0.000000 -0.000000 -1.000000
vn -0.000000 -0.000000 -1.000000
vn -0.000000 -0.000000 -1.000000
vn -0.000000 -0.000000 -1.000000
vn -0.000000 -0.000000 -1.000000
vn -0.000000 -0.000000 -1.000000
vn -0.000000 -0.000000 -1.000000
vn -0.000000 -0.000000 -1.000000
vn -0.000000 -0.000000 -1.000000
vn -0.000000 -0.000000 -1.000000
vn -0.000000 -0.000000 -1.000000
vn -0.000000 -0.000000 -1.000000
vn -0.000000 -0.000000 -1.000000
vn -0.000000 -0.000000 -1.000000
vn -0.000000 -0.000000 -1.000000
vn -0.000000 -0.000000 -1.000000
vn -0.000000 -0.000000 -1.000000
vn -0.000000 -0.000000 -1.000000
vn -0.000000 -0.000000 -1.000000
vn -0.000000 -0.000000 -1.000000
vn -0.000000 -0.000000 -1.000000
vn -0.000000 -0.000000 -1.000000
vn -0.000000 -0.000000 -1.000000
vn -0.000000 -0.000000 -1.000000
vn -0.000000 -0.000000 -1.000000
vn -0.000000 -0.000000 -1.000000
vn -0.000000 -0.000000 -1.000000
vn -0.000000 -0.000000 -1.000000
vn -0.000000 -0.000000 -1.000000
vn -0.000000 -0.000000 -1.000000
vn -0.000000 -0.000000 -1.000000
vn -0.000000 -0.000000 -1.000000
vn -0.000000 -0.000000 -1.000000
vn -0.000000 -0.000000 -1.000000
vn -0.000000 -0.000000 -1.000000
vn -0.000000 -0.000000 -1.000000
vn -0.000000 -0.000000 -1.000000
vn -0.000000 -0.000000 -1.000000
vn -0.000000 -0.000000 -1.000000
vn -0.000000 -0.000000 -1.000000
vn -0.000000 -0.000000 -1.000000
vn -0.000000 -0.000000 -1.000000
vn -0.000000 -0.000000 -1.000000
vn -0.000000 -0.000000 -1.000000
vn -0.000000 -0.000000 -1.000000
vn -0.000000 -0.000000 -1.000000
vn -0.000000 -0.000000 -1.000000
vn -0.000000 -0.000000 -1.000000
vn -0.000000 -0.000000 -1.000000
vn -0.000000 -0.000000 -1.000000
vn -0.000000 -0.000000 -1.000000
vn -0.000000 -0.000000 -1.000000
vn -0.000000 -0.000000 -1.000000
vn -0.000000 -0.000000 -1.000000
vn -0.000000 -0.000000 -1.000000
vn -0.000000 -0.000000 -1.000000
vn -0.000000 -0.000000 -1.000000
vn -0.000000 -0.000000 -1.000000
vn -0.000000 -0.000000 -1.000000
vn -0.000000 -0.000000 -1.000000
vn -0.000000 -0.000000 -1.000000
vn -0.000000 -0.000000 -1.000000
vn -0.000000 -0.000000 -1.000000
vn -0.000000 -0.000000 -1.000000
vn -0.000000 -0.000000 -1.000000
vn -0.000000 -0.000000 -1.000000
vn -0.000000 -0.000000 -1.000000
vn -0.000000 -0.000000 -1.000000
vn -0.000000 -0.000000 -1.000000
vn -0.000000 -0.000000 -1.000000
vn -0.000000 -0.000000 -1.000000
vn -0.000000 -0.000000 -1.000000
vn -0.000000 -0.000000 -1.000000
vn -0.000000 -0.000000 -1.000000
vn -0.000000 -0.000000 -1.000000
vn -0.000000 -0.000000 -1.000000
vn -0.000000 -0.000000 -1.000000
vn -0.000000 -0.000000 -1.000000
vn -0.000000 -0.000000 -1.000000
vn -0.000000 -0.000000 -1.000000
vn -0.000000 -0.000000 -1.000000
usemtl Glass_(Clear)
f 2/1/1 48/2/2 1/3/3
f 1/3/3 48/2/2 25/4/4
f 1/5/3 25/6/4 24/7/5
f 24/7/5 25/6/4 26/8/6
f 24/7/5 26/8/6 23/9/7
f 23/9/7 26/8/6 27/10/8
f 23/9/7 27/10/8 22/11/9
f 22/11/9 27/10/8 28/12/10
f 22/11/9 28/12/10 21/13/11
f 21/13/11 28/12/10 29/14/12
f 21/13/11 29/14/12 20/15/13
f 20/15/13 29/14/12 30/16/14
f 20/15/13 30/16/14 19/17/15
f 19/17/15 30/16/14 31/18/16
f 19/17/15 31/18/16 18/19/17
f 18/19/17 31/18/16 32/20/18
f 18/19/17 32/20/18 17/21/19
f 17/21/19 32/20/18 33/22/20
f 17/21/19 33/22/20 16/23/21
f 16/23/21 33/22/20 34/24/22
f 16/23/21 34/24/22 15/25/23
f 15/25/23 34/24/22 35/26/24
f 15/25/23 35/26/24 14/27/25
f 14/27/25 35/26/24 36/28/26
f 14/27/25 36/28/26 13/29/27
f 13/29/27 36/28/26 37/30/28
f 13/29/27 37/30/28 12/31/29
f 12/31/29 37/30/28 38/32/30
f 12/31/29 38/32/30 11/33/31
f 11/33/31 38/32/30 39/34/32
f 11/33/31 39/34/32 10/35/33
f 10/35/33 39/34/32 40/36/34
f 10/35/33 40/36/34 9/37/35
f 9/37/35 40/36/34 41/38/36
f 9/37/35 41/38/36 8/39/37
f 8/39/37 41/38/36 42/40/38
f 8/39/37 42/40/38 7/41/39
f 7/41/39 42/40/38 43/42/40
f 7/41/39 43/42/40 6/43/41
f 6/43/41 43/42/40 44/44/42
f 6/43/41 44/44/42 5/45/43
f 5/45/43 44/44/42 45/46/44
f 5/45/43 45/46/44 4/47/45
f 4/47/45 45/46/44 46/48/46
f 4/47/45 46/48/46 3/49/47
f 3/49/47 46/48/46 47/50/48
f 3/49/47 47/50/48 2/1/1
f 2/1/1 47/50/48 48/2/2
f 50/51/49 96/52/50 49/53/51
f 49/53/51 96/52/50 73/54/52
f 49/55/51 73/56/52 72/57/53
f 72/57/53 73/56/52 74/58/54
f 72/57/53 74/58/54 71/59/55
f 71/59/55 74/58/54 75/60/56
f 71/59/55 75/60/56 70/61/57
f 70/61/57 75/60/56 76/62/58
f 70/61/57 76/62/58 69/63/59
f 69/63/59 76/62/58 77/64/60
f 69/63/59 77/64/60 68/65/61
f 68/65/61 77/64/60 78/66/62
f 68/65/61 78/66/62 67/67/63
f 67/67/63 78/66/62 79/68/64
f 67/67/63 79/68/64 66/69/65
f 66/69/65 79/68/64 80/70/66
f 66/69/65 80/70/66 65/71/67
f 65/71/67 80/70/66 81/72/68
f 65/71/67 81/72/68 64/73/69
f 64/73/69 81/72/68 82/74/70
f 64/73/69 82/74/70 63/75/71
f 63/75/71 82/74/70 83/76/72
f 63/75/71 83/76/72 62/77/73
f 62/77/73 83/76/72 84/78/74
f 62/77/73 84/78/74 61/79/75
f 61/79/75 84/78/74 85/80/76
f 61/79/75 85/80/76 60/81/77
f 60/81/77 85/80/76 86/82/78
f 60/81/77 86/82/78 59/83/79
f 59/83/79 86/82/78 87/84/80
f 59/83/79 87/84/80 58/85/81
f 58/85/81 87/84/80 88/86/82
f 58/85/81 88/86/82 57/87/83
f 57/87/83 88/86/82 89/88/84
f 57/87/83 89/88/84 56/89/85
f 56/89/85 89/88/84 90/90/86
f 56/89/85 90/90/86 55/91/87
f 55/91/87 90/90/86 91/92/88
f 55/91/87 91/92/88 54/93/89
f 54/93/89 91/92/88 92/94/90
f 54/93/89 92/94/90 53/95/91
f 53/95/91 92/94/90 93/96/92
f 53/95/91 93/96/92 52/97/93
f 52/97/93 93/96/92 94/98/94
f 52/97/93 94/98/94 51/99/95
f 51/99/95 94/98/94 95/100/96
f 51/99/95 95/100/96 50/51/49
f 50/51/49 95/100/96 96/52/50
f 98/101/97 144/102/98 97/103/99
f 97/103/99 144/102/98 121/104/100
f 97/105/99 121/106/100 120/107/101
f 120/107/101 121/106/100 122/108/102
f 120/107/101 122/108/102 119/109/103
f 119/109/103 122/108/102 123/110/104
f 119/109/103 123/110/104 118/111/105
f 118/111/105 123/110/104 124/112/106
f 118/111/105 124/112/106 117/113/107
f 117/113/107 124/112/106 125/114/108
f 117/113/107 125/114/108 116/115/109
f 116/115/109 125/114/108 126/116/110
f 116/115/109 126/116/110 115/117/111
f 115/117/111 126/116/110 127/118/112
f 115/117/111 127/118/112 114/119/113
f 114/119/113 127/118/112 128/120/114
f 114/119/113 128/120/114 113/121/115
f 113/121/115 128/120/114 129/122/116
f 113/121/115 129/122/116 112/123/117
f 112/123/117 129/122/116 130/124/118
f 112/123/117 130/124/118 111/125/119
f 111/125/119 130/124/118 131/126/120
f 111/125/119 131/126/120 110/127/121
f 110/127/121 131/126/120 132/128/122
f 110/127/121 132/128/122 109/129/123
f 109/129/123 132/128/122 133/130/124
f 109/129/123 133/130/124 108/131/125
f 108/131/125 133/130/124 134/132/126
f 108/131/125 134/132/126 107/133/127
f 107/133/127 134/132/126 135/134/128
f 107/133/127 135/134/128 106/135/129
f 106/135/129 135/134/128 136/136/130
f 106/135/129 136/136/130 105/137/131
f 105/137/131 136/136/130 137/138/132
f 105/137/131 137/138/132 104/139/133
f 104/139/133 137/138/132 138/140/134
f 104/139/133 138/140/134 103/141/135
f 103/141/135 138/140/134 139/142/136
f 103/141/135 139/142/136 102/143/137
f 102/143/137 139/142/136 140/144/138
f 102/143/137 140/144/138 101/145/139
f 101/145/139 140/144/138 141/146/140
f 101/145/139 141/146/140 100/147/141
f 100/147/141 141/146/140 142/148/142
f 100/147/141 142/148/142 99/149/143
f 99/149/143 142/148/142 143/150/144
f 99/149/143 143/150/144 98/101/97
f 98/101/97 143/150/144 144/102/98
f 146/151/145 192/152/146 145/153/147
f 145/153/147 192/152/146 169/154/148
f 145/155/147 169/156/148 168/157/149
f 168/157/149 169/156/148 170/158/150
f 168/157/149 170/158/150 167/159/151
f 167/159/151 170/158/150 171/160/152
f 167/159/151 171/160/152 166/161/153
f 166/161/153 171/160/152 172/162/154
f 166/161/153 172/162/154 165/163/155
f 165/163/155 172/162/154 173/164/156
f 165/163/155 173/164/156 164/165/157
f 164/165/157 173/164/156 174/166/158
f 164/165/157 174/166/158 163/167/159
f 163/167/159 174/166/158 175/168/160
f 163/167/159 175/168/160 162/169/161
f 162/169/161 175/168/160 176/170/162
f 162/169/161 176/170/162 161/171/163
f 161/171/163 176/170/162 177/172/164
f 161/171/163 177/172/164 160/173/165
f 160/173/165 177/172/164 178/174/166
f 160/173/165 178/174/166 159/175/167
f 159/175/167 178/174/166 179/176/168
f 159/175/167 179/176/168 158/177/169
f 158/177/169 179/176/168 180/178/170
f 158/177/169 180/178/170 157/179/171
f 157/179/171 180/178/170 181/180/172
f 157/179/171 181/180/172 156/181/173
f 156/181/173 181/180/172 182/182/174
f 156/181/173 182/182/174 155/183/175
f 155/183/175 182/182/174 183/184/176
f 155/183/175 183/184/176 154/185/177
f 154/185/177 183/184/176 184/186/178
f 154/185/177 184/186/178 153/187/179
f 153/187/179 184/186/178 185/188/180
f 153/187/179 185/188/180 152/189/181
f 152/189/181 185/188/180 186/190/182
f 152/189/181 186/190/182 151/191/183
f 151/191/183 186/190/182 187/192/184
f 151/191/183 187/192/184 150/193/185
f 150/193/185 187/192/184 188/194/186
f 150/193/185 188/194/186 149/195/187
f 149/195/187 188/194/186 189/196/188
f 149/195/187 189/196/188 148/197/189
f 148/197/189 189/196/188 190/198/190
f 148/197/189 190/198/190 147/199/191
f 147/199/191 190/198/190 191/200/192
f 147/199/191 191/200/192 146/151/145
f 146/151/145 191/200/192 192/152/146
f 194/201/193 240/202/194 193/203/195
f 193/203/195 240/202/194 217/204/196
f 193/205/195 217/206/196 216/207/197
f 216/207/197 217/206/196 218/208/198
f 216/207/197 218/208/198 215/209/199
f 215/209/199 218/208/198 219/210/200
f 215/209/199 219/210/200 214/211/201
f 214/211/201 219/210/200 220/212/202
f 214/211/201 220/212/202 213/213/203
f 213/213/203 220/212/202 221/214/204
f 213/213/203 221/214/204 212/215/205
f 212/215/205 221/214/204 222/216/206
f 212/215/205 222/216/206 211/217/207
f 211/217/207 222/216/206 223/218/208
f 211/217/207 223/218/208 210/219/209
f 210/219/209 223/218/208 224/220/210
f 210/219/209 224/220/210 209/221/211
f 209/221/211 224/220/210 225/222/212
f 209/221/211 225/222/212 208/223/213
f 208/223/213 225/222/212 226/224/214
f 208/223/213 226/224/214 207/225/215
f 207/225/215 226/224/214 227/226/216
f 207/225/215 227/226/216 206/227/217
f 206/227/217 227/226/216 228/228/218
f 206/227/217 228/228/218 205/229/219
f 205/229/219 228/228/218 229/230/220
f 205/229/219 229/230/220 204/231/221
f 204/231/221 229/230/220 230/232/222
f 204/231/221 230/232/222 203/233/223
f 203/233/223 230/232/222 231/234/224
f 203/233/223 231/234/224 202/235/225
f 202/235/225 231/234/224 232/236/226
f 202/235/225 232/236/226 201/237/227
f 201/237/227 232/236/226 233/238/228
f 201/237/227 233/238/228 200/239/229
f 200/239/229 233/238/228 234/240/230
f 200/239/229 234/240/230 199/241/231
f 199/241/231 234/240/230 235/242/232
f 199/241/231 235/242/232 198/243/233
f 198/243/233 235/242/232 236/244/234
f 198/243/233 236/244/234 197/245/235
f 197/245/235 236/244/234 237/246/236
f 197/245/235 237/246/236 196/247/237
f 196/247/237 237/246/236 238/248/238
f 196/247/237 238/248/238 195/249/239
f 195/249/239 238/248/238 239/250/240
f 195/249/239 239/250/240 194/201/193
f 194/201/193 239/250/240 240/202/194
f 242/251/241 288/252/242 241/253/243
f 241/253/243 288/252/242 265/254/244
f 241/255/243 265/256/244 264/257/245
f 264/257/245 265/256/244 266/258/246
f 264/257/245 266/258/246 263/259/247
f 263/259/247 266/258/246 267/260/248
f 263/259/247 267/260/248 262/261/249
f 262/261/249 267/260/248 268/262/250
f 262/261/249 268/262/250 261/263/251
f 261/263/251 268/262/250 269/264/252
f 261/263/251 269/264/252 260/265/253
f 260/265/253 269/264/252 270/266/254
f 260/265/253 270/266/254 259/267/255
f 259/267/255 270/266/254 271/268/256
f 259/267/255 271/268/256 258/269/257
f 258/269/257 271/268/256 272/270/258
f 258/269/257 272/270/258 257/271/259
f 257/271/259 272/270/258 273/272/260
f 257/271/259 273/272/260 256/273/261
f 256/273/261 273/272/260 274/274/262
f 256/273/261 274/274/262 255/275/263
f 255/275/263 274/274/262 275/276/264
f 255/275/263 275/276/264 254/277/265
f 254/277/265 275/276/264 276/278/266
f 254/277/265 276/278/266 253/279/267
f 253/279/267 276/278/266 277/280/268
f 253/279/267 277/280/268 252/281/269
f 252/281/269 277/280/268 278/282/270
f 252/281/269 278/282/270 251/283/271
f 251/283/271 278/282/270 279/284/272
f 251/283/271 279/284/272 250/285/273
f 250/285/273 279/284/272 280/286/274
f 250/285/273 280/286/274 249/287/275
f 249/287/275 280/286/274 281/288/276
f 249/287/275 281/288/276 248/289/277
f 248/289/277 281/288/276 282/290/278
f 248/289/277 282/290/278 247/291/279
f 247/291/279 282/290/278 283/292/280
f 247/291/279 283/292/280 246/293/281
f 246/293/281 283/292/280 284/294/282
f 246/293/281 284/294/282 245/295/283
f 245/295/283 284/294/282 285/296/284
f 245/295/283 285/296/284 244/297/285
f 244/297/285 285/296/284 286/298/286
f 244/297/285 286/298/286 243/299/287
f 243/299/287 286/298/286 287/300/288
f 243/299/287 287/300/288 242/251/241
f 242/251/241 287/300/288 288/252/242
f 290/301/289 336/302/290 289/303/291
f 289/303/291 336/302/290 313/304/292
f 289/305/291 313/306/292 312/307/293
f 312/307/293 313/306/292 314/308/294
f 312/307/293 314/308/294 311/309/295
f 311/309/295 314/308/294 315/310/296
f 311/309/295 315/310/296 310/311/297
f 310/311/297 315/310/296 316/312/298
f 310/311/297 316/312/298 309/313/299
f 309/313/299 316/312/298 317/314/300
f 309/313/299 317/314/300 308/315/301
f 308/315/301 317/314/300 318/316/302
f 308/315/301 318/316/302 307/317/303
f 307/317/303 318/316/302 319/318/304
f 307/317/303 319/318/304 306/319/305
f 306/319/305 319/318/304 320/320/306
f 306/319/305 320/320/306 305/321/307
f 305/321/307 320/320/306 321/322/308
f 305/321/307 321/322/308 304/323/309
f 304/323/309 321/322/308 322/324/310
f 304/323/309 322/324/310 303/325/311
f 303/325/311 322/324/310 323/326/312
f 303/325/311 323/326/312 302/327/313
f 302/327/313 323/326/312 324/328/314
f 302/327/313 324/328/314 301/329/315
f 301/329/315 324/328/314 325/330/316
f 301/329/315 325/330/316 300/331/317
f 300/331/317 325/330/316 326/332/318
f 300/331/317 326/332/318 299/333/319
f 299/333/319 326/332/318 327/334/320
f 299/333/319 327/334/320 298/335/321
f 298/335/321 327/334/320 328/336/322
f 298/335/321 328/336/322 297/337/323
f 297/337/323 328/336/322 329/338/324
f 297/337/323 329/338/324 296/339/325
f 296/339/325 329/338/324 330/340/326
f 296/339/325 330/340/326 295/341/327
f 295/341/327 330/340/326 331/342/328
f 295/341/327 331/342/328 294/343/329
f 294/343/329 331/342/328 332/344/330
f 294/343/329 332/344/330 293/345/331
f 293/345/331 332/344/330 333/346/332
f 293/345/331 333/346/332 292/347/333
f 292/347/333 333/346/332 334/348/334
f 292/347/333 334/348/334 291/349/335
f 291/349/335 334/348/334 335/350/336
f 291/349/335 335/350/336 290/301/289
f 290/301/289 335/350/336 336/302/290
f 338/351/337 384/352/338 337/353/339
f 337/353/339 384/352/338 361/354/340
f 337/355/339 361/356/340 360/357/341
f 360/357/341 361/356/340 362/358/342
f 360/357/341 362/358/342 359/359/343
f 359/359/343 362/358/342 363/360/344
f 359/359/343 363/360/344 358/361/345
f 358/361/345 363/360/344 364/362/346
f 358/361/345 364/362/346 357/363/347
f 357/363/347 364/362/346 365/364/348
f 357/363/347 365/364/348 356/365/349
f 356/365/349 365/364/348 366/366/350
f 356/365/349 366/366/350 355/367/351
f 355/367/351 366/366/350 367/368/352
f 355/367/351 367/368/352 354/369/353
f 354/369/353 367/368/352 368/370/354
f 354/369/353 368/370/354 353/371/355
f 353/371/355 368/370/354 369/372/356
f 353/371/355 369/372/356 352/373/357
f 352/373/357 369/372/356 370/374/358
f 352/373/357 370/374/358 351/375/359
f 351/375/359 370/374/358 371/376/360
f 351/375/359 371/376/360 350/377/361
f 350/377/361 371/376/360 372/378/362
f 350/377/361 372/378/362 349/379/363
f 349/379/363 372/378/362 373/380/364
f 349/379/363 373/380/364 348/381/365
f 348/381/365 373/380/364 374/382/366
f 348/381/365 374/382/366 347/383/367
f 347/383/367 374/382/366 375/384/368
f 347/383/367 375/384/368 346/385/369
f 346/385/369 375/384/368 376/386/370
f 346/385/369 376/386/370 345/387/371
f 345/387/371 376/386/370 377/388/372
f 345/387/371 377/388/372 344/389/373
f 344/389/373 377/388/372 378/390/374
f 344/389/373 378/390/374 343/391/375
f 343/391/375 378/390/374 379/392/376
f 343/391/375 379/392/376 342/393/377
f 342/393/377 379/392/376 380/394/378
f 342/393/377 380/394/378 341/395/379
f 341/395/379 380/394/378 381/396/380
f 341/395/379 381/396/380 340/397/381
f 340/397/381 381/396/380 382/398/382
f 340/397/381 382/398/382 339/399/383
f 339/399/383 382/398/382 383/400/384
f 339/399/383 383/400/384 338/351/337
f 338/351/337 383/400/384 384/352/338
f 386/401/385 432/402/386 385/403/387
f 385/403/387 432/402/386 409/404/388
f 385/405/387 409/406/388 408/407/389
f 408/407/389 409/406/388 410/408/390
f 408/407/389 410/408/390 407/409/391
f 407/409/391 410/408/390 411/410/392
f 407/409/391 411/410/392 406/411/393
f 406/411/393 411/410/392 412/412/394
f 406/411/393 412/412/394 405/413/395
f 405/413/395 412/412/394 413/414/396
f 405/413/395 413/414/396 404/415/397
f 404/415/397 413/414/396 414/416/398
f 404/415/397 414/416/398 403/417/399
f 403/417/399 414/416/398 415/418/400
f 403/417/399 415/418/400 402/419/401
f 402/419/401 415/418/400 416/420/402
f 402/419/401 416/420/402 401/421/403
f 401/421/403 416/420/402 417/422/404
f 401/421/403 417/422/404 400/423/405
f 400/423/405 417/422/404 418/424/406
f 400/423/405 418/424/406 399/425/407
f 399/425/407 418/424/406 419/426/408
f 399/425/407 419/426/408 398/427/409
f 398/427/409 419/426/408 420/428/410
f 398/427/409 420/428/410 397/429/411
f 397/429/411 420/428/410 421/430/412
f 397/429/411 421/430/412 396/431/413
f 396/431/413 421/430/412 422/432/414
f 396/431/413 422/432/414 395/433/415
f 395/433/415 422/432/414 423/434/416
f 395/433/415 423/434/416 394/435/417
f 394/435/417 423/434/416 424/436/418
f 394/435/417 424/436/418 393/437/419
f 393/437/419 424/436/418 425/438/420
f 393/437/419 425/438/420 392/439/421
f 392/439/421 425/438/420 426/440/422
f 392/439/421 426/440/422 391/441/423
f 391/441/423 426/440/422 427/442/424
f 391/441/423 427/442/424 390/443/425
f 390/443/425 427/442/424 428/444/426
f 390/443/425 428/444/426 389/445/427
f 389/445/427 428/444/426 429/446/428
f 389/445/427 429/446/428 388/447/429
f 388/447/429 429/446/428 430/448/430
f 388/447/429 430/448/430 387/449/431
f 387/449/431 430/448/430 431/450/432
f 387/449/431 431/450/432 386/401/385
f 386/401/385 431/450/432 432/402/386
f 434/451/433 480/452/434 433/453/435
f 433/453/435 480/452/434 457/454/436
f 433/455/435 457/456/436 456/457/437
f 456/457/437 457/456/436 458/458/438
f 456/457/437 458/458/438 455/459/439
f 455/459/439 458/458/438 459/460/440
f 455/459/439 459/460/440 454/461/441
f 454/461/441 459/460/440 460/462/442
f 454/461/441 460/462/442 453/463/443
f 453/463/443 460/462/442 461/464/444
f 453/463/443 461/464/444 452/465/445
f 452/465/445 461/464/444 462/466/446
f 452/465/445 462/466/446 451/467/447
f 451/467/447 462/466/446 463/468/448
f 451/467/447 463/468/448 450/469/449
f 450/469/449 463/468/448 464/470/450
f 450/469/449 464/470/450 449/471/451
f 449/471/451 464/470/450 465/472/452
f 449/471/451 465/472/452 448/473/453
f 448/473/453 465/472/452 466/474/454
f 448/473/453 466/474/454 447/475/455
f 447/475/455 466/474/454 467/476/456
f 447/475/455 467/476/456 446/477/457
f 446/477/457 467/476/456 468/478/458
f 446/477/457 468/478/458 445/479/459
f 445/479/459 468/478/458 469/480/460
f 445/479/459 469/480/460 444/481/461
f 444/481/461 469/480/460 470/482/462
f 444/481/461 470/482/462 443/483/463
f 443/483/463 470/482/462 471/484/464
f 443/483/463 471/484/464 442/485/465
f 442/485/465 471/484/464 472/486/466
f 442/485/465 472/486/466 441/487/467
f 441/487/467 472/486/466 473/488/468
f 441/487/467 473/488/468 440/489/469
f 440/489/469 473/488/468 474/490/470
f 440/489/469 474/490/470 439/491/471
f 439/491/471 474/490/470 475/492/472
f 439/491/471 475/492/472 438/493/473
f 438/493/473 475/492/472 476/494/474
f 438/493/473 476/494/474 437/495/475
f 437/495/475 476/494/474 477/496/476
f 437/495/475 477/496/476 436/497/477
f 436/497/477 477/496/476 478/498/478
f 436/497/477 478/498/478 435/499/479
f 435/499/479 478/498/478 479/500/480
f 435/499/479 479/500/480 434/451/433
f 434/451/433 479/500/480 480/452/434
f 482/501/481 528/502/482 481/503/483
f 481/503/483 528/502/482 505/504/484
f 481/505/483 505/506/484 504/507/485
f 504/507/485 505/506/484 506/508/486
f 504/507/485 506/508/486 503/509/487
f 503/509/487 506/508/486 507/510/488
f 503/509/487 507/510/488 502/511/489
f 502/511/489 507/510/488 508/512/490
f 502/511/489 508/512/490 501/513/491
f 501/513/491 508/512/490 509/514/492
f 501/513/491 509/514/492 500/515/493
f 500/515/493 509/514/492 510/516/494
f 500/515/493 510/516/494 499/517/495
f 499/517/495 510/516/494 511/518/496
f 499/517/495 511/518/496 498/519/497
f 498/519/497 511/518/496 512/520/498
f 498/519/497 512/520/498 497/521/499
f 497/521/499 512/520/498 513/522/500
f 497/521/499 513/522/500 496/523/501
f 496/523/501 513/522/500 514/524/502
f 496/523/501 514/524/502 495/525/503
f 495/525/503 514/524/502 515/526/504
f 495/525/503 515/526/504 494/527/505
f 494/527/505 515/526/504 516/528/506
f 494/527/505 516/528/506 493/529/507
f 493/529/507 516/528/506 517/530/508
f 493/529/507 517/530/508 492/531/509
f 492/531/509 517/530/508 518/532/510
f 492/531/509 518/532/510 491/533/511
f 491/533/511 518/532/510 519/534/512
f 491/533/511 519/534/512 490/535/513
f 490/535/513 519/534/512 520/536/514
f 490/535/513 520/536/514 489/537/515
f 489/537/515 520/536/514 521/538/516
f 489/537/515 521/538/516 488/539/517
f 488/539/517 521/538/516 522/540/518
f 488/539/517 522/540/518 487/541/519
f 487/541/519 522/540/518 523/542/520
f 487/541/519 523/542/520 486/543/521
f 486/543/521 523/542/520 524/544/522
f 486/543/521 524/544/522 485/545/523
f 485/545/523 524/544/522 525/546/524
f 485/545/523 525/546/524 484/547/525
f 484/547/525 525/546/524 526/548/526
f 484/547/525 526/548/526 483/549/527
f 483/549/527 526/548/526 527/550/528
f 483/549/527 527/550/528 482/501/481
f 482/501/481 527/550/528 528/502/482
f 530/551/529 576/552/530 529/553/531
f 529/553/531 576/552/530 553/554/532
f 529/555/531 553/556/532 552/557/533
f 552/557/533 553/556/532 554/558/534
f 552/557/533 554/558/534 551/559/535
f 551/559/535 554/558/534 555/560/536
f 551/559/535 555/560/536 550/561/537
f 550/561/537 555/560/536 556/562/538
f 550/561/537 556/562/538 549/563/539
f 549/563/539 556/562/538 557/564/540
f 549/563/539 557/564/540 548/565/541
f 548/565/541 557/564/540 558/566/542
f 548/565/541 558/566/542 547/567/543
f 547/567/543 558/566/542 559/568/544
f 547/567/543 559/568/544 546/569/545
f 546/569/545 559/568/544 560/570/546
f 546/569/545 560/570/546 545/571/547
f 545/571/547 560/570/546 561/572/548
f 545/571/547 561/572/548 544/573/549
f 544/573/549 561/572/548 562/574/550
f 544/573/549 562/574/550 543/575/551
f 543/575/551 562/574/550 563/576/552
f 543/575/551 563/576/552 542/577/553
f 542/577/553 563/576/552 564/578/554
f 542/577/553 564/578/554 541/579/555
f 541/579/555 564/578/554 565/580/556
f 541/579/555 565/580/556 540/581/557
f 540/581/557 565/580/556 566/582/558
f 540/581/557 566/582/558 539/583/559
f 539/583/559 566/582/558 567/584/560
f 539/583/559 567/584/560 538/585/561
f 538/585/561 567/584/560 568/586/562
f 538/585/561 568/586/562 537/587/563
f 537/587/563 568/586/562 569/588/564
f 537/587/563 569/588/564 536/589/565
f 536/589/565 569/588/564 570/590/566
f 536/589/565 570/590/566 535/591/567
f 535/591/567 570/590/566 571/592/568
f 535/591/567 571/592/568 534/593/569
f 534/593/569 571/592/568 572/594/570
f 534/593/569 572/594/570 533/595/571
f 533/595/571 572/594/570 573/596/572
f 533/595/571 573/596/572 532/597/573
f 532/597/573 573/596/572 574/598/574
f 532/597/573 574/598/574 531/599/575
f 531/599/575 574/598/574 575/600/576
f 531/599/575 575/600/576 530/551/529
f 530/551/529 575/600/576 576/552/530
f 578/601/577 624/602/578 577/603/579
f 577/603/579 624/602/578 601/604/580
f 577/605/579 601/606/580 600/607/581
f 600/607/581 601/606/580 602/608/582
f 600/607/581 602/608/582 599/609/583
f 599/609/583 602/608/582 603/610/584
f 599/609/583 603/610/584 598/611/585
f 598/611/585 603/610/584 604/612/586
f 598/611/585 604/612/586 597/613/587
f 597/613/587 604/612/586 605/614/588
f 597/613/587 605/614/588 596/615/589
f 596/615/589 605/614/588 606/616/590
f 596/615/589 606/616/590 595/617/591
f 595/617/591 606/616/590 607/618/592
f 595/617/591 607/618/592 594/619/593
f 594/619/593 607/618/592 608/620/594
f 594/619/593 608/620/594 593/621/595
f 593/621/595 608/620/594 609/622/596
f 593/621/595 609/622/596 592/623/597
f 592/623/597 609/622/596 610/624/598
f 592/623/597 610/624/598 591/625/599
f 591/625/599 610/624/598 611/626/600
f 591/625/599 611/626/600 590/627/601
f 590/627/601 611/626/600 612/628/602
f 590/627/601 612/628/602 589/629/603
f 589/629/603 612/628/602 613/630/604
f 589/629/603 613/630/604 588/631/605
f 588/631/605 613/630/604 614/632/606
f 588/631/605 614/632/606 587/633/607
f 587/633/607 614/632/606 615/634/608
f 587/633/607 615/634/608 586/635/609
f 586/635/609 615/634/608 616/636/610
f 586/635/609 616/636/610 585/637/611
f 585/637/611 616/636/610 617/638/612
f 585/637/611 617/638/612 584/639/613
f 584/639/613 617/638/612 618/640/614
f 584/639/613 618/640/614 583/641/615
f 583/641/615 618/640/614 619/642/616
f 583/641/615 619/642/616 582/643/617
f 582/643/617 619/642/616 620/644/618
f 582/643/617 620/644/618 581/645/619
f 581/645/619 620/644/618 621/646/620
f 581/645/619 621/646/620 580/647/621
f 580/647/621 621/646/620 622/648/622
f 580/647/621 622/648/622 579/649/623
f 579/649/623 622/648/622 623/650/624
f 579/649/623 623/650/624 578/601/577
f 578/601/577 623/650/624 624/602/578
f 626/651/625 672/652/626 625/653/627
f 625/653/627 672/652/626 649/654/628
f 625/655/627 649/656/628 648/657/629
f 648/657/629 649/656/628 650/658/630
f 648/657/629 650/658/630 647/659/631
f 647/659/631 650/658/630 651/660/632
f 647/659/631 651/660/632 646/661/633
f 646/661/633 651/660/632 652/662/634
f 646/661/633 652/662/634 645/663/635
f 645/663/635 652/662/634 653/664/636
f 645/663/635 653/664/636 644/665/637
f 644/665/637 653/664/636 654/666/638
f 644/665/637 654/666/638 643/667/639
f 643/667/639 654/666/638 655/668/640
f 643/667/639 655/668/640 642/669/641
f 642/669/641 655/668/640 656/670/642
f 642/669/641 656/670/642 641/671/643
f 641/671/643 656/670/642 657/672/644
f 641/671/643 657/672/644 640/673/645
f 640/673/645 657/672/644 658/674/646
f 640/673/645 658/674/646 639/675/647
f 639/675/647 658/674/646 659/676/648
f 639/675/647 659/676/648 638/677/649
f 638/677/649 659/676/648 660/678/650
f 638/677/649 660/678/650 637/679/651
f 637/679/651 660/678/650 661/680/652
f 637/679/651 661/680/652 636/681/653
f 636/681/653 661/680/652 662/682/654
f 636/681/653 662/682/654 635/683/655
f 635/683/655 662/682/654 663/684/656
f 635/683/655 663/684/656 634/685/657
f 634/685/657 663/684/656 664/686/658
f 634/685/657 664/686/658 633/687/659
f 633/687/659 664/686/658 665/688/660
f 633/687/659 665/688/660 632/689/661
f 632/689/661 665/688/660 666/690/662
f 632/689/661 666/690/662 631/691/663
f 631/691/663 666/690/662 667/692/664
f 631/691/663 667/692/664 630/693/665
f 630/693/665 667/692/664 668/694/666
f 630/693/665 668/694/666 629/695/667
f 629/695/667 668/694/666 669/696/668
f 629/695/667 669/696/668 628/697/669
f 628/697/669 669/696/668 670/698/670
f 628/697/669 670/698/670 627/699/671
f 627/699/671 670/698/670 671/700/672
f 627/699/671 671/700/672 626/651/625
f 626/651/625 671/700/672 672/652/626
f 674/701/673 720/702/674 673/703/675
f 673/703/675 720/702/674 697/704/676
f 673/705/675 697/706/676 696/707/677
f 696/707/677 697/706/676 698/708/678
f 696/707/677 698/708/678 695/709/679
f 695/709/679 698/708/678 699/710/680
f 695/709/679 699/710/680 694/711/681
f 694/711/681 699/710/680 700/712/682
f 694/711/681 700/712/682 693/713/683
f 693/713/683 700/712/682 701/714/684
f 693/713/683 701/714/684 692/715/685
f 692/715/685 701/714/684 702/716/686
f 692/715/685 702/716/686 691/717/687
f 691/717/687 702/716/686 703/718/688
f 691/717/687 703/718/688 690/719/689
f 690/719/689 703/718/688 704/720/690
f 690/719/689 704/720/690 689/721/691
f 689/721/691 704/720/690 705/722/692
f 689/721/691 705/722/692 688/723/693
f 688/723/693 705/722/692 706/724/694
f 688/723/693 706/724/694 687/725/695
f 687/725/695 706/724/694 707/726/696
f 687/725/695 707/726/696 686/727/697
f 686/727/697 707/726/696 708/728/698
f 686/727/697 708/728/698 685/729/699
f 685/729/699 708/728/698 709/730/700
f 685/729/699 709/730/700 684/731/701
f 684/731/701 709/730/700 710/732/702
f 684/731/701 710/732/702 683/733/703
f 683/733/703 710/732/702 711/734/704
f 683/733/703 711/734/704 682/735/705
f 682/735/705 711/734/704 712/736/706
f 682/735/705 712/736/706 681/737/707
f 681/737/707 712/736/706 713/738/708
f 681/737/707 713/738/708 680/739/709
f 680/739/709 713/738/708 714/740/710
f 680/739/709 714/740/710 679/741/711
f 679/741/711 714/740/710 715/742/712
f 679/741/711 715/742/712 678/743/713
f 678/743/713 715/742/712 716/744/714
f 678/743/713 716/744/714 677/745/715
f 677/745/715 716/744/714 717/746/716
f 677/745/715 717/746/716 676/747/717
f 676/747/717 717/746/716 718/748/718
f 676/747/717 718/748/718 675/749/719
f 675/749/719 718/748/718 719/750/720
f 675/749/719 719/750/720 674/701/673
f 674/701/673 719/750/720 720/702/674
f 722/751/721 768/752/722 721/753/723
f 721/753/723 768/752/722 745/754/724
f 721/755/723 745/756/724 744/757/725
f 744/757/725 745/756/724 746/758/726
f 744/757/725 746/758/726 743/759/727
f 743/759/727 746/758/726 747/760/728
f 743/759/727 747/760/728 742/761/729
f 742/761/729 747/760/728 748/762/730
f 742/761/729 748/762/730 741/763/731
f 741/763/731 748/762/730 749/764/732
f 741/763/731 749/764/732 740/765/733
f 740/765/733 749/764/732 750/766/734
f 740/765/733 750/766/734 739/767/735
f 739/767/735 750/766/734 751/768/736
f 739/767/735 751/768/736 738/769/737
f 738/769/737 751/768/736 752/770/738
f 738/769/737 752/770/738 737/771/739
f 737/771/739 752/770/738 753/772/740
f 737/771/739 753/772/740 736/773/741
f 736/773/741 753/772/740 754/774/742
f 736/773/741 754/774/742 735/775/743
f 735/775/743 754/774/742 755/776/744
f 735/775/743 755/776/744 734/777/745
f 734/777/745 755/776/744 756/778/746
f 734/777/745 756/778/746 733/779/747
f 733/779/747 756/778/746 757/780/748
f 733/779/747 757/780/748 732/781/749
f 732/781/749 757/780/748 758/782/750
f 732/781/749 758/782/750 731/783/751
f 731/783/751 758/782/750 759/784/752
f 731/783/751 759/784/752 730/785/753
f 730/785/753 759/784/752 760/786/754
f 730/785/753 760/786/754 729/787/755
f 729/787/755 760/786/754 761/788/756
f 729/787/755 761/788/756 728/789/757
f 728/789/757 761/788/756 762/790/758
f 728/789/757 762/790/758 727/791/759
f 727/791/759 762/790/758 763/792/760
f 727/791/759 763/792/760 726/793/761
f 726/793/761 763/792/760 764/794/762
f 726/793/761 764/794/762 725/795/763
f 725/795/763 764/794/762 765/796/764
f 725/795/763 765/796/764 724/797/765
f 724/797/765 765/796/764 766/798/766
f 724/797/765 766/798/766 723/799/767
f 723/799/767 766/798/766 767/800/768
f 723/799/767 767/800/768 722/751/721
f 722/751/721 767/800/768 768/752/722
f 769/801/769 770/802/770 772/803/771
f 772/803/771 770/802/770 771/804/772
f 773/805/773 769/806/774 774/807/775
f 774/807/775 769/806/774 772/808/776
f 775/809/777 773/810/778 776/811/779
f 776/811/779 773/810/778 774/812/780
f 777/813/781 775/814/782 778/815/783
f 778/815/783 775/814/782 776/816/784
f 779/817/785 777/818/786 780/819/787
f 780/819/787 777/818/786 778/820/788
f 781/821/789 779/822/790 782/823/791
f 782/823/791 779/822/790 780/824/792
f 783/825/793 781/826/794 784/827/795
f 784/827/795 781/826/794 782/828/796
f 785/829/797 783/830/798 786/831/799
f 786/831/799 783/830/798 784/832/800
f 787/833/801 785/834/802 788/835/803
f 788/835/803 785/834/802 786/836/804
f 789/837/805 787/838/806 790/839/807
f 790/839/807 787/838/806 788/840/808
f 791/841/809 789/842/810 792/843/811
f 792/843/811 789/842/810 790/844/812
f 793/845/813 791/846/814 794/847/815
f 794/847/815 791/846/814 792/848/816
f 795/849/817 793/850/818 796/851/819
f 796/851/819 793/850/818 794/852/820
f 797/853/821 795/854/822 798/855/823
f 798/855/823 795/854/822 796/856/824
f 799/857/825 797/858/826 800/859/827
f 800/859/827 797/858/826 798/860/828
f 801/861/829 799/862/830 802/863/831
f 802/863/831 799/862/830 800/864/832
f 803/865/833 801/866/834 804/867/835
f 804/867/835 801/866/834 802/868/836
f 805/869/837 803/870/838 806/871/839
f 806/871/839 803/870/838 804/872/840
f 807/873/841 805/874/842 808/875/843
f 808/875/843 805/874/842 806/876/844
f 809/877/845 807/878/846 810/879/847
f 810/879/847 807/878/846 808/880/848
f 811/881/849 809/882/850 812/883/851
f 812/883/851 809/882/850 810/884/852
f 813/885/853 811/886/854 814/887/855
f 814/887/855 811/886/854 812/888/856
f 815/889/857 813/890/858 816/891/859
f 816/891/859 813/890/858 814/892/860
f 817/893/861 815/894/862 818/895/863
f 818/895/863 815/894/862 816/896/864
f 819/897/865 817/898/866 820/899/867
f 820/899/867 817/898/866 818/900/868
f 821/901/869 819/902/870 822/903/871
f 822/903/871 819/902/870 820/904/872
f 823/905/873 821/906/874 824/907/875
f 824/907/875 821/906/874 822/908/876
f 825/909/877 823/910/878 826/911/879
f 826/911/879 823/910/878 824/912/880
f 827/913/881 825/914/882 828/915/883
f 828/915/883 825/914/882 826/916/884
f 829/917/885 827/918/886 830/919/887
f 830/919/887 827/918/886 828/920/888
f 831/921/889 829/922/890 832/923/891
f 832/923/891 829/922/890 830/924/892
f 833/925/893 831/926/894 834/927/895
f 834/927/895 831/926/894 832/928/896
f 835/929/897 833/930/898 836/931/899
f 836/931/899 833/930/898 834/932/900
f 837/933/901 835/934/902 838/935/903
f 838/935/903 835/934/902 836/936/904
f 839/937/905 837/938/906 840/939/907
f 840/939/907 837/938/906 838/940/908
f 841/941/909 839/942/910 842/943/911
f 842/943/911 839/942/910 840/944/912
f 843/945/913 841/946/914 844/947/915
f 844/947/915 841/946/914 842/948/916
f 845/949/917 843/950/918 846/951/919
f 846/951/919 843/950/918 844/952/920
f 847/953/921 845/954/922 848/955/923
f 848/955/923 845/954/922 846/956/924
f 849/957/925 847/958/926 850/959/927
f 850/959/927 847/958/926 848/960/928
f 851/961/929 849/962/930 852/963/931
f 852/963/931 849/962/930 850/964/932
f 853/965/933 851/966/934 854/967/935
f 854/967/935 851/966/934 852/968/936
f 855/969/937 853/970/938 856/971/939
f 856/971/939 853/970/938 854/972/940
f 857/973/941 855/974/942 858/975/943
f 858/975/943 855/974/942 856/976/944
f 859/977/945 857/978/946 860/979/947
f 860/979/947 857/978/946 858/980/948
f 861/981/949 859/982/950 862/983/951
f 862/983/951 859/982/950 860/984/952
f 863/985/953 861/986/954 864/987/955
f 864/987/955 861/986/954 862/988/956
f 865/989/957 863/990/958 866/991/959
f 866/991/959 863/990/958 864/992/960
f 867/993/961 865/994/962 868/995/963
f 868/995/963 865/994/962 866/996/964
f 869/997/965 867/998/966 870/999/967
f 870/999/967 867/998/966 868/1000/968
f 871/1001/969 869/1002/970 872/1003/971
f 872/1003/971 869/1002/970 870/1004/972
f 873/1005/973 871/1006/974 874/1007/975
f 874/1007/975 871/1006/974 872/1008/976
f 875/1009/977 873/1010/978 876/1011/979
f 876/1011/979 873/1010/978 874/1012/980
f 877/1013/981 875/1014/982 878/1015/983
f 878/1015/983 875/1014/982 876/1016/984
f 879/1017/985 877/1018/986 880/1019/987
f 880/1019/987 877/1018/986 878/1020/988
f 881/1021/989 879/1022/990 882/1023/991
f 882/1023/991 879/1022/990 880/1024/992
f 883/1025/993 881/1026/994 884/1027/995
f 884/1027/995 881/1026/994 882/1028/996
f 885/1029/997 883/1030/998 886/1031/999
f 886/1031/999 883/1030/998 884/1032/1000
f 887/1033/1001 885/1034/1002 888/1035/1003
f 888/1035/1003 885/1034/1002 886/1036/1004
f 889/1037/1005 887/1038/1006 890/1039/1007
f 890/1039/1007 887/1038/1006 888/1040/1008
f 891/1041/1009 889/1042/1010 892/1043/1011
f 892/1043/1011 889/1042/1010 890/1044/1012
f 893/1045/1013 891/1046/1014 894/1047/1015
f 894/1047/1015 891/1046/1014 892/1048/1016
f 895/1049/1017 893/1050/1018 896/1051/1019
f 896/1051/1019 893/1050/1018 894/1052/1020
f 897/1053/1021 895/1054/1022 898/1055/1023
f 898/1055/1023 895/1054/1022 896/1056/1024
f 899/1057/1025 897/1058/1026 900/1059/1027
f 900/1059/1027 897/1058/1026 898/1060/1028
f 901/1061/1029 899/1062/1030 902/1063/1031
f 902/1063/1031 899/1062/1030 900/1064/1032
f 903/1065/1033 901/1066/1034 904/1067/1035
f 904/1067/1035 901/1066/1034 902/1068/1036
f 770/1069/1037 903/1070/1038 771/1071/1039
f 771/1071/1039 903/1070/1038 904/1072/1040
f 744/1073/1041 110/1074/1042 721/1075/1043
f 721/1075/1043 110/1074/1042 109/1076/1044
f 721/1075/1043 109/1076/1044 722/1077/1045
f 722/1077/1045 109/1076/1044 108/1078/1046
f 722/1077/1045 108/1078/1046 723/1079/1047
f 723/1079/1047 108/1078/1046 107/1080/1048
f 723/1079/1047 107/1080/1048 724/1081/1049
f 724/1081/1049 107/1080/1048 106/1082/1050
f 724/1081/1049 106/1082/1050 725/1083/1051
f 725/1083/1051 106/1082/1050 105/1084/1052
f 725/1083/1051 105/1084/1052 894/1085/1053
f 894/1085/1053 105/1084/1052 104/1086/1054
f 894/1085/1053 104/1086/1054 103/1087/1055
f 110/1074/1042 744/1073/1041 111/1088/1056
f 111/1088/1056 744/1073/1041 743/1089/1057
f 111/1088/1056 743/1089/1057 112/1090/1058
f 112/1090/1058 743/1089/1057 742/1091/1059
f 112/1090/1058 742/1091/1059 442/1092/1060
f 442/1092/1060 742/1091/1059 52/1093/1061
f 442/1092/1060 52/1093/1061 443/1094/1062
f 443/1094/1062 52/1093/1061 51/1095/1063
f 443/1094/1062 51/1095/1063 444/1096/1064
f 444/1096/1064 51/1095/1063 50/1097/1065
f 444/1096/1064 50/1097/1065 445/1098/1066
f 445/1098/1066 50/1097/1065 49/1099/1067
f 445/1098/1066 49/1099/1067 446/1100/1068
f 446/1100/1068 49/1099/1067 72/1101/1069
f 446/1100/1068 72/1101/1069 447/1102/1070
f 447/1102/1070 72/1101/1069 71/1103/1071
f 447/1102/1070 71/1103/1071 448/1104/1072
f 448/1104/1072 71/1103/1071 70/1105/1073
f 448/1104/1072 70/1105/1073 449/1106/1074
f 449/1106/1074 70/1105/1073 69/1107/1075
f 449/1106/1074 69/1107/1075 450/1108/1076
f 450/1108/1076 69/1107/1075 68/1109/1077
f 450/1108/1076 68/1109/1077 880/1110/1078
f 880/1110/1078 68/1109/1077 67/1111/1079
f 880/1110/1078 67/1111/1079 66/1112/1080
f 742/1091/1059 741/1113/1081 52/1093/1061
f 52/1093/1061 741/1113/1081 53/1114/1082
f 53/1114/1082 741/1113/1081 54/1115/1083
f 54/1115/1083 741/1113/1081 740/1116/1084
f 54/1115/1083 740/1116/1084 55/1117/1085
f 55/1117/1085 740/1116/1084 739/1118/1086
f 55/1117/1085 739/1118/1086 56/1119/1087
f 56/1119/1087 739/1118/1086 738/1120/1088
f 56/1119/1087 738/1120/1088 57/1121/1089
f 57/1121/1089 738/1120/1088 737/1122/1090
f 57/1121/1089 737/1122/1090 58/1123/1091
f 58/1123/1091 737/1122/1090 736/1124/1092
f 58/1123/1091 736/1124/1092 886/1125/1093
f 886/1125/1093 736/1124/1092 735/1126/1094
f 886/1125/1093 735/1126/1094 734/1127/1095
f 734/1127/1095 733/1128/1096 886/1125/1093
f 886/1125/1093 733/1128/1096 732/1129/1097
f 886/1125/1093 732/1129/1097 731/1130/1098
f 730/1131/1099 892/1132/1100 731/1130/1098
f 731/1130/1098 892/1132/1100 888/1133/1101
f 731/1130/1098 888/1133/1101 886/1125/1093
f 730/1131/1099 729/1134/1102 892/1132/1100
f 892/1132/1100 729/1134/1102 728/1135/1103
f 892/1132/1100 728/1135/1103 727/1136/1104
f 727/1136/1104 726/1137/1105 892/1132/1100
f 892/1132/1100 726/1137/1105 894/1085/1053
f 894/1085/1053 726/1137/1105 725/1083/1051
f 674/1138/1106 673/1139/1107 911/1140/1108
f 911/1140/1108 673/1139/1107 696/1141/1109
f 911/1140/1108 696/1141/1109 910/1142/1110
f 910/1142/1110 696/1141/1109 695/1143/1111
f 910/1142/1110 695/1143/1111 627/1144/1112
f 627/1144/1112 695/1143/1111 694/1145/1113
f 627/1144/1112 694/1145/1113 628/1146/1114
f 628/1146/1114 694/1145/1113 693/1147/1115
f 628/1146/1114 693/1147/1115 629/1148/1116
f 629/1148/1116 693/1147/1115 692/1149/1117
f 629/1148/1116 692/1149/1117 630/1150/1118
f 630/1150/1118 692/1149/1117 691/1151/1119
f 630/1150/1118 691/1151/1119 631/1152/1120
f 631/1152/1120 691/1151/1119 690/1153/1121
f 631/1152/1120 690/1153/1121 632/1154/1122
f 632/1154/1122 690/1153/1121 689/1155/1123
f 632/1154/1122 689/1155/1123 633/1156/1124
f 633/1156/1124 689/1155/1123 688/1157/1125
f 633/1156/1124 688/1157/1125 634/1158/1126
f 634/1158/1126 688/1157/1125 214/1159/1127
f 634/1158/1126 214/1159/1127 388/1160/1128
f 388/1160/1128 214/1159/1127 213/1161/1129
f 388/1160/1128 213/1161/1129 389/1162/1130
f 389/1162/1130 213/1161/1129 212/1163/1131
f 389/1162/1130 212/1163/1131 390/1164/1132
f 390/1164/1132 212/1163/1131 211/1165/1133
f 390/1164/1132 211/1165/1133 391/1166/1134
f 391/1166/1134 211/1165/1133 210/1167/1135
f 391/1166/1134 210/1167/1135 392/1168/1136
f 392/1168/1136 210/1167/1135 209/1169/1137
f 392/1168/1136 209/1169/1137 393/1170/1138
f 393/1170/1138 209/1169/1137 208/1171/1139
f 393/1170/1138 208/1171/1139 394/1172/1140
f 394/1172/1140 208/1171/1139 856/1173/1141
f 394/1172/1140 856/1173/1141 395/1174/1142
f 395/1174/1142 856/1173/1141 396/1175/1143
f 396/1175/1143 856/1173/1141 397/1176/1144
f 397/1176/1144 856/1173/1141 398/1177/1145
f 398/1177/1145 856/1173/1141 399/1178/1146
f 399/1178/1146 856/1173/1141 854/1179/1147
f 399/1178/1146 854/1179/1147 850/1180/1148
f 850/1180/1148 854/1179/1147 852/1181/1149
f 214/1159/1127 688/1157/1125 215/1182/1150
f 215/1182/1150 688/1157/1125 687/1183/1151
f 215/1182/1150 687/1183/1151 216/1184/1152
f 216/1184/1152 687/1183/1151 686/1185/1153
f 216/1184/1152 686/1185/1153 193/1186/1154
f 193/1186/1154 686/1185/1153 685/1187/1155
f 193/1186/1154 685/1187/1155 194/1188/1156
f 194/1188/1156 685/1187/1155 684/1189/1157
f 194/1188/1156 684/1189/1157 195/1190/1158
f 195/1190/1158 684/1189/1157 683/1191/1159
f 195/1190/1158 683/1191/1159 196/1192/1160
f 196/1192/1160 683/1191/1159 682/1193/1161
f 196/1192/1160 682/1193/1161 197/1194/1162
f 197/1194/1162 682/1193/1161 681/1195/1163
f 197/1194/1162 681/1195/1163 198/1196/1164
f 198/1196/1164 681/1195/1163 680/1197/1165
f 198/1196/1164 680/1197/1165 862/1198/1166
f 862/1198/1166 680/1197/1165 679/1199/1167
f 862/1198/1166 679/1199/1167 905/1200/1168
f 905/1200/1168 679/1199/1167 678/1201/1169
f 905/1200/1168 678/1201/1169 677/1202/1170
f 677/1202/1170 676/1203/1171 905/1200/1168
f 905/1200/1168 676/1203/1171 911/1140/1108
f 905/1200/1168 911/1140/1108 250/1204/1172
f 250/1204/1172 911/1140/1108 251/1205/1173
f 251/1205/1173 911/1140/1108 252/1206/1174
f 252/1206/1174 911/1140/1108 253/1207/1175
f 253/1207/1175 911/1140/1108 254/1208/1176
f 254/1208/1176 911/1140/1108 910/1142/1110
f 254/1208/1176 910/1142/1110 255/1209/1177
f 255/1209/1177 910/1142/1110 587/1210/1178
f 255/1209/1177 587/1210/1178 586/1211/1179
f 676/1203/1171 675/1212/1180 911/1140/1108
f 911/1140/1108 675/1212/1180 674/1138/1106
f 626/1213/1181 625/1214/1182 913/1215/1183
f 913/1215/1183 625/1214/1182 648/1216/1184
f 913/1215/1183 648/1216/1184 842/1217/1185
f 842/1217/1185 648/1216/1184 647/1218/1186
f 842/1217/1185 647/1218/1186 646/1219/1187
f 646/1219/1187 645/1220/1188 842/1217/1185
f 842/1217/1185 645/1220/1188 644/1221/1189
f 842/1217/1185 644/1221/1189 848/1222/1190
f 848/1222/1190 644/1221/1189 643/1223/1191
f 848/1222/1190 643/1223/1191 642/1224/1192
f 642/1224/1192 641/1225/1193 848/1222/1190
f 848/1222/1190 641/1225/1193 405/1226/1194
f 848/1222/1190 405/1226/1194 404/1227/1195
f 405/1226/1194 641/1225/1193 406/1228/1196
f 406/1228/1196 641/1225/1193 640/1229/1197
f 406/1228/1196 640/1229/1197 407/1230/1198
f 407/1230/1198 640/1229/1197 639/1231/1199
f 407/1230/1198 639/1231/1199 408/1232/1200
f 408/1232/1200 639/1231/1199 638/1233/1201
f 408/1232/1200 638/1233/1201 385/1234/1202
f 385/1234/1202 638/1233/1201 637/1235/1203
f 385/1234/1202 637/1235/1203 386/1236/1204
f 386/1236/1204 637/1235/1203 636/1237/1205
f 386/1236/1204 636/1237/1205 387/1238/1206
f 387/1238/1206 636/1237/1205 635/1239/1207
f 387/1238/1206 635/1239/1207 388/1160/1128
f 388/1160/1128 635/1239/1207 634/1158/1126
f 627/1144/1112 626/1213/1181 910/1142/1110
f 910/1142/1110 626/1213/1181 913/1215/1183
f 910/1142/1110 913/1215/1183 588/1240/1208
f 588/1240/1208 913/1215/1183 589/1241/1209
f 589/1241/1209 913/1215/1183 590/1242/1210
f 590/1242/1210 913/1215/1183 832/1243/1211
f 590/1242/1210 832/1243/1211 591/1244/1212
f 591/1244/1212 832/1243/1211 592/1245/1213
f 592/1245/1213 832/1243/1211 593/1246/1214
f 593/1246/1214 832/1243/1211 594/1247/1215
f 594/1247/1215 832/1243/1211 826/1248/1216
f 594/1247/1215 826/1248/1216 595/1249/1217
f 595/1249/1217 826/1248/1216 596/1250/1218
f 596/1250/1218 826/1248/1216 597/1251/1219
f 597/1251/1219 826/1248/1216 353/1252/1220
f 597/1251/1219 353/1252/1220 598/1253/1221
f 598/1253/1221 353/1252/1220 352/1254/1222
f 598/1253/1221 352/1254/1222 599/1255/1223
f 599/1255/1223 352/1254/1222 351/1256/1224
f 599/1255/1223 351/1256/1224 600/1257/1225
f 600/1257/1225 351/1256/1224 350/1258/1226
f 600/1257/1225 350/1258/1226 577/1259/1227
f 577/1259/1227 350/1258/1226 349/1260/1228
f 577/1259/1227 349/1260/1228 578/1261/1229
f 578/1261/1229 349/1260/1228 348/1262/1230
f 578/1261/1229 348/1262/1230 579/1263/1231
f 579/1263/1231 348/1262/1230 347/1264/1232
f 579/1263/1231 347/1264/1232 580/1265/1233
f 580/1265/1233 347/1264/1232 346/1266/1234
f 580/1265/1233 346/1266/1234 262/1267/1235
f 262/1267/1235 346/1266/1234 496/1268/1236
f 262/1267/1235 496/1268/1236 263/1269/1237
f 263/1269/1237 496/1268/1236 495/1270/1238
f 263/1269/1237 495/1270/1238 264/1271/1239
f 264/1271/1239 495/1270/1238 494/1272/1240
f 264/1271/1239 494/1272/1240 241/1273/1241
f 241/1273/1241 494/1272/1240 493/1274/1242
f 241/1273/1241 493/1274/1242 242/1275/1243
f 242/1275/1243 493/1274/1242 492/1276/1244
f 242/1275/1243 492/1276/1244 243/1277/1245
f 243/1277/1245 492/1276/1244 491/1278/1246
f 243/1277/1245 491/1278/1246 244/1279/1247
f 244/1279/1247 491/1278/1246 490/1280/1248
f 244/1279/1247 490/1280/1248 245/1281/1249
f 245/1281/1249 490/1280/1248 489/1282/1250
f 245/1281/1249 489/1282/1250 246/1283/1251
f 246/1283/1251 489/1282/1250 488/1284/1252
f 246/1283/1251 488/1284/1252 812/1285/1253
f 812/1285/1253 488/1284/1252 487/1286/1254
f 812/1285/1253 487/1286/1254 486/1287/1255
f 588/1240/1208 587/1210/1178 910/1142/1110
f 255/1209/1177 586/1211/1179 256/1288/1256
f 256/1288/1256 586/1211/1179 585/1289/1257
f 256/1288/1256 585/1289/1257 257/1290/1258
f 257/1290/1258 585/1289/1257 584/1291/1259
f 257/1290/1258 584/1291/1259 258/1292/1260
f 258/1292/1260 584/1291/1259 583/1293/1261
f 258/1292/1260 583/1293/1261 259/1294/1262
f 259/1294/1262 583/1293/1261 582/1295/1263
f 259/1294/1262 582/1295/1263 260/1296/1264
f 260/1296/1264 582/1295/1263 581/1297/1265
f 260/1296/1264 581/1297/1265 261/1298/1266
f 261/1298/1266 581/1297/1265 580/1265/1233
f 261/1298/1266 580/1265/1233 262/1267/1235
f 552/1299/1267 158/1300/1268 529/1301/1269
f 529/1301/1269 158/1300/1268 157/1302/1270
f 529/1301/1269 157/1302/1270 530/1303/1271
f 530/1303/1271 157/1302/1270 156/1304/1272
f 530/1303/1271 156/1304/1272 531/1305/1273
f 531/1305/1273 156/1304/1272 155/1306/1274
f 531/1305/1273 155/1306/1274 532/1307/1275
f 532/1307/1275 155/1306/1274 154/1308/1276
f 532/1307/1275 154/1308/1276 22/1309/1277
f 22/1309/1277 154/1308/1276 304/1310/1278
f 22/1309/1277 304/1310/1278 23/1311/1279
f 23/1311/1279 304/1310/1278 303/1312/1280
f 23/1311/1279 303/1312/1280 24/1313/1281
f 24/1313/1281 303/1312/1280 302/1314/1282
f 24/1313/1281 302/1314/1282 1/1315/1283
f 1/1315/1283 302/1314/1282 301/1316/1284
f 1/1315/1283 301/1316/1284 2/1317/1285
f 2/1317/1285 301/1316/1284 300/1318/1286
f 2/1317/1285 300/1318/1286 3/1319/1287
f 3/1319/1287 300/1318/1286 299/1320/1288
f 3/1319/1287 299/1320/1288 4/1321/1289
f 4/1321/1289 299/1320/1288 298/1322/1290
f 4/1321/1289 298/1322/1290 5/1323/1291
f 5/1323/1291 298/1322/1290 297/1324/1292
f 5/1323/1291 297/1324/1292 780/1325/1293
f 780/1325/1293 297/1324/1292 296/1326/1294
f 780/1325/1293 296/1326/1294 782/1327/1295
f 782/1327/1295 296/1326/1294 295/1328/1296
f 782/1327/1295 295/1328/1296 294/1329/1297
f 158/1300/1268 552/1299/1267 159/1330/1298
f 159/1330/1298 552/1299/1267 551/1331/1299
f 159/1330/1298 551/1331/1299 160/1332/1300
f 160/1332/1300 551/1331/1299 550/1333/1301
f 160/1332/1300 550/1333/1301 161/1334/1302
f 161/1334/1302 550/1333/1301 549/1335/1303
f 161/1334/1302 549/1335/1303 162/1336/1304
f 162/1336/1304 549/1335/1303 548/1337/1305
f 162/1336/1304 548/1337/1305 794/1338/1306
f 794/1338/1306 548/1337/1305 547/1339/1307
f 794/1338/1306 547/1339/1307 906/1340/1308
f 906/1340/1308 547/1339/1307 546/1341/1309
f 906/1340/1308 546/1341/1309 907/1342/1310
f 907/1342/1310 546/1341/1309 545/1343/1311
f 907/1342/1310 545/1343/1311 544/1344/1312
f 544/1344/1312 543/1345/1313 907/1342/1310
f 907/1342/1310 543/1345/1313 908/1346/1314
f 907/1342/1310 908/1346/1314 455/1347/1315
f 455/1347/1315 908/1346/1314 456/1348/1316
f 456/1348/1316 908/1346/1314 433/1349/1317
f 433/1349/1317 908/1346/1314 434/1350/1318
f 434/1350/1318 908/1346/1314 435/1351/1319
f 435/1351/1319 908/1346/1314 119/1352/1320
f 435/1351/1319 119/1352/1320 436/1353/1321
f 436/1353/1321 119/1352/1320 118/1354/1322
f 436/1353/1321 118/1354/1322 437/1355/1323
f 437/1355/1323 118/1354/1322 117/1356/1324
f 437/1355/1323 117/1356/1324 438/1357/1325
f 438/1357/1325 117/1356/1324 116/1358/1326
f 438/1357/1325 116/1358/1326 439/1359/1327
f 439/1359/1327 116/1358/1326 115/1360/1328
f 439/1359/1327 115/1360/1328 114/1361/1329
f 543/1345/1313 542/1362/1330 908/1346/1314
f 908/1346/1314 542/1362/1330 541/1363/1331
f 908/1346/1314 541/1363/1331 540/1364/1332
f 540/1364/1332 539/1365/1333 908/1346/1314
f 908/1346/1314 539/1365/1333 15/1366/1334
f 908/1346/1314 15/1366/1334 14/1367/1335
f 539/1365/1333 538/1368/1336 15/1366/1334
f 15/1366/1334 538/1368/1336 16/1369/1337
f 16/1369/1337 538/1368/1336 537/1370/1338
f 16/1369/1337 537/1370/1338 17/1371/1339
f 17/1371/1339 537/1370/1338 536/1372/1340
f 17/1371/1339 536/1372/1340 18/1373/1341
f 18/1373/1341 536/1372/1340 535/1374/1342
f 18/1373/1341 535/1374/1342 19/1375/1343
f 19/1375/1343 535/1374/1342 20/1376/1344
f 20/1376/1344 535/1374/1342 534/1377/1345
f 20/1376/1344 534/1377/1345 21/1378/1346
f 21/1378/1346 534/1377/1345 533/1379/1347
f 21/1378/1346 533/1379/1347 532/1307/1275
f 482/1380/1348 481/1381/1349 818/1382/1350
f 818/1382/1350 481/1381/1349 504/1383/1351
f 818/1382/1350 504/1383/1351 503/1384/1352
f 503/1384/1352 502/1385/1353 818/1382/1350
f 818/1382/1350 502/1385/1353 340/1386/1354
f 818/1382/1350 340/1386/1354 339/1387/1355
f 502/1385/1353 501/1388/1356 340/1386/1354
f 340/1386/1354 501/1388/1356 341/1389/1357
f 341/1389/1357 501/1388/1356 500/1390/1358
f 341/1389/1357 500/1390/1358 342/1391/1359
f 342/1391/1359 500/1390/1358 499/1392/1360
f 342/1391/1359 499/1392/1360 343/1393/1361
f 343/1393/1361 499/1392/1360 498/1394/1362
f 343/1393/1361 498/1394/1362 344/1395/1363
f 344/1395/1363 498/1394/1362 497/1396/1364
f 344/1395/1363 497/1396/1364 345/1397/1365
f 345/1397/1365 497/1396/1364 496/1268/1236
f 345/1397/1365 496/1268/1236 346/1266/1234
f 486/1287/1255 485/1398/1366 812/1285/1253
f 812/1285/1253 485/1398/1366 484/1399/1367
f 812/1285/1253 484/1399/1367 483/1400/1368
f 812/1285/1253 483/1400/1368 818/1382/1350
f 818/1382/1350 483/1400/1368 482/1380/1348
f 455/1347/1315 454/1401/1369 907/1342/1310
f 907/1342/1310 454/1401/1369 453/1402/1370
f 907/1342/1310 453/1402/1370 452/1403/1371
f 907/1342/1310 452/1403/1371 906/1340/1308
f 906/1340/1308 452/1403/1371 451/1404/1372
f 906/1340/1308 451/1404/1372 880/1110/1078
f 880/1110/1078 451/1404/1372 450/1108/1076
f 442/1092/1060 441/1405/1373 112/1090/1058
f 112/1090/1058 441/1405/1373 113/1406/1374
f 113/1406/1374 441/1405/1373 440/1407/1375
f 113/1406/1374 440/1407/1375 114/1361/1329
f 114/1361/1329 440/1407/1375 439/1359/1327
f 848/1222/1190 404/1227/1195 850/1180/1148
f 850/1180/1148 404/1227/1195 403/1408/1376
f 850/1180/1148 403/1408/1376 402/1409/1377
f 402/1409/1377 401/1410/1378 850/1180/1148
f 850/1180/1148 401/1410/1378 400/1411/1379
f 850/1180/1148 400/1411/1379 399/1178/1146
f 338/1412/1380 337/1413/1381 818/1382/1350
f 818/1382/1350 337/1413/1381 360/1414/1382
f 818/1382/1350 360/1414/1382 359/1415/1383
f 358/1416/1384 824/1417/1385 359/1415/1383
f 359/1415/1383 824/1417/1385 820/1418/1386
f 359/1415/1383 820/1418/1386 818/1382/1350
f 358/1416/1384 357/1419/1387 824/1417/1385
f 824/1417/1385 357/1419/1387 356/1420/1388
f 824/1417/1385 356/1420/1388 355/1421/1389
f 355/1421/1389 354/1422/1390 824/1417/1385
f 824/1417/1385 354/1422/1390 826/1248/1216
f 826/1248/1216 354/1422/1390 353/1252/1220
f 339/1387/1355 338/1412/1380 818/1382/1350
f 290/1423/1391 289/1424/1392 788/1425/1393
f 788/1425/1393 289/1424/1392 312/1426/1394
f 788/1425/1393 312/1426/1394 311/1427/1395
f 311/1427/1395 310/1428/1396 788/1425/1393
f 788/1425/1393 310/1428/1396 148/1429/1397
f 788/1425/1393 148/1429/1397 147/1430/1398
f 148/1429/1397 310/1428/1396 149/1431/1399
f 149/1431/1399 310/1428/1396 309/1432/1400
f 149/1431/1399 309/1432/1400 150/1433/1401
f 150/1433/1401 309/1432/1400 308/1434/1402
f 150/1433/1401 308/1434/1402 151/1435/1403
f 151/1435/1403 308/1434/1402 307/1436/1404
f 151/1435/1403 307/1436/1404 306/1437/1405
f 151/1435/1403 306/1437/1405 152/1438/1406
f 152/1438/1406 306/1437/1405 305/1439/1407
f 152/1438/1406 305/1439/1407 153/1440/1408
f 153/1440/1408 305/1439/1407 304/1310/1278
f 153/1440/1408 304/1310/1278 154/1308/1276
f 294/1329/1297 293/1441/1409 782/1327/1295
f 782/1327/1295 293/1441/1409 292/1442/1410
f 782/1327/1295 292/1442/1410 291/1443/1411
f 290/1423/1391 788/1425/1393 291/1443/1411
f 291/1443/1411 788/1425/1393 786/1444/1412
f 291/1443/1411 786/1444/1412 782/1327/1295
f 782/1327/1295 786/1444/1412 784/1445/1413
f 250/1204/1172 249/1446/1414 905/1200/1168
f 905/1200/1168 249/1446/1414 248/1447/1415
f 905/1200/1168 248/1447/1415 247/1448/1416
f 905/1200/1168 247/1448/1416 812/1285/1253
f 812/1285/1253 247/1448/1416 246/1283/1251
f 208/1171/1139 207/1449/1417 856/1173/1141
f 856/1173/1141 207/1449/1417 206/1450/1418
f 856/1173/1141 206/1450/1418 205/1451/1419
f 205/1451/1419 204/1452/1420 856/1173/1141
f 856/1173/1141 204/1452/1420 203/1453/1421
f 856/1173/1141 203/1453/1421 862/1198/1166
f 862/1198/1166 203/1453/1421 202/1454/1422
f 862/1198/1166 202/1454/1422 201/1455/1423
f 201/1455/1423 200/1456/1424 862/1198/1166
f 862/1198/1166 200/1456/1424 199/1457/1425
f 862/1198/1166 199/1457/1425 198/1196/1164
f 146/1458/1426 145/1459/1427 788/1425/1393
f 788/1425/1393 145/1459/1427 168/1460/1428
f 788/1425/1393 168/1460/1428 167/1461/1429
f 788/1425/1393 167/1461/1429 794/1338/1306
f 794/1338/1306 167/1461/1429 166/1462/1430
f 794/1338/1306 166/1462/1430 165/1463/1431
f 165/1463/1431 164/1464/1432 794/1338/1306
f 794/1338/1306 164/1464/1432 163/1465/1433
f 794/1338/1306 163/1465/1433 162/1336/1304
f 147/1430/1398 146/1458/1426 788/1425/1393
f 98/1466/1434 97/1467/1435 909/1468/1436
f 909/1468/1436 97/1467/1435 120/1469/1437
f 909/1468/1436 120/1469/1437 908/1346/1314
f 908/1346/1314 120/1469/1437 119/1352/1320
f 103/1087/1055 102/1470/1438 894/1085/1053
f 894/1085/1053 102/1470/1438 900/1471/1439
f 894/1085/1053 900/1471/1439 896/1472/1440
f 896/1472/1440 900/1471/1439 898/1473/1441
f 102/1470/1438 101/1474/1442 900/1471/1439
f 900/1471/1439 101/1474/1442 100/1475/1443
f 900/1471/1439 100/1475/1443 99/1476/1444
f 99/1476/1444 98/1466/1434 900/1471/1439
f 900/1471/1439 98/1466/1434 909/1468/1436
f 900/1471/1439 909/1468/1436 902/1477/1445
f 902/1477/1445 909/1468/1436 772/1478/1446
f 902/1477/1445 772/1478/1446 904/1479/1447
f 904/1479/1447 772/1478/1446 771/1480/1448
f 66/1112/1080 65/1481/1449 880/1110/1078
f 880/1110/1078 65/1481/1449 64/1482/1450
f 880/1110/1078 64/1482/1450 63/1483/1451
f 880/1110/1078 63/1483/1451 886/1125/1093
f 886/1125/1093 63/1483/1451 62/1484/1452
f 886/1125/1093 62/1484/1452 61/1485/1453
f 61/1485/1453 60/1486/1454 886/1125/1093
f 886/1125/1093 60/1486/1454 59/1487/1455
f 886/1125/1093 59/1487/1455 58/1123/1091
f 22/1309/1277 21/1378/1346 532/1307/1275
f 908/1346/1314 14/1367/1335 909/1468/1436
f 909/1468/1436 14/1367/1335 13/1488/1456
f 909/1468/1436 13/1488/1456 12/1489/1457
f 909/1468/1436 12/1489/1457 774/1490/1458
f 774/1490/1458 12/1489/1457 11/1491/1459
f 774/1490/1458 11/1491/1459 10/1492/1460
f 10/1492/1460 9/1493/1461 774/1490/1458
f 774/1490/1458 9/1493/1461 8/1494/1462
f 774/1490/1458 8/1494/1462 780/1325/1293
f 780/1325/1293 8/1494/1462 7/1495/1463
f 780/1325/1293 7/1495/1463 6/1496/1464
f 6/1496/1464 5/1323/1291 780/1325/1293
f 892/1132/1100 890/1497/1465 888/1133/1101
f 886/1125/1093 884/1498/1466 880/1110/1078
f 880/1110/1078 884/1498/1466 882/1499/1467
f 880/1110/1078 878/1500/1468 906/1340/1308
f 906/1340/1308 878/1500/1468 914/1501/1469
f 906/1340/1308 914/1501/1469 796/1502/1470
f 796/1502/1470 914/1501/1469 802/1503/1471
f 796/1502/1470 802/1503/1471 800/1504/1472
f 914/1501/1469 878/1500/1468 872/1505/1473
f 872/1505/1473 878/1500/1468 876/1506/1474
f 872/1505/1473 876/1506/1474 874/1507/1475
f 914/1501/1469 872/1505/1473 915/1508/1476
f 915/1508/1476 872/1505/1473 870/1509/1477
f 915/1508/1476 870/1509/1477 916/1510/1478
f 916/1510/1478 870/1509/1477 864/1511/1479
f 916/1510/1478 864/1511/1479 905/1200/1168
f 905/1200/1168 864/1511/1479 862/1198/1166
f 870/1509/1477 868/1512/1480 864/1511/1479
f 864/1511/1479 868/1512/1480 866/1513/1481
f 860/1514/1482 858/1515/1483 862/1198/1166
f 862/1198/1166 858/1515/1483 856/1173/1141
f 846/1516/1484 844/1517/1485 848/1222/1190
f 848/1222/1190 844/1517/1485 842/1217/1185
f 842/1217/1185 840/1518/1486 913/1215/1183
f 913/1215/1183 840/1518/1486 912/1519/1487
f 913/1215/1183 912/1519/1487 834/1520/1488
f 834/1520/1488 912/1519/1487 836/1521/1489
f 836/1521/1489 912/1519/1487 838/1522/1490
f 838/1522/1490 912/1519/1487 840/1518/1486
f 834/1520/1488 832/1243/1211 913/1215/1183
f 830/1523/1491 828/1524/1492 832/1243/1211
f 832/1243/1211 828/1524/1492 826/1248/1216
f 824/1417/1385 822/1525/1493 820/1418/1386
f 818/1382/1350 816/1526/1494 812/1285/1253
f 812/1285/1253 816/1526/1494 814/1527/1495
f 812/1285/1253 810/1528/1496 905/1200/1168
f 905/1200/1168 810/1528/1496 916/1510/1478
f 916/1510/1478 810/1528/1496 804/1529/1497
f 804/1529/1497 810/1528/1496 808/1530/1498
f 804/1529/1497 808/1530/1498 806/1531/1499
f 916/1510/1478 804/1529/1497 915/1508/1476
f 915/1508/1476 804/1529/1497 802/1503/1471
f 915/1508/1476 802/1503/1471 914/1501/1469
f 800/1504/1472 798/1532/1500 796/1502/1470
f 796/1502/1470 794/1338/1306 906/1340/1308
f 794/1338/1306 792/1533/1501 788/1425/1393
f 788/1425/1393 792/1533/1501 790/1534/1502
f 778/1535/1503 776/1536/1504 780/1325/1293
f 780/1325/1293 776/1536/1504 774/1490/1458
f 774/1490/1458 772/1478/1446 909/1468/1436
f 768/1537/1505 134/1538/1506 745/1539/1507
f 745/1539/1507 134/1538/1506 133/1540/1508
f 745/1539/1507 133/1540/1508 746/1541/1509
f 746/1541/1509 133/1540/1508 132/1542/1510
f 746/1541/1509 132/1542/1510 747/1543/1511
f 747/1543/1511 132/1542/1510 131/1544/1512
f 747/1543/1511 131/1544/1512 748/1545/1513
f 748/1545/1513 131/1544/1512 130/1546/1514
f 748/1545/1513 130/1546/1514 94/1547/1515
f 94/1547/1515 130/1546/1514 472/1548/1516
f 94/1547/1515 472/1548/1516 95/1549/1517
f 95/1549/1517 472/1548/1516 471/1550/1518
f 95/1549/1517 471/1550/1518 96/1551/1519
f 96/1551/1519 471/1550/1518 470/1552/1520
f 96/1551/1519 470/1552/1520 73/1553/1521
f 73/1553/1521 470/1552/1520 469/1554/1522
f 73/1553/1521 469/1554/1522 74/1555/1523
f 74/1555/1523 469/1554/1522 468/1556/1524
f 74/1555/1523 468/1556/1524 75/1557/1525
f 75/1557/1525 468/1556/1524 467/1558/1526
f 75/1557/1525 467/1558/1526 76/1559/1527
f 76/1559/1527 467/1558/1526 466/1560/1528
f 76/1559/1527 466/1560/1528 77/1561/1529
f 77/1561/1529 466/1560/1528 465/1562/1530
f 77/1561/1529 465/1562/1530 78/1563/1531
f 78/1563/1531 465/1562/1530 464/1564/1532
f 78/1563/1531 464/1564/1532 879/1565/1533
f 879/1565/1533 464/1564/1532 463/1566/1534
f 879/1565/1533 463/1566/1534 918/1567/1535
f 918/1567/1535 463/1566/1534 462/1568/1536
f 918/1567/1535 462/1568/1536 461/1569/1537
f 134/1538/1506 768/1537/1505 135/1570/1538
f 135/1570/1538 768/1537/1505 767/1571/1539
f 135/1570/1538 767/1571/1539 136/1572/1540
f 136/1572/1540 767/1571/1539 766/1573/1541
f 136/1572/1540 766/1573/1541 137/1574/1542
f 137/1574/1542 766/1573/1541 765/1575/1543
f 137/1574/1542 765/1575/1543 893/1576/1544
f 893/1576/1544 765/1575/1543 764/1577/1545
f 893/1576/1544 764/1577/1545 891/1578/1546
f 891/1578/1546 764/1577/1545 763/1579/1547
f 891/1578/1546 763/1579/1547 762/1580/1548
f 762/1580/1548 761/1581/1549 891/1578/1546
f 891/1578/1546 761/1581/1549 760/1582/1550
f 891/1578/1546 760/1582/1550 759/1583/1551
f 758/1584/1552 885/1585/1553 759/1583/1551
f 759/1583/1551 885/1585/1553 887/1586/1554
f 759/1583/1551 887/1586/1554 891/1578/1546
f 891/1578/1546 887/1586/1554 889/1587/1555
f 758/1584/1552 757/1588/1556 885/1585/1553
f 885/1585/1553 757/1588/1556 756/1589/1557
f 885/1585/1553 756/1589/1557 755/1590/1558
f 755/1590/1558 754/1591/1559 885/1585/1553
f 885/1585/1553 754/1591/1559 88/1592/1560
f 885/1585/1553 88/1592/1560 87/1593/1561
f 88/1592/1560 754/1591/1559 89/1594/1562
f 89/1594/1562 754/1591/1559 753/1595/1563
f 89/1594/1562 753/1595/1563 90/1596/1564
f 90/1596/1564 753/1595/1563 752/1597/1565
f 90/1596/1564 752/1597/1565 91/1598/1566
f 91/1598/1566 752/1597/1565 751/1599/1567
f 91/1598/1566 751/1599/1567 750/1600/1568
f 91/1598/1566 750/1600/1568 92/1601/1569
f 92/1601/1569 750/1600/1568 749/1602/1570
f 92/1601/1569 749/1602/1570 93/1603/1571
f 93/1603/1571 749/1602/1570 748/1545/1513
f 93/1603/1571 748/1545/1513 94/1547/1515
f 698/1604/1572 697/1605/1573 922/1606/1574
f 922/1606/1574 697/1605/1573 720/1607/1575
f 922/1606/1574 720/1607/1575 719/1608/1576
f 719/1608/1576 718/1609/1577 922/1606/1574
f 922/1606/1574 718/1609/1577 917/1610/1578
f 922/1606/1574 917/1610/1578 280/1611/1579
f 280/1611/1579 917/1610/1578 281/1612/1580
f 281/1612/1580 917/1610/1578 282/1613/1581
f 282/1613/1581 917/1610/1578 283/1614/1582
f 283/1614/1582 917/1610/1578 811/1615/1583
f 283/1614/1582 811/1615/1583 284/1616/1584
f 284/1616/1584 811/1615/1583 522/1617/1585
f 284/1616/1584 522/1617/1585 285/1618/1586
f 285/1618/1586 522/1617/1585 521/1619/1587
f 285/1618/1586 521/1619/1587 286/1620/1588
f 286/1620/1588 521/1619/1587 520/1621/1589
f 286/1620/1588 520/1621/1589 287/1622/1590
f 287/1622/1590 520/1621/1589 519/1623/1591
f 287/1622/1590 519/1623/1591 288/1624/1592
f 288/1624/1592 519/1623/1591 518/1625/1593
f 288/1624/1592 518/1625/1593 265/1626/1594
f 265/1626/1594 518/1625/1593 517/1627/1595
f 265/1626/1594 517/1627/1595 266/1628/1596
f 266/1628/1596 517/1627/1595 516/1629/1597
f 266/1628/1596 516/1629/1597 267/1630/1598
f 267/1630/1598 516/1629/1597 515/1631/1599
f 267/1630/1598 515/1631/1599 268/1632/1600
f 268/1632/1600 515/1631/1599 514/1633/1601
f 268/1632/1600 514/1633/1601 622/1634/1602
f 622/1634/1602 514/1633/1601 376/1635/1603
f 622/1634/1602 376/1635/1603 623/1636/1604
f 623/1636/1604 376/1635/1603 375/1637/1605
f 623/1636/1604 375/1637/1605 624/1638/1606
f 624/1638/1606 375/1637/1605 374/1639/1607
f 624/1638/1606 374/1639/1607 601/1640/1608
f 601/1640/1608 374/1639/1607 373/1641/1609
f 601/1640/1608 373/1641/1609 602/1642/1610
f 602/1642/1610 373/1641/1609 372/1643/1611
f 602/1642/1610 372/1643/1611 603/1644/1612
f 603/1644/1612 372/1643/1611 371/1645/1613
f 603/1644/1612 371/1645/1613 604/1646/1614
f 604/1646/1614 371/1645/1613 370/1647/1615
f 604/1646/1614 370/1647/1615 605/1648/1616
f 605/1648/1616 370/1647/1615 369/1649/1617
f 605/1648/1616 369/1649/1617 825/1650/1618
f 825/1650/1618 369/1649/1617 368/1651/1619
f 825/1650/1618 368/1651/1619 823/1652/1620
f 823/1652/1620 368/1651/1619 367/1653/1621
f 823/1652/1620 367/1653/1621 366/1654/1622
f 718/1609/1577 717/1655/1623 917/1610/1578
f 917/1610/1578 717/1655/1623 716/1656/1624
f 917/1610/1578 716/1656/1624 715/1657/1625
f 917/1610/1578 715/1657/1625 861/1658/1626
f 861/1658/1626 715/1657/1625 714/1659/1627
f 861/1658/1626 714/1659/1627 236/1660/1628
f 236/1660/1628 714/1659/1627 237/1661/1629
f 237/1661/1629 714/1659/1627 713/1662/1630
f 237/1661/1629 713/1662/1630 238/1663/1631
f 238/1663/1631 713/1662/1630 712/1664/1632
f 238/1663/1631 712/1664/1632 239/1665/1633
f 239/1665/1633 712/1664/1632 711/1666/1634
f 239/1665/1633 711/1666/1634 240/1667/1635
f 240/1667/1635 711/1666/1634 710/1668/1636
f 240/1667/1635 710/1668/1636 217/1669/1637
f 217/1669/1637 710/1668/1636 709/1670/1638
f 217/1669/1637 709/1670/1638 218/1671/1639
f 218/1671/1639 709/1670/1638 708/1672/1640
f 218/1671/1639 708/1672/1640 219/1673/1641
f 219/1673/1641 708/1672/1640 707/1674/1642
f 219/1673/1641 707/1674/1642 220/1675/1643
f 220/1675/1643 707/1674/1642 706/1676/1644
f 220/1675/1643 706/1676/1644 430/1677/1645
f 430/1677/1645 706/1676/1644 664/1678/1646
f 430/1677/1645 664/1678/1646 431/1679/1647
f 431/1679/1647 664/1678/1646 663/1680/1648
f 431/1679/1647 663/1680/1648 432/1681/1649
f 432/1681/1649 663/1680/1648 662/1682/1650
f 432/1681/1649 662/1682/1650 409/1683/1651
f 409/1683/1651 662/1682/1650 661/1684/1652
f 409/1683/1651 661/1684/1652 410/1685/1653
f 410/1685/1653 661/1684/1652 660/1686/1654
f 410/1685/1653 660/1686/1654 411/1687/1655
f 411/1687/1655 660/1686/1654 659/1688/1656
f 411/1687/1655 659/1688/1656 412/1689/1657
f 412/1689/1657 659/1688/1656 658/1690/1658
f 412/1689/1657 658/1690/1658 413/1691/1659
f 413/1691/1659 658/1690/1658 657/1692/1660
f 413/1691/1659 657/1692/1660 847/1693/1661
f 847/1693/1661 657/1692/1660 656/1694/1662
f 847/1693/1661 656/1694/1662 655/1695/1663
f 706/1676/1644 705/1696/1664 664/1678/1646
f 664/1678/1646 705/1696/1664 665/1697/1665
f 665/1697/1665 705/1696/1664 704/1698/1666
f 665/1697/1665 704/1698/1666 666/1699/1667
f 666/1699/1667 704/1698/1666 703/1700/1668
f 666/1699/1667 703/1700/1668 667/1701/1669
f 667/1701/1669 703/1700/1668 702/1702/1670
f 667/1701/1669 702/1702/1670 668/1703/1671
f 668/1703/1671 702/1702/1670 701/1704/1672
f 668/1703/1671 701/1704/1672 669/1705/1673
f 669/1705/1673 701/1704/1672 700/1706/1674
f 669/1705/1673 700/1706/1674 670/1707/1675
f 670/1707/1675 700/1706/1674 699/1708/1676
f 670/1707/1675 699/1708/1676 671/1709/1677
f 671/1709/1677 699/1708/1676 921/1710/1678
f 671/1709/1677 921/1710/1678 672/1711/1679
f 672/1711/1679 921/1710/1678 924/1712/1680
f 672/1711/1679 924/1712/1680 649/1713/1681
f 649/1713/1681 924/1712/1680 650/1714/1682
f 650/1714/1682 924/1712/1680 841/1715/1683
f 650/1714/1682 841/1715/1683 651/1716/1684
f 651/1716/1684 841/1715/1683 652/1717/1685
f 652/1717/1685 841/1715/1683 653/1718/1686
f 653/1718/1686 841/1715/1683 654/1719/1687
f 654/1719/1687 841/1715/1683 847/1693/1661
f 654/1719/1687 847/1693/1661 655/1695/1663
f 699/1708/1676 698/1604/1572 921/1710/1678
f 921/1710/1678 698/1604/1572 922/1606/1574
f 921/1710/1678 922/1606/1574 276/1720/1688
f 276/1720/1688 922/1606/1574 277/1721/1689
f 277/1721/1689 922/1606/1574 278/1722/1690
f 278/1722/1690 922/1606/1574 279/1723/1691
f 279/1723/1691 922/1606/1574 280/1611/1579
f 622/1634/1602 621/1724/1692 268/1632/1600
f 268/1632/1600 621/1724/1692 269/1725/1693
f 269/1725/1693 621/1724/1692 620/1726/1694
f 269/1725/1693 620/1726/1694 270/1727/1695
f 270/1727/1695 620/1726/1694 619/1728/1696
f 270/1727/1695 619/1728/1696 271/1729/1697
f 271/1729/1697 619/1728/1696 618/1730/1698
f 271/1729/1697 618/1730/1698 272/1731/1699
f 272/1731/1699 618/1730/1698 617/1732/1700
f 272/1731/1699 617/1732/1700 273/1733/1701
f 273/1733/1701 617/1732/1700 616/1734/1702
f 273/1733/1701 616/1734/1702 274/1735/1703
f 274/1735/1703 616/1734/1702 615/1736/1704
f 274/1735/1703 615/1736/1704 275/1737/1705
f 275/1737/1705 615/1736/1704 921/1710/1678
f 275/1737/1705 921/1710/1678 276/1720/1688
f 615/1736/1704 614/1738/1706 921/1710/1678
f 921/1710/1678 614/1738/1706 924/1712/1680
f 614/1738/1706 613/1739/1707 924/1712/1680
f 924/1712/1680 613/1739/1707 612/1740/1708
f 924/1712/1680 612/1740/1708 831/1741/1709
f 831/1741/1709 612/1740/1708 611/1742/1710
f 831/1741/1709 611/1742/1710 610/1743/1711
f 610/1743/1711 609/1744/1712 831/1741/1709
f 831/1741/1709 609/1744/1712 608/1745/1713
f 831/1741/1709 608/1745/1713 825/1650/1618
f 825/1650/1618 608/1745/1713 607/1746/1714
f 825/1650/1618 607/1746/1714 606/1747/1715
f 606/1747/1715 605/1648/1616 825/1650/1618
f 576/1748/1716 182/1749/1717 553/1750/1718
f 553/1750/1718 182/1749/1717 181/1751/1719
f 553/1750/1718 181/1751/1719 554/1752/1720
f 554/1752/1720 181/1751/1719 180/1753/1721
f 554/1752/1720 180/1753/1721 555/1754/1722
f 555/1754/1722 180/1753/1721 179/1755/1723
f 555/1754/1722 179/1755/1723 556/1756/1724
f 556/1756/1724 179/1755/1723 178/1757/1725
f 556/1756/1724 178/1757/1725 557/1758/1726
f 557/1758/1726 178/1757/1725 177/1759/1727
f 557/1758/1726 177/1759/1727 558/1760/1728
f 558/1760/1728 177/1759/1727 176/1761/1729
f 558/1760/1728 176/1761/1729 793/1762/1730
f 793/1762/1730 176/1761/1729 175/1763/1731
f 793/1762/1730 175/1763/1731 174/1764/1732
f 182/1749/1717 576/1748/1716 183/1765/1733
f 183/1765/1733 576/1748/1716 575/1766/1734
f 183/1765/1733 575/1766/1734 184/1767/1735
f 184/1767/1735 575/1766/1734 574/1768/1736
f 184/1767/1735 574/1768/1736 322/1769/1737
f 322/1769/1737 574/1768/1736 28/1770/1738
f 322/1769/1737 28/1770/1738 323/1771/1739
f 323/1771/1739 28/1770/1738 27/1772/1740
f 323/1771/1739 27/1772/1740 324/1773/1741
f 324/1773/1741 27/1772/1740 26/1774/1742
f 324/1773/1741 26/1774/1742 325/1775/1743
f 325/1775/1743 26/1774/1742 25/1776/1744
f 325/1775/1743 25/1776/1744 326/1777/1745
f 326/1777/1745 25/1776/1744 48/1778/1746
f 326/1777/1745 48/1778/1746 327/1779/1747
f 327/1779/1747 48/1778/1746 47/1780/1748
f 327/1779/1747 47/1780/1748 328/1781/1749
f 328/1781/1749 47/1780/1748 46/1782/1750
f 328/1781/1749 46/1782/1750 329/1783/1751
f 329/1783/1751 46/1782/1750 45/1784/1752
f 329/1783/1751 45/1784/1752 779/1785/1753
f 779/1785/1753 45/1784/1752 44/1786/1754
f 779/1785/1753 44/1786/1754 43/1787/1755
f 574/1768/1736 573/1788/1756 28/1770/1738
f 28/1770/1738 573/1788/1756 29/1789/1757
f 29/1789/1757 573/1788/1756 572/1790/1758
f 29/1789/1757 572/1790/1758 30/1791/1759
f 30/1791/1759 572/1790/1758 571/1792/1760
f 30/1791/1759 571/1792/1760 31/1793/1761
f 31/1793/1761 571/1792/1760 32/1794/1762
f 32/1794/1762 571/1792/1760 570/1795/1763
f 32/1794/1762 570/1795/1763 33/1796/1764
f 33/1796/1764 570/1795/1763 569/1797/1765
f 33/1796/1764 569/1797/1765 34/1798/1766
f 34/1798/1766 569/1797/1765 568/1799/1767
f 34/1798/1766 568/1799/1767 35/1800/1768
f 35/1800/1768 568/1799/1767 567/1801/1769
f 35/1800/1768 567/1801/1769 919/1802/1770
f 919/1802/1770 567/1801/1769 566/1803/1771
f 919/1802/1770 566/1803/1771 565/1804/1772
f 565/1804/1772 564/1805/1773 919/1802/1770
f 919/1802/1770 564/1805/1773 563/1806/1774
f 919/1802/1770 563/1806/1774 562/1807/1775
f 919/1802/1770 562/1807/1775 918/1567/1535
f 918/1567/1535 562/1807/1775 561/1808/1776
f 918/1567/1535 561/1808/1776 560/1809/1777
f 560/1809/1777 559/1810/1778 918/1567/1535
f 918/1567/1535 559/1810/1778 793/1762/1730
f 918/1567/1535 793/1762/1730 795/1811/1779
f 559/1810/1778 558/1760/1728 793/1762/1730
f 506/1812/1780 505/1813/1781 817/1814/1782
f 817/1814/1782 505/1813/1781 528/1815/1783
f 817/1814/1782 528/1815/1783 527/1816/1784
f 817/1814/1782 527/1816/1784 811/1615/1583
f 811/1615/1583 527/1816/1784 526/1817/1785
f 811/1615/1583 526/1817/1785 525/1818/1786
f 525/1818/1786 524/1819/1787 811/1615/1583
f 811/1615/1583 524/1819/1787 523/1820/1788
f 811/1615/1583 523/1820/1788 522/1617/1585
f 514/1633/1601 513/1821/1789 376/1635/1603
f 376/1635/1603 513/1821/1789 377/1822/1790
f 377/1822/1790 513/1821/1789 512/1823/1791
f 377/1822/1790 512/1823/1791 378/1824/1792
f 378/1824/1792 512/1823/1791 511/1825/1793
f 378/1824/1792 511/1825/1793 379/1826/1794
f 379/1826/1794 511/1825/1793 510/1827/1795
f 379/1826/1794 510/1827/1795 380/1828/1796
f 380/1828/1796 510/1827/1795 509/1829/1797
f 380/1828/1796 509/1829/1797 381/1830/1798
f 381/1830/1798 509/1829/1797 508/1831/1799
f 381/1830/1798 508/1831/1799 382/1832/1800
f 382/1832/1800 508/1831/1799 817/1814/1782
f 382/1832/1800 817/1814/1782 383/1833/1801
f 383/1833/1801 817/1814/1782 384/1834/1802
f 384/1834/1802 817/1814/1782 361/1835/1803
f 361/1835/1803 817/1814/1782 362/1836/1804
f 362/1836/1804 817/1814/1782 363/1837/1805
f 363/1837/1805 817/1814/1782 819/1838/1806
f 363/1837/1805 819/1838/1806 823/1652/1620
f 823/1652/1620 819/1838/1806 821/1839/1807
f 508/1831/1799 507/1840/1808 817/1814/1782
f 817/1814/1782 507/1840/1808 506/1812/1780
f 458/1841/1809 457/1842/1810 919/1802/1770
f 919/1802/1770 457/1842/1810 480/1843/1811
f 919/1802/1770 480/1843/1811 479/1844/1812
f 919/1802/1770 479/1844/1812 123/1845/1813
f 123/1845/1813 479/1844/1812 478/1846/1814
f 123/1845/1813 478/1846/1814 124/1847/1815
f 124/1847/1815 478/1846/1814 477/1848/1816
f 124/1847/1815 477/1848/1816 125/1849/1817
f 125/1849/1817 477/1848/1816 476/1850/1818
f 125/1849/1817 476/1850/1818 126/1851/1819
f 126/1851/1819 476/1850/1818 475/1852/1820
f 126/1851/1819 475/1852/1820 127/1853/1821
f 127/1853/1821 475/1852/1820 128/1854/1822
f 128/1854/1822 475/1852/1820 474/1855/1823
f 128/1854/1822 474/1855/1823 129/1856/1824
f 129/1856/1824 474/1855/1823 473/1857/1825
f 129/1856/1824 473/1857/1825 472/1548/1516
f 461/1569/1537 460/1858/1826 918/1567/1535
f 918/1567/1535 460/1858/1826 919/1802/1770
f 460/1858/1826 459/1859/1827 919/1802/1770
f 919/1802/1770 459/1859/1827 458/1841/1809
f 430/1677/1645 429/1860/1828 220/1675/1643
f 220/1675/1643 429/1860/1828 221/1861/1829
f 221/1861/1829 429/1860/1828 428/1862/1830
f 221/1861/1829 428/1862/1830 222/1863/1831
f 222/1863/1831 428/1862/1830 427/1864/1832
f 222/1863/1831 427/1864/1832 223/1865/1833
f 223/1865/1833 427/1864/1832 426/1866/1834
f 223/1865/1833 426/1866/1834 224/1867/1835
f 224/1867/1835 426/1866/1834 425/1868/1836
f 224/1867/1835 425/1868/1836 225/1869/1837
f 225/1869/1837 425/1868/1836 424/1870/1838
f 225/1869/1837 424/1870/1838 226/1871/1839
f 226/1871/1839 424/1870/1838 855/1872/1840
f 226/1871/1839 855/1872/1840 227/1873/1841
f 227/1873/1841 855/1872/1840 228/1874/1842
f 228/1874/1842 855/1872/1840 229/1875/1843
f 229/1875/1843 855/1872/1840 230/1876/1844
f 230/1876/1844 855/1872/1840 231/1877/1845
f 231/1877/1845 855/1872/1840 861/1658/1626
f 231/1877/1845 861/1658/1626 232/1878/1846
f 232/1878/1846 861/1658/1626 233/1879/1847
f 233/1879/1847 861/1658/1626 234/1880/1848
f 234/1880/1848 861/1658/1626 235/1881/1849
f 235/1881/1849 861/1658/1626 236/1660/1628
f 424/1870/1838 423/1882/1850 855/1872/1840
f 855/1872/1840 423/1882/1850 422/1883/1851
f 855/1872/1840 422/1883/1851 421/1884/1852
f 421/1884/1852 420/1885/1853 855/1872/1840
f 855/1872/1840 420/1885/1853 419/1886/1854
f 855/1872/1840 419/1886/1854 853/1887/1855
f 853/1887/1855 419/1886/1854 849/1888/1856
f 853/1887/1855 849/1888/1856 851/1889/1857
f 419/1886/1854 418/1890/1858 849/1888/1856
f 849/1888/1856 418/1890/1858 417/1891/1859
f 849/1888/1856 417/1891/1859 416/1892/1860
f 416/1892/1860 415/1893/1861 849/1888/1856
f 849/1888/1856 415/1893/1861 414/1894/1862
f 849/1888/1856 414/1894/1862 847/1693/1661
f 847/1693/1661 414/1894/1862 413/1691/1659
f 366/1654/1622 365/1895/1863 823/1652/1620
f 823/1652/1620 365/1895/1863 364/1896/1864
f 823/1652/1620 364/1896/1864 363/1837/1805
f 314/1897/1865 313/1898/1866 787/1899/1867
f 787/1899/1867 313/1898/1866 336/1900/1868
f 787/1899/1867 336/1900/1868 335/1901/1869
f 334/1902/1870 781/1903/1871 335/1901/1869
f 335/1901/1869 781/1903/1871 785/1904/1872
f 335/1901/1869 785/1904/1872 787/1899/1867
f 334/1902/1870 333/1905/1873 781/1903/1871
f 781/1903/1871 333/1905/1873 332/1906/1874
f 781/1903/1871 332/1906/1874 331/1907/1875
f 331/1907/1875 330/1908/1876 781/1903/1871
f 781/1903/1871 330/1908/1876 779/1785/1753
f 779/1785/1753 330/1908/1876 329/1783/1751
f 322/1769/1737 321/1909/1877 184/1767/1735
f 184/1767/1735 321/1909/1877 185/1910/1878
f 185/1910/1878 321/1909/1877 186/1911/1879
f 186/1911/1879 321/1909/1877 320/1912/1880
f 186/1911/1879 320/1912/1880 187/1913/1881
f 187/1913/1881 320/1912/1880 319/1914/1882
f 187/1913/1881 319/1914/1882 318/1915/1883
f 187/1913/1881 318/1915/1883 188/1916/1884
f 188/1916/1884 318/1915/1883 317/1917/1885
f 188/1916/1884 317/1917/1885 189/1918/1886
f 189/1918/1886 317/1917/1885 316/1919/1887
f 189/1918/1886 316/1919/1887 190/1920/1888
f 190/1920/1888 316/1919/1887 787/1899/1867
f 190/1920/1888 787/1899/1867 191/1921/1889
f 191/1921/1889 787/1899/1867 192/1922/1890
f 192/1922/1890 787/1899/1867 169/1923/1891
f 169/1923/1891 787/1899/1867 170/1924/1892
f 170/1924/1892 787/1899/1867 171/1925/1893
f 171/1925/1893 787/1899/1867 793/1762/1730
f 171/1925/1893 793/1762/1730 172/1926/1894
f 172/1926/1894 793/1762/1730 173/1927/1895
f 173/1927/1895 793/1762/1730 174/1764/1732
f 316/1919/1887 315/1928/1896 787/1899/1867
f 787/1899/1867 315/1928/1896 314/1897/1865
f 122/1929/1897 121/1930/1898 920/1931/1899
f 920/1931/1899 121/1930/1898 144/1932/1900
f 920/1931/1899 144/1932/1900 899/1933/1901
f 899/1933/1901 144/1932/1900 143/1934/1902
f 899/1933/1901 143/1934/1902 142/1935/1903
f 142/1935/1903 141/1936/1904 899/1933/1901
f 899/1933/1901 141/1936/1904 140/1937/1905
f 899/1933/1901 140/1937/1905 893/1576/1544
f 893/1576/1544 140/1937/1905 139/1938/1906
f 893/1576/1544 139/1938/1906 138/1939/1907
f 138/1939/1907 137/1574/1542 893/1576/1544
f 130/1546/1514 129/1856/1824 472/1548/1516
f 123/1845/1813 122/1929/1897 919/1802/1770
f 919/1802/1770 122/1929/1897 920/1931/1899
f 919/1802/1770 920/1931/1899 36/1940/1908
f 36/1940/1908 920/1931/1899 37/1941/1909
f 37/1941/1909 920/1931/1899 38/1942/1910
f 38/1942/1910 920/1931/1899 773/1943/1911
f 38/1942/1910 773/1943/1911 39/1944/1912
f 39/1944/1912 773/1943/1911 40/1945/1913
f 40/1945/1913 773/1943/1911 41/1946/1914
f 41/1946/1914 773/1943/1911 42/1947/1915
f 42/1947/1915 773/1943/1911 779/1785/1753
f 42/1947/1915 779/1785/1753 43/1787/1755
f 87/1593/1561 86/1948/1916 885/1585/1553
f 885/1585/1553 86/1948/1916 85/1949/1917
f 885/1585/1553 85/1949/1917 84/1950/1918
f 84/1950/1918 83/1951/1919 885/1585/1553
f 885/1585/1553 83/1951/1919 879/1565/1533
f 885/1585/1553 879/1565/1533 883/1952/1920
f 883/1952/1920 879/1565/1533 881/1953/1921
f 83/1951/1919 82/1954/1922 879/1565/1533
f 879/1565/1533 82/1954/1922 81/1955/1923
f 879/1565/1533 81/1955/1923 80/1956/1924
f 80/1956/1924 79/1957/1925 879/1565/1533
f 879/1565/1533 79/1957/1925 78/1563/1531
f 36/1940/1908 35/1800/1768 919/1802/1770
f 903/1958/1926 770/1959/1927 901/1960/1928
f 901/1960/1928 770/1959/1927 769/1961/1929
f 901/1960/1928 769/1961/1929 920/1931/1899
f 920/1931/1899 769/1961/1929 773/1943/1911
f 775/1962/1930 777/1963/1931 773/1943/1911
f 773/1943/1911 777/1963/1931 779/1785/1753
f 781/1903/1871 783/1964/1932 785/1904/1872
f 789/1965/1933 791/1966/1934 787/1899/1867
f 787/1899/1867 791/1966/1934 793/1762/1730
f 797/1967/1935 801/1968/1936 795/1811/1779
f 795/1811/1779 801/1968/1936 925/1969/1937
f 795/1811/1779 925/1969/1937 918/1567/1535
f 918/1567/1535 925/1969/1937 877/1970/1938
f 918/1567/1535 877/1970/1938 879/1565/1533
f 797/1967/1935 799/1971/1939 801/1968/1936
f 925/1969/1937 801/1968/1936 926/1972/1940
f 926/1972/1940 801/1968/1936 803/1973/1941
f 926/1972/1940 803/1973/1941 927/1974/1942
f 927/1974/1942 803/1973/1941 809/1975/1943
f 927/1974/1942 809/1975/1943 917/1610/1578
f 917/1610/1578 809/1975/1943 811/1615/1583
f 803/1973/1941 805/1976/1944 809/1975/1943
f 809/1975/1943 805/1976/1944 807/1977/1945
f 813/1978/1946 815/1979/1947 811/1615/1583
f 811/1615/1583 815/1979/1947 817/1814/1782
f 827/1980/1948 829/1981/1949 825/1650/1618
f 825/1650/1618 829/1981/1949 831/1741/1709
f 831/1741/1709 833/1982/1950 924/1712/1680
f 924/1712/1680 833/1982/1950 923/1983/1951
f 924/1712/1680 923/1983/1951 839/1984/1952
f 839/1984/1952 923/1983/1951 837/1985/1953
f 837/1985/1953 923/1983/1951 835/1986/1954
f 835/1986/1954 923/1983/1951 833/1982/1950
f 839/1984/1952 841/1715/1683 924/1712/1680
f 843/1987/1955 845/1988/1956 841/1715/1683
f 841/1715/1683 845/1988/1956 847/1693/1661
f 857/1989/1957 859/1990/1958 855/1872/1840
f 855/1872/1840 859/1990/1958 861/1658/1626
f 861/1658/1626 863/1991/1959 917/1610/1578
f 917/1610/1578 863/1991/1959 927/1974/1942
f 927/1974/1942 863/1991/1959 869/1992/1960
f 869/1992/1960 863/1991/1959 865/1993/1961
f 869/1992/1960 865/1993/1961 867/1994/1962
f 927/1974/1942 869/1992/1960 926/1972/1940
f 926/1972/1940 869/1992/1960 871/1995/1963
f 926/1972/1940 871/1995/1963 925/1969/1937
f 925/1969/1937 871/1995/1963 877/1970/1938
f 871/1995/1963 873/1996/1964 877/1970/1938
f 877/1970/1938 873/1996/1964 875/1997/1965
f 895/1998/1966 897/1999/1967 893/1576/1544
f 893/1576/1544 897/1999/1967 899/1933/1901
f 899/1933/1901 901/1960/1928 920/1931/1899
g Body2

v -46.900003 64.900000 27.830000
v -46.900003 64.580000 27.830000
v -47.200003 64.580000 27.830000
v -47.200003 64.900000 27.830000
v -46.900003 64.900000 33.230000
v -47.200003 64.900000 33.230000
v -46.900003 64.580000 33.230000
v -47.200003 64.580000 33.230000
v -46.900003 64.580000 38.630000
v -47.200003 64.580000 38.630000
v -46.900003 64.900000 38.630000
v -47.200003 64.900000 38.630000
v -46.900003 64.900000 44.280000
v -47.200003 64.900000 44.280000
v -46.900003 64.580000 44.280000
v -47.200003 64.580000 44.280000
v -46.900003 64.580000 49.680000
v -47.200003 64.580000 49.680000
v -46.900003 60.990000 49.680000
v -47.200003 60.990000 49.680000
v -46.900003 60.990000 50.000000
v -47.200003 60.990000 50.000000
v -46.900003 57.010000 50.000000
v -47.200003 57.010000 50.000000
v -46.900003 57.010000 49.680000
v -47.200003 57.010000 49.680000
v -46.900003 57.000000 49.680000
v -47.200003 57.000000 49.680000
v -46.900003 53.090000 49.680000
v -47.200003 53.090000 49.680000
v -46.900003 53.090000 50.000000
v -47.200003 53.090000 50.000000
v -46.900003 49.210000 50.000000
v -47.200003 49.210000 50.000000
v -46.900003 49.210000 49.680000
v -47.200003 49.210000 49.680000
v -46.900003 49.200000 49.680000
v -47.200003 49.200000 49.680000
v -46.900003 45.100000 49.680000
v -47.200003 45.100000 49.680000
v -46.900003 45.090000 49.680000
v -47.200003 45.090000 49.680000
v -46.900003 45.090000 50.000000
v -47.200003 45.090000 50.000000
v -46.900003 41.210000 50.000000
v -47.200003 41.210000 50.000000
v -46.900003 41.210000 49.680000
v -47.200003 41.210000 49.680000
v -46.900003 37.300000 49.680000
v -47.200003 37.300000 49.680000
v -46.900003 37.290000 49.680000
v -47.200003 37.290000 49.680000
v -46.900003 37.290000 50.000001
v -47.200003 37.290000 50.000001
v -46.900003 33.309997 50.000000
v -47.200003 33.309997 50.000000
v -46.900003 33.309997 49.680000
v -47.200003 33.309997 49.680000
v -46.900003 33.299997 49.680000
v -47.200003 33.299997 49.680000
v -46.900003 29.720000 49.680000
v -47.200003 29.720000 49.680000
v -46.900003 29.400000 49.680000
v -47.200003 29.400000 49.680000
v -46.900003 29.400000 44.280000
v -47.200003 29.400000 44.280000
v -46.900003 29.720000 44.280000
v -47.200003 29.720000 44.280000
v -46.900003 29.720000 38.630000
v -47.200003 29.720000 38.630000
v -46.900003 29.400000 38.630000
v -47.200003 29.400000 38.630000
v -46.900003 29.400000 33.230000
v -47.200003 29.400000 33.230000
v -46.900003 29.720000 33.230000
v -47.200003 29.720000 33.230000
v -46.900003 29.720000 27.830000
v -47.200003 29.720000 27.830000
v -46.900003 29.400000 27.830000
v -47.200003 29.400000 27.830000
v -46.900003 29.400000 22.170000
v -47.200003 29.400000 22.170000
v -46.900003 29.720000 22.170000
v -47.200003 29.720000 22.170000
v -46.900003 29.720000 16.770000
v -47.200003 29.720000 16.770000
v -46.900003 29.400000 16.770000
v -47.200003 29.400000 16.770000
v -46.900003 29.400000 11.370000
v -47.200003 29.400000 11.370000
v -46.900003 29.720000 11.370000
v -47.200003 29.720000 11.370000
v -46.900003 29.720000 5.720000
v -47.200003 29.720000 5.720000
v -46.900003 29.400000 5.720000
v -47.200003 29.400000 5.720000
v -46.900003 29.400000 0.000000
v -47.200003 29.400000 0.000000
v -46.900003 33.300000 0.000000
v -47.200003 33.300000 0.000000
v -46.900003 33.300000 0.320000
v -47.200003 33.300000 0.320000
v -46.900003 37.297922 0.320000
v -47.200003 37.297922 0.320000
v -46.900003 37.307922 0.320000
v -47.200003 37.307922 0.320000
v -46.900003 37.307922 0.000000
v -47.200003 37.307922 0.000000
v -46.900003 41.190000 0.000000
v -47.200003 41.190000 0.000000
v -46.900003 41.190000 0.320000
v -47.200003 41.190000 0.320000
v -46.900003 41.200000 0.320000
v -47.200003 41.200000 0.320000
v -46.900003 45.110000 0.320000
v -47.200003 45.110000 0.320000
v -46.900003 45.110000 0.000000
v -47.200003 45.110000 0.000000
v -46.900003 49.190000 0.000000
v -47.200003 49.190000 0.000000
v -46.900003 49.190000 0.320000
v -47.200003 49.190000 0.320000
v -46.900003 49.200000 0.320000
v -47.200003 49.200000 0.320000
v -46.900003 53.100000 0.320000
v -47.200003 53.100000 0.320000
v -46.900003 53.110000 0.320000
v -47.200003 53.110000 0.320000
v -46.900003 53.110000 0.000000
v -47.200003 53.110000 0.000000
v -46.900003 56.989999 0.000000
v -47.200003 56.989999 0.000000
v -46.900003 56.990000 0.320000
v -47.200003 56.990000 0.320000
v -46.900003 57.000000 0.320000
v -47.200003 57.000000 0.320000
v -46.900003 61.000000 0.320000
v -47.200003 61.000000 0.320000
v -46.900003 61.010000 0.320000
v -47.200003 61.010000 0.320000
v -46.900003 61.010000 0.000000
v -47.200003 61.010000 0.000000
v -46.900003 64.580000 0.000000
v -47.200003 64.580000 0.000000
v -46.900003 64.580000 5.720000
v -47.200003 64.580000 5.720000
v -46.900003 64.900000 5.720000
v -47.200003 64.900000 5.720000
v -46.900003 64.900000 11.370000
v -47.200003 64.900000 11.370000
v -46.900003 64.580000 11.370000
v -47.200003 64.580000 11.370000
v -46.900003 64.580000 16.770000
v -47.200003 64.580000 16.770000
v -46.900003 64.900000 16.770000
v -47.200003 64.900000 16.770000
v -46.900003 64.900000 22.170000
v -47.200003 64.900000 22.170000
v -46.900003 64.580000 22.170000
v -47.200003 64.580000 22.170000
v -47.200003 56.025000 10.000000
v -47.200003 56.025000 20.000000
v -47.200003 56.025000 30.000000
v -47.200003 56.025000 40.000001
v -47.200003 47.150000 10.000000
v -47.200003 47.150000 20.000000
v -47.200003 47.150000 30.000000
v -47.200003 47.150000 40.000001
v -47.200003 38.275000 10.000000
v -47.200003 38.275000 20.000000
v -47.200003 38.275000 30.000000
v -47.200003 38.275000 40.000001
v -46.900003 56.025000 40.000001
v -46.900003 56.025000 30.000000
v -46.900003 56.025000 20.000000
v -46.900003 56.025000 10.000000
v -46.900003 47.150000 40.000001
v -46.900003 47.150000 30.000000
v -46.900003 47.150000 20.000000
v -46.900003 47.150000 10.000000
v -46.900003 38.275000 40.000001
v -46.900003 38.275000 30.000000
v -46.900003 38.275000 20.000000
v -46.900003 38.275000 10.000000
vt 0.000000 0.000000 0.000000
vt 0.320000 0.000000 0.000000
vt -0.000000 0.300000 0.000000
vt 0.320000 0.300000 0.000000
vt -0.000000 0.000000 0.000000
vt 5.400000 -0.000000 0.000000
vt 0.000000 0.300000 0.000000
vt 5.400000 0.300000 0.000000
vt 0.000000 0.000000 0.000000
vt 0.320000 -0.000000 0.000000
vt 0.000000 0.300000 0.000000
vt 0.320000 0.300000 0.000000
vt -0.000000 0.000000 0.000000
vt 5.400000 -0.000000 0.000000
vt 0.000000 0.300000 0.000000
vt 5.400000 0.300000 0.000000
vt 0.000000 0.000000 0.000000
vt 0.320000 0.000000 0.000000
vt -0.000000 0.300000 0.000000
vt 0.320000 0.300000 0.000000
vt -0.000000 0.000000 0.000000
vt 5.650000 -0.000000 0.000000
vt 0.000000 0.300000 0.000000
vt 5.650000 0.300000 0.000000
vt 0.000000 0.000000 0.000000
vt 0.320000 -0.000000 0.000000
vt 0.000000 0.300000 0.000000
vt 0.320000 0.300000 0.000000
vt -0.000000 0.000000 0.000000
vt 5.400000 -0.000000 0.000000
vt 0.000000 0.300000 0.000000
vt 5.400000 0.300000 0.000000
vt 0.000000 0.000000 0.000000
vt 3.590000 -0.000000 0.000000
vt 0.000000 0.300000 0.000000
vt 3.590000 0.300000 0.000000
vt 0.000000 0.000000 0.000000
vt 0.320000 -0.000000 0.000000
vt 0.000000 0.300000 0.000000
vt 0.320000 0.300000 0.000000
vt 0.000000 -0.000000 0.000000
vt 3.980000 -0.000000 0.000000
vt 0.000000 0.300000 0.000000
vt 3.980000 0.300000 0.000000
vt 0.000000 0.000000 0.000000
vt 0.320000 0.000000 0.000000
vt -0.000000 0.300000 0.000000
vt 0.320000 0.300000 0.000000
vt 0.000000 0.000000 0.000000
vt 0.010000 -0.000000 0.000000
vt 0.000000 0.300000 0.000000
vt 0.010000 0.300000 0.000000
vt 0.000000 0.000000 0.000000
vt 3.910000 0.000000 0.000000
vt 0.000000 0.300000 0.000000
vt 3.910000 0.300000 0.000000
vt -0.000000 0.000000 0.000000
vt 0.320000 -0.000000 0.000000
vt 0.000000 0.300000 0.000000
vt 0.320000 0.300000 0.000000
vt 0.000000 -0.000000 0.000000
vt 3.880000 -0.000000 0.000000
vt 0.000000 0.300000 0.000000
vt 3.880000 0.300000 0.000000
vt 0.000000 0.000000 0.000000
vt 0.320000 0.000000 0.000000
vt -0.000000 0.300000 0.000000
vt 0.320000 0.300000 0.000000
vt 0.000000 0.000000 0.000000
vt 0.010000 0.000000 0.000000
vt 0.000000 0.300000 0.000000
vt 0.010000 0.300000 0.000000
vt 0.000000 0.000000 0.000000
vt 4.100000 -0.000000 0.000000
vt -0.000000 0.300000 0.000000
vt 4.100000 0.300000 0.000000
vt 0.000000 0.000000 0.000000
vt 0.010000 0.000000 0.000000
vt 0.000000 0.300000 0.000000
vt 0.010000 0.300000 0.000000
vt -0.000000 0.000000 0.000000
vt 0.320000 -0.000000 0.000000
vt 0.000000 0.300000 0.000000
vt 0.320000 0.300000 0.000000
vt 0.000000 -0.000000 0.000000
vt 3.880000 -0.000000 0.000000
vt 0.000000 0.300000 0.000000
vt 3.880000 0.300000 0.000000
vt 0.000000 0.000000 0.000000
vt 0.320000 0.000000 0.000000
vt -0.000000 0.300000 0.000000
vt 0.320000 0.300000 0.000000
vt 0.000000 0.000000 0.000000
vt 3.910000 0.000000 0.000000
vt 0.000000 0.300000 0.000000
vt 3.910000 0.300000 0.000000
vt 0.000000 0.000000 0.000000
vt 0.010000 -0.000000 0.000000
vt 0.000000 0.300000 0.000000
vt 0.010000 0.300000 0.000000
vt -0.000000 0.000000 0.000000
vt 0.320000 -0.000000 0.000000
vt 0.000000 0.300000 0.000000
vt 0.320000 0.300000 0.000000
vt 0.000000 -0.000000 0.000000
vt 3.980003 0.000000 0.000000
vt 0.000000 0.300000 0.000000
vt 3.980003 0.300000 0.000000
vt 0.000000 0.000000 0.000000
vt 0.320000 0.000000 0.000000
vt -0.000000 0.300000 0.000000
vt 0.320000 0.300000 0.000000
vt 0.000000 0.000000 0.000000
vt 0.010000 0.000000 0.000000
vt 0.000000 0.300000 0.000000
vt 0.010000 0.300000 0.000000
vt -0.000000 -0.000000 0.000000
vt 3.579997 -0.000000 0.000000
vt -0.000000 0.300000 0.000000
vt 3.579997 0.300000 0.000000
vt 0.000000 0.000000 0.000000
vt 0.320000 0.000000 0.000000
vt -0.000000 0.300000 0.000000
vt 0.320000 0.300000 0.000000
vt 0.000000 0.000000 0.000000
vt 5.400000 0.000000 0.000000
vt -0.000000 0.300000 0.000000
vt 5.400000 0.300000 0.000000
vt -0.000000 0.000000 0.000000
vt 0.320000 -0.000000 0.000000
vt 0.000000 0.300000 0.000000
vt 0.320000 0.300000 0.000000
vt 0.000000 0.000000 0.000000
vt 5.650000 0.000000 0.000000
vt -0.000000 0.300000 0.000000
vt 5.650000 0.300000 0.000000
vt 0.000000 0.000000 0.000000
vt 0.320000 0.000000 0.000000
vt 0.000000 0.300000 0.000000
vt 0.320000 0.300000 0.000000
vt 0.000000 0.000000 0.000000
vt 5.400000 0.000000 0.000000
vt -0.000000 0.300000 0.000000
vt 5.400000 0.300000 0.000000
vt 0.000000 0.000000 0.000000
vt 0.320000 0.000000 0.000000
vt 0.000000 0.300000 0.000000
vt 0.320000 0.300000 0.000000
vt 0.000000 0.000000 0.000000
vt 5.400000 0.000000 0.000000
vt -0.000000 0.300000 0.000000
vt 5.400000 0.300000 0.000000
vt 0.000000 0.000000 0.000000
vt 0.320000 0.000000 0.000000
vt 0.000000 0.300000 0.000000
vt 0.320000 0.300000 0.000000
vt 0.000000 0.000000 0.000000
vt 5.660000 -0.000000 0.000000
vt -0.000000 0.300000 0.000000
vt 5.660000 0.300000 0.000000
vt 0.000000 0.000000 0.000000
vt 0.320000 0.000000 0.000000
vt -0.000000 0.300000 0.000000
vt 0.320000 0.300000 0.000000
vt 0.000000 0.000000 0.000000
vt 5.400000 0.000000 0.000000
vt -0.000000 0.300000 0.000000
vt 5.400000 0.300000 0.000000
vt 0.000000 0.000000 0.000000
vt 0.320000 0.000000 0.000000
vt 0.000000 0.300000 0.000000
vt 0.320000 0.300000 0.000000
vt 0.000000 0.000000 0.000000
vt 5.400000 0.000000 0.000000
vt -0.000000 0.300000 0.000000
vt 5.400000 0.300000 0.000000
vt 0.000000 0.000000 0.000000
vt 0.320000 0.000000 0.000000
vt -0.000000 0.300000 0.000000
vt 0.320000 0.300000 0.000000
vt 0.000000 0.000000 0.000000
vt 5.650000 0.000000 0.000000
vt -0.000000 0.300000 0.000000
vt 5.650000 0.300000 0.000000
vt 0.000000 0.000000 0.000000
vt 0.320000 0.000000 0.000000
vt 0.000000 0.300000 0.000000
vt 0.320000 0.300000 0.000000
vt -0.000000 -0.000000 0.000000
vt 5.720000 0.000000 0.000000
vt -0.000000 0.300000 0.000000
vt 5.720000 0.300000 0.000000
vt 0.000000 0.000000 0.000000
vt 3.900000 0.000000 0.000000
vt 0.000000 0.300000 0.000000
vt 3.900000 0.300000 0.000000
vt -0.000000 0.000000 0.000000
vt 0.320000 -0.000000 0.000000
vt 0.000000 0.300000 0.000000
vt 0.320000 0.300000 0.000000
vt 0.000000 0.000000 0.000000
vt 3.997922 0.000000 0.000000
vt -0.000000 0.300000 0.000000
vt 3.997922 0.300000 0.000000
vt 0.000000 0.000000 0.000000
vt 0.010000 0.000000 0.000000
vt -0.000000 0.300000 0.000000
vt 0.010000 0.300000 0.000000
vt 0.000000 0.000000 0.000000
vt 0.320000 0.000000 0.000000
vt -0.000000 0.300000 0.000000
vt 0.320000 0.300000 0.000000
vt 0.000000 0.000000 0.000000
vt 3.882078 0.000000 0.000000
vt 0.000000 0.300000 0.000000
vt 3.882078 0.300000 0.000000
vt -0.000000 0.000000 0.000000
vt 0.320000 -0.000000 0.000000
vt 0.000000 0.300000 0.000000
vt 0.320000 0.300000 0.000000
vt 0.000000 0.000000 0.000000
vt 0.010000 0.000000 0.000000
vt -0.000000 0.300000 0.000000
vt 0.010000 0.300000 0.000000
vt 0.000000 0.000000 0.000000
vt 3.910000 -0.000000 0.000000
vt -0.000000 0.300000 0.000000
vt 3.910000 0.300000 0.000000
vt 0.000000 0.000000 0.000000
vt 0.320000 0.000000 0.000000
vt -0.000000 0.300000 0.000000
vt 0.320000 0.300000 0.000000
vt -0.000000 0.000000 0.000000
vt 4.080000 -0.000000 0.000000
vt 0.000000 0.300000 0.000000
vt 4.080000 0.300000 0.000000
vt -0.000000 0.000000 0.000000
vt 0.320000 -0.000000 0.000000
vt 0.000000 0.300000 0.000000
vt 0.320000 0.300000 0.000000
vt 0.000000 0.000000 0.000000
vt 0.010000 0.000000 0.000000
vt -0.000000 0.300000 0.000000
vt 0.010000 0.300000 0.000000
vt 0.000000 0.000000 0.000000
vt 3.900000 0.000000 0.000000
vt -0.000000 0.300000 0.000000
vt 3.900000 0.300000 0.000000
vt 0.000000 0.000000 0.000000
vt 0.010000 0.000000 0.000000
vt -0.000000 0.300000 0.000000
vt 0.010000 0.300000 0.000000
vt 0.000000 0.000000 0.000000
vt 0.320000 0.000000 0.000000
vt -0.000000 0.300000 0.000000
vt 0.320000 0.300000 0.000000
vt -0.000000 0.000000 0.000000
vt 3.880000 -0.000000 0.000000
vt 0.000000 0.300000 0.000000
vt 3.880000 0.300000 0.000000
vt -0.000000 0.000000 0.000000
vt 0.320000 -0.000000 0.000000
vt 0.000000 0.300000 0.000000
vt 0.320000 0.300000 0.000000
vt 0.000000 0.000000 0.000000
vt 0.010000 0.000000 0.000000
vt -0.000000 0.300000 0.000000
vt 0.010000 0.300000 0.000000
vt 0.000000 0.000000 0.000000
vt 4.000000 0.000000 0.000000
vt -0.000000 0.300000 0.000000
vt 4.000000 0.300000 0.000000
vt -0.000000 0.000000 0.000000
vt 0.010000 -0.000000 0.000000
vt 0.000000 0.300000 0.000000
vt 0.010000 0.300000 0.000000
vt 0.000000 0.000000 0.000000
vt 0.320000 0.000000 0.000000
vt -0.000000 0.300000 0.000000
vt 0.320000 0.300000 0.000000
vt -0.000000 0.000000 0.000000
vt 3.570000 -0.000000 0.000000
vt 0.000000 0.300000 0.000000
vt 3.570000 0.300000 0.000000
vt -0.000000 0.000000 0.000000
vt 5.720000 -0.000000 0.000000
vt 0.000000 0.300000 0.000000
vt 5.720000 0.300000 0.000000
vt -0.000000 0.000000 0.000000
vt 0.320000 -0.000000 0.000000
vt 0.000000 0.300000 0.000000
vt 0.320000 0.300000 0.000000
vt 0.000000 0.000000 0.000000
vt 5.650000 -0.000000 0.000000
vt 0.000000 0.300000 0.000000
vt 5.650000 0.300000 0.000000
vt 0.000000 0.000000 0.000000
vt 0.320000 0.000000 0.000000
vt -0.000000 0.300000 0.000000
vt 0.320000 0.300000 0.000000
vt -0.000000 0.000000 0.000000
vt 5.400000 -0.000000 0.000000
vt 0.000000 0.300000 0.000000
vt 5.400000 0.300000 0.000000
vt 0.000000 0.000000 0.000000
vt 0.320000 0.000000 0.000000
vt -0.000000 0.300000 0.000000
vt 0.320000 0.300000 0.000000
vt -0.000000 0.000000 0.000000
vt 5.400000 -0.000000 0.000000
vt 0.000000 0.300000 0.000000
vt 5.400000 0.300000 0.000000
vt 0.000000 0.000000 0.000000
vt 0.320000 0.000000 0.000000
vt 0.000000 0.300000 0.000000
vt 0.320000 0.300000 0.000000
vt 0.000000 0.000000 0.000000
vt 5.660000 0.000000 0.000000
vt 0.000000 0.300000 0.000000
vt 5.660000 0.300000 0.000000
vt -2.830000 20.430000 0.000000
vt -5.000000 11.875000 0.000000
vt 2.830000 20.430000 0.000000
vt 5.000000 11.875000 0.000000
vt 8.230000 20.430000 0.000000
vt 15.000000 11.875000 0.000000
vt 13.630000 20.430000 0.000000
vt 19.280000 20.430000 0.000000
vt 19.280000 20.750000 0.000000
vt -2.830000 20.750000 0.000000
vt -8.230000 20.750000 0.000000
vt -8.230000 20.430000 0.000000
vt -15.000000 11.875000 0.000000
vt -5.000000 3.000000 0.000000
vt -15.000000 3.000000 0.000000
vt -5.000000 -5.875000 0.000000
vt -15.000000 -5.875000 0.000000
vt -8.230000 -14.430000 0.000000
vt -13.630000 -14.430000 0.000000
vt -8.230000 -14.750000 0.000000
vt -13.630000 -14.750000 0.000000
vt -13.630000 20.430000 0.000000
vt -19.280000 20.430000 0.000000
vt -24.680000 16.850000 0.000000
vt -24.680000 16.860000 0.000000
vt -25.000000 20.430000 0.000000
vt -25.000000 16.860000 0.000000
vt -13.630000 20.750000 0.000000
vt -19.280000 20.750000 0.000000
vt -24.680000 12.850000 0.000000
vt -24.680000 12.840000 0.000000
vt -24.680000 8.960000 0.000000
vt -25.000000 12.839999 0.000000
vt -25.000000 8.960000 0.000000
vt -24.680000 8.950000 0.000000
vt -24.680000 5.050000 0.000000
vt -24.680000 5.040000 0.000000
vt -24.680000 0.960000 0.000000
vt -25.000000 5.040000 0.000000
vt -25.000000 0.960000 0.000000
vt -24.680000 -2.950000 0.000000
vt -24.680000 -2.960000 0.000000
vt -24.680000 -6.842078 0.000000
vt -24.680000 -6.852078 0.000000
vt -25.000000 -2.960000 0.000000
vt -25.000000 -6.842078 0.000000
vt -24.680000 -10.850000 0.000000
vt -19.280000 -14.430000 0.000000
vt -25.000000 -10.850000 0.000000
vt -25.000000 -14.750000 0.000000
vt -19.280000 -14.750000 0.000000
vt -2.830000 -14.430000 0.000000
vt 2.830000 -14.430000 0.000000
vt 5.000000 -5.875000 0.000000
vt 8.230000 -14.430000 0.000000
vt 15.000000 -5.875000 0.000000
vt 13.630000 -14.430000 0.000000
vt 19.280000 -14.430000 0.000000
vt -2.830000 -14.750000 0.000000
vt 2.830000 -14.750000 0.000000
vt 8.230000 -14.750000 0.000000
vt 13.630000 -14.750000 0.000000
vt 19.280000 -14.750000 0.000000
vt 24.680000 -14.750000 0.000000
vt 24.680000 -14.430000 0.000000
vt 24.680000 -10.850003 0.000000
vt 24.680000 -10.840003 0.000000
vt 24.680000 -6.860000 0.000000
vt 25.000000 -10.840003 0.000000
vt 25.000000 -6.860000 0.000000
vt 24.680000 -6.850000 0.000000
vt 24.680000 -2.940000 0.000000
vt 15.000000 3.000000 0.000000
vt 24.680000 0.940000 0.000000
vt 24.680000 0.950000 0.000000
vt 25.000000 -2.940000 0.000000
vt 25.000000 0.940000 0.000000
vt 24.680000 5.050000 0.000000
vt 24.680000 5.060000 0.000000
vt 24.680000 8.940000 0.000000
vt 25.000000 5.060000 0.000000
vt 25.000000 8.940000 0.000000
vt 24.680000 12.850000 0.000000
vt 24.680000 12.860000 0.000000
vt 24.680000 16.840000 0.000000
vt 25.000000 12.860000 0.000000
vt 25.000000 16.840000 0.000000
vt 24.680000 20.430000 0.000000
vt 13.630000 20.750000 0.000000
vt 8.230000 20.750000 0.000000
vt 2.830000 20.750000 0.000000
vt 5.000000 3.000000 0.000000
vt -2.830000 20.430000 0.000000
vt 5.000000 11.875000 0.000000
vt 2.830000 20.430000 0.000000
vt 8.230000 20.430000 0.000000
vt 2.830000 20.750000 0.000000
vt 8.230000 20.750000 0.000000
vt -2.830000 20.750000 0.000000
vt -8.230000 20.430000 0.000000
vt -5.000000 11.875000 0.000000
vt 5.000000 3.000000 0.000000
vt 15.000000 3.000000 0.000000
vt 15.000000 -5.875000 0.000000
vt 24.680000 -2.950000 0.000000
vt 24.680000 -2.960000 0.000000
vt 24.680000 -6.842078 0.000000
vt 25.000000 -2.960000 0.000000
vt 25.000000 -6.842078 0.000000
vt -8.230000 20.750000 0.000000
vt -15.000000 11.875000 0.000000
vt -13.630000 20.430000 0.000000
vt -19.280000 20.430000 0.000000
vt -19.280000 20.750000 0.000000
vt -13.630000 20.750000 0.000000
vt -24.680000 20.430000 0.000000
vt -24.680000 16.840000 0.000000
vt -24.680000 12.860000 0.000000
vt -25.000000 16.840000 0.000000
vt -25.000000 12.860000 0.000000
vt -24.680000 12.850000 0.000000
vt -24.680000 8.940000 0.000000
vt -15.000000 3.000000 0.000000
vt -24.680000 5.060000 0.000000
vt -24.680000 5.050000 0.000000
vt -25.000000 8.940000 0.000000
vt -25.000000 5.060000 0.000000
vt -24.680000 0.950000 0.000000
vt -24.680000 0.940000 0.000000
vt -24.680000 -2.940000 0.000000
vt -25.000000 0.940000 0.000000
vt -25.000000 -2.940000 0.000000
vt -15.000000 -5.875000 0.000000
vt -24.680000 -6.850000 0.000000
vt -24.680000 -6.860000 0.000000
vt -25.000000 -6.860000 0.000000
vt -25.000000 -10.840003 0.000000
vt -24.680000 -10.840003 0.000000
vt -19.280000 -14.430000 0.000000
vt -13.630000 -14.430000 0.000000
vt -24.680000 -10.850003 0.000000
vt -24.680000 -14.430000 0.000000
vt -19.280000 -14.750000 0.000000
vt -24.680000 -14.750000 0.000000
vt -13.630000 -14.750000 0.000000
vt -8.230000 -14.750000 0.000000
vt -8.230000 -14.430000 0.000000
vt -5.000000 -5.875000 0.000000
vt -5.000000 3.000000 0.000000
vt -2.830000 -14.430000 0.000000
vt 5.000000 -5.875000 0.000000
vt -2.830000 -14.750000 0.000000
vt 2.830000 -14.750000 0.000000
vt 2.830000 -14.430000 0.000000
vt 8.230000 -14.430000 0.000000
vt 13.630000 -14.430000 0.000000
vt 19.280000 -14.430000 0.000000
vt 8.230000 -14.750000 0.000000
vt 13.630000 -14.750000 0.000000
vt 19.280000 -14.750000 0.000000
vt 25.000000 -14.750000 0.000000
vt 24.680000 -10.850000 0.000000
vt 24.680000 -6.852078 0.000000
vt 25.000000 -10.850000 0.000000
vt 24.680000 0.960000 0.000000
vt 24.680000 5.040000 0.000000
vt 24.680000 5.050000 0.000000
vt 25.000000 0.960000 0.000000
vt 25.000000 5.040000 0.000000
vt 24.680000 8.950000 0.000000
vt 15.000000 11.875000 0.000000
vt 24.680000 8.960000 0.000000
vt 24.680000 12.840000 0.000000
vt 24.680000 12.850000 0.000000
vt 25.000000 8.960000 0.000000
vt 25.000000 12.839999 0.000000
vt 24.680000 16.850000 0.000000
vt 19.280000 20.430000 0.000000
vt 13.630000 20.430000 0.000000
vt 19.280000 20.750000 0.000000
vt 13.630000 20.750000 0.000000
vt 24.680000 16.860000 0.000000
vt 25.000000 20.430000 0.000000
vt 25.000000 16.860000 0.000000
vn -0.000000 -0.000000 -1.000000
vn -0.000000 -0.000000 -1.000000
vn -0.000000 -0.000000 -1.000000
vn -0.000000 -0.000000 -1.000000
vn -0.000000 1.000000 -0.000000
vn -0.000000 1.000000 -0.000000
vn -0.000000 1.000000 -0.000000
vn -0.000000 1.000000 -0.000000
vn 0.000000 0.000000 1.000000
vn 0.000000 0.000000 1.000000
vn 0.000000 0.000000 1.000000
vn 0.000000 0.000000 1.000000
vn -0.000000 1.000000 -0.000000
vn -0.000000 1.000000 -0.000000
vn -0.000000 1.000000 -0.000000
vn -0.000000 1.000000 -0.000000
vn -0.000000 0.000000 -1.000000
vn -0.000000 0.000000 -1.000000
vn -0.000000 0.000000 -1.000000
vn -0.000000 0.000000 -1.000000
vn -0.000000 1.000000 -0.000000
vn -0.000000 1.000000 -0.000000
vn -0.000000 1.000000 -0.000000
vn -0.000000 1.000000 -0.000000
vn 0.000000 0.000000 1.000000
vn 0.000000 0.000000 1.000000
vn 0.000000 0.000000 1.000000
vn 0.000000 0.000000 1.000000
vn -0.000000 1.000000 -0.000000
vn -0.000000 1.000000 -0.000000
vn -0.000000 1.000000 -0.000000
vn -0.000000 1.000000 -0.000000
vn 0.000000 0.000000 1.000000
vn 0.000000 0.000000 1.000000
vn 0.000000 0.000000 1.000000
vn 0.000000 0.000000 1.000000
vn 0.000000 1.000000 0.000000
vn 0.000000 1.000000 0.000000
vn 0.000000 1.000000 0.000000
vn 0.000000 1.000000 0.000000
vn 0.000000 0.000000 1.000000
vn 0.000000 0.000000 1.000000
vn 0.000000 0.000000 1.000000
vn 0.000000 0.000000 1.000000
vn 0.000000 -1.000000 0.000000
vn 0.000000 -1.000000 0.000000
vn 0.000000 -1.000000 0.000000
vn 0.000000 -1.000000 0.000000
vn 0.000000 0.000000 1.000000
vn 0.000000 0.000000 1.000000
vn 0.000000 0.000000 1.000000
vn 0.000000 0.000000 1.000000
vn 0.000000 0.000000 1.000000
vn 0.000000 0.000000 1.000000
vn 0.000000 0.000000 1.000000
vn 0.000000 0.000000 1.000000
vn 0.000000 1.000000 0.000000
vn 0.000000 1.000000 0.000000
vn 0.000000 1.000000 0.000000
vn 0.000000 1.000000 0.000000
vn 0.000000 0.000000 1.000000
vn 0.000000 0.000000 1.000000
vn 0.000000 0.000000 1.000000
vn 0.000000 0.000000 1.000000
vn 0.000000 -1.000000 0.000000
vn 0.000000 -1.000000 0.000000
vn 0.000000 -1.000000 0.000000
vn 0.000000 -1.000000 0.000000
vn 0.000000 0.000000 1.000000
vn 0.000000 0.000000 1.000000
vn 0.000000 0.000000 1.000000
vn 0.000000 0.000000 1.000000
vn 0.000000 0.000000 1.000000
vn 0.000000 0.000000 1.000000
vn 0.000000 0.000000 1.000000
vn 0.000000 0.000000 1.000000
vn 0.000000 0.000000 1.000000
vn 0.000000 0.000000 1.000000
vn 0.000000 0.000000 1.000000
vn 0.000000 0.000000 1.000000
vn 0.000000 1.000000 0.000000
vn 0.000000 1.000000 0.000000
vn 0.000000 1.000000 0.000000
vn 0.000000 1.000000 0.000000
vn 0.000000 0.000000 1.000000
vn 0.000000 0.000000 1.000000
vn 0.000000 0.000000 1.000000
vn 0.000000 0.000000 1.000000
vn 0.000000 -1.000000 0.000000
vn 0.000000 -1.000000 0.000000
vn 0.000000 -1.000000 0.000000
vn 0.000000 -1.000000 0.000000
vn 0.000000 0.000000 1.000000
vn 0.000000 0.000000 1.000000
vn 0.000000 0.000000 1.000000
vn 0.000000 0.000000 1.000000
vn 0.000000 0.000000 1.000000
vn 0.000000 0.000000 1.000000
vn 0.000000 0.000000 1.000000
vn 0.000000 0.000000 1.000000
vn 0.000000 1.000000 0.000000
vn 0.000000 1.000000 0.000000
vn 0.000000 1.000000 0.000000
vn 0.000000 1.000000 0.000000
vn 0.000000 0.000000 1.000000
vn 0.000000 0.000000 1.000000
vn 0.000000 0.000000 1.000000
vn 0.000000 0.000000 1.000000
vn 0.000000 -1.000000 0.000000
vn 0.000000 -1.000000 0.000000
vn 0.000000 -1.000000 0.000000
vn 0.000000 -1.000000 0.000000
vn 0.000000 0.000000 1.000000
vn 0.000000 0.000000 1.000000
vn 0.000000 0.000000 1.000000
vn 0.000000 0.000000 1.000000
vn 0.000000 0.000000 1.000000
vn 0.000000 0.000000 1.000000
vn 0.000000 0.000000 1.000000
vn 0.000000 0.000000 1.000000
vn 0.000000 -0.000000 1.000000
vn 0.000000 -0.000000 1.000000
vn 0.000000 -0.000000 1.000000
vn 0.000000 -0.000000 1.000000
vn -0.000000 -1.000000 -0.000000
vn -0.000000 -1.000000 -0.000000
vn -0.000000 -1.000000 -0.000000
vn -0.000000 -1.000000 -0.000000
vn -0.000000 0.000000 -1.000000
vn -0.000000 0.000000 -1.000000
vn -0.000000 0.000000 -1.000000
vn -0.000000 0.000000 -1.000000
vn 0.000000 -1.000000 0.000000
vn 0.000000 -1.000000 0.000000
vn 0.000000 -1.000000 0.000000
vn 0.000000 -1.000000 0.000000
vn 0.000000 0.000000 1.000000
vn 0.000000 0.000000 1.000000
vn 0.000000 0.000000 1.000000
vn 0.000000 0.000000 1.000000
vn 0.000000 -1.000000 0.000000
vn 0.000000 -1.000000 0.000000
vn 0.000000 -1.000000 0.000000
vn 0.000000 -1.000000 0.000000
vn -0.000000 0.000000 -1.000000
vn -0.000000 0.000000 -1.000000
vn -0.000000 0.000000 -1.000000
vn -0.000000 0.000000 -1.000000
vn 0.000000 -1.000000 0.000000
vn 0.000000 -1.000000 0.000000
vn 0.000000 -1.000000 0.000000
vn 0.000000 -1.000000 0.000000
vn 0.000000 0.000000 1.000000
vn 0.000000 0.000000 1.000000
vn 0.000000 0.000000 1.000000
vn 0.000000 0.000000 1.000000
vn 0.000000 -1.000000 0.000000
vn 0.000000 -1.000000 0.000000
vn 0.000000 -1.000000 0.000000
vn 0.000000 -1.000000 0.000000
vn -0.000000 0.000000 -1.000000
vn -0.000000 0.000000 -1.000000
vn -0.000000 0.000000 -1.000000
vn -0.000000 0.000000 -1.000000
vn 0.000000 -1.000000 0.000000
vn 0.000000 -1.000000 0.000000
vn 0.000000 -1.000000 0.000000
vn 0.000000 -1.000000 0.000000
vn 0.000000 0.000000 1.000000
vn 0.000000 0.000000 1.000000
vn 0.000000 0.000000 1.000000
vn 0.000000 0.000000 1.000000
vn -0.000000 -1.000000 -0.000000
vn -0.000000 -1.000000 -0.000000
vn -0.000000 -1.000000 -0.000000
vn -0.000000 -1.000000 -0.000000
vn -0.000000 0.000000 -1.000000
vn -0.000000 0.000000 -1.000000
vn -0.000000 0.000000 -1.000000
vn -0.000000 0.000000 -1.000000
vn 0.000000 -1.000000 0.000000
vn 0.000000 -1.000000 0.000000
vn 0.000000 -1.000000 0.000000
vn 0.000000 -1.000000 0.000000
vn 0.000000 0.000000 1.000000
vn 0.000000 0.000000 1.000000
vn 0.000000 0.000000 1.000000
vn 0.000000 0.000000 1.000000
vn -0.000000 -1.000000 -0.000000
vn -0.000000 -1.000000 -0.000000
vn -0.000000 -1.000000 -0.000000
vn -0.000000 -1.000000 -0.000000
vn -0.000000 0.000000 -1.000000
vn -0.000000 0.000000 -1.000000
vn -0.000000 0.000000 -1.000000
vn -0.000000 0.000000 -1.000000
vn 0.000000 1.000000 0.000000
vn 0.000000 1.000000 0.000000
vn 0.000000 1.000000 0.000000
vn 0.000000 1.000000 0.000000
vn -0.000000 -0.000000 -1.000000
vn -0.000000 -0.000000 -1.000000
vn -0.000000 -0.000000 -1.000000
vn -0.000000 -0.000000 -1.000000
vn -0.000000 -0.000000 -1.000000
vn -0.000000 -0.000000 -1.000000
vn -0.000000 -0.000000 -1.000000
vn -0.000000 -0.000000 -1.000000
vn 0.000000 -1.000000 0.000000
vn 0.000000 -1.000000 0.000000
vn 0.000000 -1.000000 0.000000
vn 0.000000 -1.000000 0.000000
vn -0.000000 0.000000 -1.000000
vn -0.000000 0.000000 -1.000000
vn -0.000000 0.000000 -1.000000
vn -0.000000 0.000000 -1.000000
vn -0.000000 1.000000 -0.000001
vn -0.000000 1.000000 -0.000001
vn -0.000000 1.000000 -0.000001
vn -0.000000 1.000000 -0.000001
vn -0.000000 -0.000000 -1.000000
vn -0.000000 -0.000000 -1.000000
vn -0.000000 -0.000000 -1.000000
vn -0.000000 -0.000000 -1.000000
vn -0.000000 0.000000 -1.000000
vn -0.000000 0.000000 -1.000000
vn -0.000000 0.000000 -1.000000
vn -0.000000 0.000000 -1.000000
vn 0.000000 -1.000000 0.000001
vn 0.000000 -1.000000 0.000001
vn 0.000000 -1.000000 0.000001
vn 0.000000 -1.000000 0.000001
vn -0.000000 0.000000 -1.000000
vn -0.000000 0.000000 -1.000000
vn -0.000000 0.000000 -1.000000
vn -0.000000 0.000000 -1.000000
vn -0.000000 1.000000 -0.000001
vn -0.000000 1.000000 -0.000001
vn -0.000000 1.000000 -0.000001
vn -0.000000 1.000000 -0.000001
vn -0.000000 -0.000000 -1.000000
vn -0.000000 -0.000000 -1.000000
vn -0.000000 -0.000000 -1.000000
vn -0.000000 -0.000000 -1.000000
vn -0.000000 -0.000000 -1.000000
vn -0.000000 -0.000000 -1.000000
vn -0.000000 -0.000000 -1.000000
vn -0.000000 -0.000000 -1.000000
vn -0.000000 -0.000000 -1.000000
vn -0.000000 -0.000000 -1.000000
vn -0.000000 -0.000000 -1.000000
vn -0.000000 -0.000000 -1.000000
vn 0.000000 -1.000000 0.000002
vn 0.000000 -1.000000 0.000002
vn 0.000000 -1.000000 0.000002
vn 0.000000 -1.000000 0.000002
vn -0.000000 0.000000 -1.000000
vn -0.000000 0.000000 -1.000000
vn -0.000000 0.000000 -1.000000
vn -0.000000 0.000000 -1.000000
vn -0.000000 1.000000 -0.000002
vn -0.000000 1.000000 -0.000002
vn -0.000000 1.000000 -0.000002
vn -0.000000 1.000000 -0.000002
vn -0.000000 -0.000000 -1.000000
vn -0.000000 -0.000000 -1.000000
vn -0.000000 -0.000000 -1.000000
vn -0.000000 -0.000000 -1.000000
vn -0.000000 -0.000000 -1.000000
vn -0.000000 -0.000000 -1.000000
vn -0.000000 -0.000000 -1.000000
vn -0.000000 -0.000000 -1.000000
vn -0.000000 0.000002 -1.000000
vn -0.000000 0.000002 -1.000000
vn -0.000000 0.000002 -1.000000
vn -0.000000 0.000002 -1.000000
vn 0.000000 -1.000000 0.000000
vn 0.000000 -1.000000 0.000000
vn 0.000000 -1.000000 0.000000
vn 0.000000 -1.000000 0.000000
vn -0.000000 0.000000 -1.000000
vn -0.000000 0.000000 -1.000000
vn -0.000000 0.000000 -1.000000
vn -0.000000 0.000000 -1.000000
vn 0.000000 1.000000 0.000000
vn 0.000000 1.000000 0.000000
vn 0.000000 1.000000 0.000000
vn 0.000000 1.000000 0.000000
vn -0.000000 0.000000 -1.000000
vn -0.000000 0.000000 -1.000000
vn -0.000000 0.000000 -1.000000
vn -0.000000 0.000000 -1.000000
vn 0.000000 1.000000 0.000000
vn 0.000000 1.000000 0.000000
vn 0.000000 1.000000 0.000000
vn 0.000000 1.000000 0.000000
vn 0.000000 -0.000000 1.000000
vn 0.000000 -0.000000 1.000000
vn 0.000000 -0.000000 1.000000
vn 0.000000 -0.000000 1.000000
vn -0.000000 1.000000 -0.000000
vn -0.000000 1.000000 -0.000000
vn -0.000000 1.000000 -0.000000
vn -0.000000 1.000000 -0.000000
vn -0.000000 -0.000000 -1.000000
vn -0.000000 -0.000000 -1.000000
vn -0.000000 -0.000000 -1.000000
vn -0.000000 -0.000000 -1.000000
vn -0.000000 1.000000 -0.000000
vn -0.000000 1.000000 -0.000000
vn -0.000000 1.000000 -0.000000
vn -0.000000 1.000000 -0.000000
vn 0.000000 0.000000 1.000000
vn 0.000000 0.000000 1.000000
vn 0.000000 0.000000 1.000000
vn 0.000000 0.000000 1.000000
vn 0.000000 1.000000 0.000000
vn 0.000000 1.000000 0.000000
vn 0.000000 1.000000 0.000000
vn 0.000000 1.000000 0.000000
vn -1.000000 0.000000 0.000000
vn -1.000000 0.000000 0.000000
vn -1.000000 0.000000 0.000000
vn -1.000000 0.000000 0.000000
vn -1.000000 0.000000 0.000000
vn -1.000000 0.000000 0.000000
vn -1.000000 0.000000 0.000000
vn -1.000000 0.000000 0.000000
vn -1.000000 0.000000 0.000000
vn -1.000000 0.000000 0.000000
vn -1.000000 0.000000 0.000000
vn -1.000000 0.000000 0.000000
vn -1.000000 0.000000 0.000000
vn -1.000000 0.000000 0.000000
vn -1.000000 0.000000 0.000000
vn -1.000000 0.000000 0.000000
vn -1.000000 0.000000 0.000000
vn -1.000000 0.000000 0.000000
vn -1.000000 0.000000 0.000000
vn -1.000000 0.000000 0.000000
vn -1.000000 0.000000 0.000000
vn -1.000000 0.000000 0.000000
vn -1.000000 0.000000 0.000000
vn -1.000000 0.000000 0.000000
vn -1.000000 0.000000 0.000000
vn -1.000000 0.000000 0.000000
vn -1.000000 0.000000 0.000000
vn -1.000000 0.000000 0.000000
vn -1.000000 0.000000 0.000000
vn -1.000000 0.000000 0.000000
vn -1.000000 0.000000 0.000000
vn -1.000000 0.000000 0.000000
vn -1.000000 0.000000 0.000000
vn -1.000000 0.000000 0.000000
vn -1.000000 0.000000 0.000000
vn -1.000000 0.000000 0.000000
vn -1.000000 0.000000 0.000000
vn -1.000000 0.000000 0.000000
vn -1.000000 0.000000 0.000000
vn -1.000000 0.000000 0.000000
vn -1.000000 0.000000 0.000000
vn -1.000000 0.000000 0.000000
vn -1.000000 0.000000 0.000000
vn -1.000000 0.000000 0.000000
vn -1.000000 0.000000 0.000000
vn -1.000000 0.000000 0.000000
vn -1.000000 0.000000 0.000000
vn -1.000000 0.000000 0.000000
vn -1.000000 0.000000 0.000000
vn -1.000000 0.000000 0.000000
vn -1.000000 0.000000 0.000000
vn -1.000000 0.000000 0.000000
vn -1.000000 0.000000 0.000000
vn -1.000000 0.000000 0.000000
vn -1.000000 0.000000 0.000000
vn -1.000000 0.000000 0.000000
vn -1.000000 0.000000 0.000000
vn -1.000000 0.000000 0.000000
vn -1.000000 0.000000 0.000000
vn -1.000000 0.000000 0.000000
vn -1.000000 0.000000 0.000000
vn -1.000000 0.000000 0.000000
vn -1.000000 0.000000 0.000000
vn -1.000000 0.000000 0.000000
vn -1.000000 0.000000 0.000000
vn -1.000000 0.000000 0.000000
vn -1.000000 0.000000 0.000000
vn -1.000000 0.000000 0.000000
vn -1.000000 0.000000 0.000000
vn -1.000000 0.000000 0.000000
vn -1.000000 0.000000 0.000000
vn -1.000000 0.000000 0.000000
vn -1.000000 0.000000 0.000000
vn -1.000000 0.000000 0.000000
vn -1.000000 0.000000 0.000000
vn -1.000000 0.000000 0.000000
vn -1.000000 0.000000 0.000000
vn -1.000000 0.000000 0.000000
vn -1.000000 0.000000 0.000000
vn -1.000000 0.000000 0.000000
vn -1.000000 0.000000 0.000000
vn -1.000000 0.000000 0.000000
vn -1.000000 0.000000 0.000000
vn -1.000000 0.000000 0.000000
vn -1.000000 0.000000 0.000000
vn -1.000000 0.000000 0.000000
vn -1.000000 0.000000 0.000000
vn -1.000000 0.000000 0.000000
vn -1.000000 0.000000 0.000000
vn -1.000000 0.000000 0.000000
vn -1.000000 0.000000 0.000000
vn -1.000000 0.000000 0.000000
vn 1.000000 -0.000000 -0.000000
vn 1.000000 -0.000000 -0.000000
vn 1.000000 -0.000000 -0.000000
vn 1.000000 -0.000000 -0.000000
vn 1.000000 -0.000000 -0.000000
vn 1.000000 -0.000000 -0.000000
vn 1.000000 -0.000000 -0.000000
vn 1.000000 -0.000000 -0.000000
vn 1.000000 -0.000000 -0.000000
vn 1.000000 -0.000000 -0.000000
vn 1.000000 -0.000000 -0.000000
vn 1.000000 -0.000000 -0.000000
vn 1.000000 -0.000000 -0.000000
vn 1.000000 -0.000000 -0.000000
vn 1.000000 -0.000000 -0.000000
vn 1.000000 -0.000000 -0.000000
vn 1.000000 -0.000000 -0.000000
vn 1.000000 -0.000000 -0.000000
vn 1.000000 -0.000000 -0.000000
vn 1.000000 -0.000000 -0.000000
vn 1.000000 -0.000000 -0.000000
vn 1.000000 -0.000000 -0.000000
vn 1.000000 -0.000000 -0.000000
vn 1.000000 -0.000000 -0.000000
vn 1.000000 -0.000000 -0.000000
vn 1.000000 -0.000000 -0.000000
vn 1.000000 -0.000000 -0.000000
vn 1.000000 -0.000000 -0.000000
vn 1.000000 -0.000000 -0.000000
vn 1.000000 -0.000000 -0.000000
vn 1.000000 -0.000000 -0.000000
vn 1.000000 -0.000000 -0.000000
vn 1.000000 -0.000000 -0.000000
vn 1.000000 -0.000000 -0.000000
vn 1.000000 -0.000000 -0.000000
vn 1.000000 -0.000000 -0.000000
vn 1.000000 -0.000000 -0.000000
vn 1.000000 -0.000000 -0.000000
vn 1.000000 -0.000000 -0.000000
vn 1.000000 -0.000000 -0.000000
vn 1.000000 -0.000000 -0.000000
vn 1.000000 -0.000000 -0.000000
vn 1.000000 -0.000000 -0.000000
vn 1.000000 -0.000000 -0.000000
vn 1.000000 -0.000000 -0.000000
vn 1.000000 -0.000000 -0.000000
vn 1.000000 -0.000000 -0.000000
vn 1.000000 -0.000000 -0.000000
vn 1.000000 -0.000000 -0.000000
vn 1.000000 -0.000000 -0.000000
vn 1.000000 -0.000000 -0.000000
vn 1.000000 -0.000000 -0.000000
vn 1.000000 -0.000000 -0.000000
vn 1.000000 -0.000000 -0.000000
vn 1.000000 -0.000000 -0.000000
vn 1.000000 -0.000000 -0.000000
vn 1.000000 -0.000000 -0.000000
vn 1.000000 -0.000000 -0.000000
vn 1.000000 -0.000000 -0.000000
vn 1.000000 -0.000000 -0.000000
vn 1.000000 -0.000000 -0.000000
vn 1.000000 -0.000000 -0.000000
vn 1.000000 -0.000000 -0.000000
vn 1.000000 -0.000000 -0.000000
vn 1.000000 -0.000000 -0.000000
vn 1.000000 -0.000000 -0.000000
vn 1.000000 -0.000000 -0.000000
vn 1.000000 -0.000000 -0.000000
vn 1.000000 -0.000000 -0.000000
vn 1.000000 -0.000000 -0.000000
vn 1.000000 -0.000000 -0.000000
vn 1.000000 -0.000000 -0.000000
vn 1.000000 -0.000000 -0.000000
vn 1.000000 -0.000000 -0.000000
vn 1.000000 -0.000000 -0.000000
vn 1.000000 -0.000000 -0.000000
vn 1.000000 -0.000000 -0.000000
vn 1.000000 -0.000000 -0.000000
vn 1.000000 -0.000000 -0.000000
vn 1.000000 -0.000000 -0.000000
vn 1.000000 -0.000000 -0.000000
vn 1.000000 -0.000000 -0.000000
vn 1.000000 -0.000000 -0.000000
vn 1.000000 -0.000000 -0.000000
vn 1.000000 -0.000000 -0.000000
vn 1.000000 -0.000000 -0.000000
vn 1.000000 -0.000000 -0.000000
vn 1.000000 -0.000000 -0.000000
vn 1.000000 -0.000000 -0.000000
vn 1.000000 -0.000000 -0.000000
vn 1.000000 -0.000000 -0.000000
vn 1.000000 -0.000000 -0.000000
f 928/2000/1968 929/2001/1969 931/2002/1970
f 931/2002/1970 929/2001/1969 930/2003/1971
f 932/2004/1972 928/2005/1973 933/2006/1974
f 933/2006/1974 928/2005/1973 931/2007/1975
f 934/2008/1976 932/2009/1977 935/2010/1978
f 935/2010/1978 932/2009/1977 933/2011/1979
f 936/2012/1980 934/2013/1981 937/2014/1982
f 937/2014/1982 934/2013/1981 935/2015/1983
f 938/2016/1984 936/2017/1985 939/2018/1986
f 939/2018/1986 936/2017/1985 937/2019/1987
f 940/2020/1988 938/2021/1989 941/2022/1990
f 941/2022/1990 938/2021/1989 939/2023/1991
f 942/2024/1992 940/2025/1993 943/2026/1994
f 943/2026/1994 940/2025/1993 941/2027/1995
f 944/2028/1996 942/2029/1997 945/2030/1998
f 945/2030/1998 942/2029/1997 943/2031/1999
f 946/2032/2000 944/2033/2001 947/2034/2002
f 947/2034/2002 944/2033/2001 945/2035/2003
f 948/2036/2004 946/2037/2005 949/2038/2006
f 949/2038/2006 946/2037/2005 947/2039/2007
f 950/2040/2008 948/2041/2009 951/2042/2010
f 951/2042/2010 948/2041/2009 949/2043/2011
f 952/2044/2012 950/2045/2013 953/2046/2014
f 953/2046/2014 950/2045/2013 951/2047/2015
f 954/2048/2016 952/2049/2017 955/2050/2018
f 955/2050/2018 952/2049/2017 953/2051/2019
f 956/2052/2020 954/2053/2021 957/2054/2022
f 957/2054/2022 954/2053/2021 955/2055/2023
f 958/2056/2024 956/2057/2025 959/2058/2026
f 959/2058/2026 956/2057/2025 957/2059/2027
f 960/2060/2028 958/2061/2029 961/2062/2030
f 961/2062/2030 958/2061/2029 959/2063/2031
f 962/2064/2032 960/2065/2033 963/2066/2034
f 963/2066/2034 960/2065/2033 961/2067/2035
f 964/2068/2036 962/2069/2037 965/2070/2038
f 965/2070/2038 962/2069/2037 963/2071/2039
f 966/2072/2040 964/2073/2041 967/2074/2042
f 967/2074/2042 964/2073/2041 965/2075/2043
f 968/2076/2044 966/2077/2045 969/2078/2046
f 969/2078/2046 966/2077/2045 967/2079/2047
f 970/2080/2048 968/2081/2049 971/2082/2050
f 971/2082/2050 968/2081/2049 969/2083/2051
f 972/2084/2052 970/2085/2053 973/2086/2054
f 973/2086/2054 970/2085/2053 971/2087/2055
f 974/2088/2056 972/2089/2057 975/2090/2058
f 975/2090/2058 972/2089/2057 973/2091/2059
f 976/2092/2060 974/2093/2061 977/2094/2062
f 977/2094/2062 974/2093/2061 975/2095/2063
f 978/2096/2064 976/2097/2065 979/2098/2066
f 979/2098/2066 976/2097/2065 977/2099/2067
f 980/2100/2068 978/2101/2069 981/2102/2070
f 981/2102/2070 978/2101/2069 979/2103/2071
f 982/2104/2072 980/2105/2073 983/2106/2074
f 983/2106/2074 980/2105/2073 981/2107/2075
f 984/2108/2076 982/2109/2077 985/2110/2078
f 985/2110/2078 982/2109/2077 983/2111/2079
f 986/2112/2080 984/2113/2081 987/2114/2082
f 987/2114/2082 984/2113/2081 985/2115/2083
f 988/2116/2084 986/2117/2085 989/2118/2086
f 989/2118/2086 986/2117/2085 987/2119/2087
f 990/2120/2088 988/2121/2089 991/2122/2090
f 991/2122/2090 988/2121/2089 989/2123/2091
f 992/2124/2092 990/2125/2093 993/2126/2094
f 993/2126/2094 990/2125/2093 991/2127/2095
f 994/2128/2096 992/2129/2097 995/2130/2098
f 995/2130/2098 992/2129/2097 993/2131/2099
f 996/2132/2100 994/2133/2101 997/2134/2102
f 997/2134/2102 994/2133/2101 995/2135/2103
f 998/2136/2104 996/2137/2105 999/2138/2106
f 999/2138/2106 996/2137/2105 997/2139/2107
f 1000/2140/2108 998/2141/2109 1001/2142/2110
f 1001/2142/2110 998/2141/2109 999/2143/2111
f 1002/2144/2112 1000/2145/2113 1003/2146/2114
f 1003/2146/2114 1000/2145/2113 1001/2147/2115
f 1004/2148/2116 1002/2149/2117 1005/2150/2118
f 1005/2150/2118 1002/2149/2117 1003/2151/2119
f 1006/2152/2120 1004/2153/2121 1007/2154/2122
f 1007/2154/2122 1004/2153/2121 1005/2155/2123
f 1008/2156/2124 1006/2157/2125 1009/2158/2126
f 1009/2158/2126 1006/2157/2125 1007/2159/2127
f 1010/2160/2128 1008/2161/2129 1011/2162/2130
f 1011/2162/2130 1008/2161/2129 1009/2163/2131
f 1012/2164/2132 1010/2165/2133 1013/2166/2134
f 1013/2166/2134 1010/2165/2133 1011/2167/2135
f 1014/2168/2136 1012/2169/2137 1015/2170/2138
f 1015/2170/2138 1012/2169/2137 1013/2171/2139
f 1016/2172/2140 1014/2173/2141 1017/2174/2142
f 1017/2174/2142 1014/2173/2141 1015/2175/2143
f 1018/2176/2144 1016/2177/2145 1019/2178/2146
f 1019/2178/2146 1016/2177/2145 1017/2179/2147
f 1020/2180/2148 1018/2181/2149 1021/2182/2150
f 1021/2182/2150 1018/2181/2149 1019/2183/2151
f 1022/2184/2152 1020/2185/2153 1023/2186/2154
f 1023/2186/2154 1020/2185/2153 1021/2187/2155
f 1024/2188/2156 1022/2189/2157 1025/2190/2158
f 1025/2190/2158 1022/2189/2157 1023/2191/2159
f 1026/2192/2160 1024/2193/2161 1027/2194/2162
f 1027/2194/2162 1024/2193/2161 1025/2195/2163
f 1028/2196/2164 1026/2197/2165 1029/2198/2166
f 1029/2198/2166 1026/2197/2165 1027/2199/2167
f 1030/2200/2168 1028/2201/2169 1031/2202/2170
f 1031/2202/2170 1028/2201/2169 1029/2203/2171
f 1032/2204/2172 1030/2205/2173 1033/2206/2174
f 1033/2206/2174 1030/2205/2173 1031/2207/2175
f 1034/2208/2176 1032/2209/2177 1035/2210/2178
f 1035/2210/2178 1032/2209/2177 1033/2211/2179
f 1036/2212/2180 1034/2213/2181 1037/2214/2182
f 1037/2214/2182 1034/2213/2181 1035/2215/2183
f 1038/2216/2184 1036/2217/2185 1039/2218/2186
f 1039/2218/2186 1036/2217/2185 1037/2219/2187
f 1040/2220/2188 1038/2221/2189 1041/2222/2190
f 1041/2222/2190 1038/2221/2189 1039/2223/2191
f 1042/2224/2192 1040/2225/2193 1043/2226/2194
f 1043/2226/2194 1040/2225/2193 1041/2227/2195
f 1044/2228/2196 1042/2229/2197 1045/2230/2198
f 1045/2230/2198 1042/2229/2197 1043/2231/2199
f 1046/2232/2200 1044/2233/2201 1047/2234/2202
f 1047/2234/2202 1044/2233/2201 1045/2235/2203
f 1048/2236/2204 1046/2237/2205 1049/2238/2206
f 1049/2238/2206 1046/2237/2205 1047/2239/2207
f 1050/2240/2208 1048/2241/2209 1051/2242/2210
f 1051/2242/2210 1048/2241/2209 1049/2243/2211
f 1052/2244/2212 1050/2245/2213 1053/2246/2214
f 1053/2246/2214 1050/2245/2213 1051/2247/2215
f 1054/2248/2216 1052/2249/2217 1055/2250/2218
f 1055/2250/2218 1052/2249/2217 1053/2251/2219
f 1056/2252/2220 1054/2253/2221 1057/2254/2222
f 1057/2254/2222 1054/2253/2221 1055/2255/2223
f 1058/2256/2224 1056/2257/2225 1059/2258/2226
f 1059/2258/2226 1056/2257/2225 1057/2259/2227
f 1060/2260/2228 1058/2261/2229 1061/2262/2230
f 1061/2262/2230 1058/2261/2229 1059/2263/2231
f 1062/2264/2232 1060/2265/2233 1063/2266/2234
f 1063/2266/2234 1060/2265/2233 1061/2267/2235
f 1064/2268/2236 1062/2269/2237 1065/2270/2238
f 1065/2270/2238 1062/2269/2237 1063/2271/2239
f 1066/2272/2240 1064/2273/2241 1067/2274/2242
f 1067/2274/2242 1064/2273/2241 1065/2275/2243
f 1068/2276/2244 1066/2277/2245 1069/2278/2246
f 1069/2278/2246 1066/2277/2245 1067/2279/2247
f 1070/2280/2248 1068/2281/2249 1071/2282/2250
f 1071/2282/2250 1068/2281/2249 1069/2283/2251
f 1072/2284/2252 1070/2285/2253 1073/2286/2254
f 1073/2286/2254 1070/2285/2253 1071/2287/2255
f 1074/2288/2256 1072/2289/2257 1075/2290/2258
f 1075/2290/2258 1072/2289/2257 1073/2291/2259
f 1076/2292/2260 1074/2293/2261 1077/2294/2262
f 1077/2294/2262 1074/2293/2261 1075/2295/2263
f 1078/2296/2264 1076/2297/2265 1079/2298/2266
f 1079/2298/2266 1076/2297/2265 1077/2299/2267
f 1080/2300/2268 1078/2301/2269 1081/2302/2270
f 1081/2302/2270 1078/2301/2269 1079/2303/2271
f 1082/2304/2272 1080/2305/2273 1083/2306/2274
f 1083/2306/2274 1080/2305/2273 1081/2307/2275
f 1084/2308/2276 1082/2309/2277 1085/2310/2278
f 1085/2310/2278 1082/2309/2277 1083/2311/2279
f 1086/2312/2280 1084/2313/2281 1087/2314/2282
f 1087/2314/2282 1084/2313/2281 1085/2315/2283
f 929/2316/2284 1086/2317/2285 930/2318/2286
f 930/2318/2286 1086/2317/2285 1087/2319/2287
f 1087/2320/2288 1089/2321/2289 930/2322/2290
f 930/2322/2290 1089/2321/2289 1090/2323/2291
f 930/2322/2290 1090/2323/2291 935/2324/2292
f 935/2324/2292 1090/2323/2291 1091/2325/2293
f 935/2324/2292 1091/2325/2293 937/2326/2294
f 937/2326/2294 1091/2325/2293 943/2327/2295
f 937/2326/2294 943/2327/2295 941/2328/2296
f 1085/2329/2297 1083/2330/2298 1087/2320/2288
f 1087/2320/2288 1083/2330/2298 1081/2331/2299
f 1087/2320/2288 1081/2331/2299 1089/2321/2289
f 1089/2321/2289 1081/2331/2299 1088/2332/2300
f 1089/2321/2289 1088/2332/2300 1093/2333/2301
f 1093/2333/2301 1088/2332/2300 1092/2334/2302
f 1093/2333/2301 1092/2334/2302 1097/2335/2303
f 1097/2335/2303 1092/2334/2302 1096/2336/2304
f 1097/2335/2303 1096/2336/2304 1013/2337/2305
f 1013/2337/2305 1096/2336/2304 1019/2338/2306
f 1013/2337/2305 1019/2338/2306 1015/2339/2307
f 1015/2339/2307 1019/2338/2306 1017/2340/2308
f 1081/2331/2299 1079/2341/2309 1088/2332/2300
f 1088/2332/2300 1079/2341/2309 1073/2342/2310
f 1088/2332/2300 1073/2342/2310 1065/2343/2311
f 1065/2343/2311 1073/2342/2310 1067/2344/2312
f 1067/2344/2312 1073/2342/2310 1071/2345/2313
f 1067/2344/2312 1071/2345/2313 1069/2346/2314
f 1077/2347/2315 1075/2348/2316 1079/2341/2309
f 1079/2341/2309 1075/2348/2316 1073/2342/2310
f 1065/2343/2311 1063/2349/2317 1088/2332/2300
f 1088/2332/2300 1063/2349/2317 1061/2350/2318
f 1088/2332/2300 1061/2350/2318 1055/2351/2319
f 1055/2351/2319 1061/2350/2318 1059/2352/2320
f 1055/2351/2319 1059/2352/2320 1057/2353/2321
f 1055/2351/2319 1053/2354/2322 1088/2332/2300
f 1088/2332/2300 1053/2354/2322 1092/2334/2302
f 1053/2354/2322 1051/2355/2323 1092/2334/2302
f 1092/2334/2302 1051/2355/2323 1049/2356/2324
f 1092/2334/2302 1049/2356/2324 1043/2357/2325
f 1043/2357/2325 1049/2356/2324 1047/2358/2326
f 1043/2357/2325 1047/2358/2326 1045/2359/2327
f 1043/2357/2325 1041/2360/2328 1092/2334/2302
f 1092/2334/2302 1041/2360/2328 1096/2336/2304
f 1041/2360/2328 1039/2361/2329 1096/2336/2304
f 1096/2336/2304 1039/2361/2329 1033/2362/2330
f 1096/2336/2304 1033/2362/2330 1031/2363/2331
f 1039/2361/2329 1037/2364/2332 1033/2362/2330
f 1033/2362/2330 1037/2364/2332 1035/2365/2333
f 1031/2363/2331 1029/2366/2334 1096/2336/2304
f 1096/2336/2304 1029/2366/2334 1021/2367/2335
f 1096/2336/2304 1021/2367/2335 1019/2338/2306
f 1027/2368/2336 1025/2369/2337 1029/2366/2334
f 1029/2366/2334 1025/2369/2337 1021/2367/2335
f 1025/2369/2337 1023/2370/2338 1021/2367/2335
f 1013/2337/2305 1011/2371/2339 1097/2335/2303
f 1097/2335/2303 1011/2371/2339 1005/2372/2340
f 1097/2335/2303 1005/2372/2340 1098/2373/2341
f 1098/2373/2341 1005/2372/2340 1003/2374/2342
f 1098/2373/2341 1003/2374/2342 1099/2375/2343
f 1099/2375/2343 1003/2374/2342 997/2376/2344
f 1099/2375/2343 997/2376/2344 995/2377/2345
f 1009/2378/2346 1007/2379/2347 1011/2371/2339
f 1011/2371/2339 1007/2379/2347 1005/2372/2340
f 1001/2380/2348 999/2381/2349 1003/2374/2342
f 1003/2374/2342 999/2381/2349 997/2376/2344
f 993/2382/2350 991/2383/2351 995/2377/2345
f 995/2377/2345 991/2383/2351 989/2384/2352
f 995/2377/2345 989/2384/2352 987/2385/2353
f 987/2385/2353 985/2386/2354 995/2377/2345
f 995/2377/2345 985/2386/2354 1099/2375/2343
f 1099/2375/2343 985/2386/2354 979/2387/2355
f 979/2387/2355 985/2386/2354 983/2388/2356
f 979/2387/2355 983/2388/2356 981/2389/2357
f 979/2387/2355 977/2390/2358 1099/2375/2343
f 1099/2375/2343 977/2390/2358 975/2391/2359
f 1099/2375/2343 975/2391/2359 1095/2392/2360
f 1095/2392/2360 975/2391/2359 969/2393/2361
f 1095/2392/2360 969/2393/2361 967/2394/2362
f 975/2391/2359 973/2395/2363 969/2393/2361
f 969/2393/2361 973/2395/2363 971/2396/2364
f 967/2394/2362 965/2397/2365 1095/2392/2360
f 1095/2392/2360 965/2397/2365 963/2398/2366
f 1095/2392/2360 963/2398/2366 957/2399/2367
f 957/2399/2367 963/2398/2366 961/2400/2368
f 957/2399/2367 961/2400/2368 959/2401/2369
f 1095/2392/2360 957/2399/2367 1091/2325/2293
f 1091/2325/2293 957/2399/2367 955/2402/2370
f 1091/2325/2293 955/2402/2370 953/2403/2371
f 1091/2325/2293 953/2403/2371 947/2404/2372
f 947/2404/2372 953/2403/2371 951/2405/2373
f 947/2404/2372 951/2405/2373 949/2406/2374
f 945/2407/2375 943/2327/2295 947/2404/2372
f 947/2404/2372 943/2327/2295 1091/2325/2293
f 941/2328/2296 939/2408/2376 937/2326/2294
f 933/2409/2377 931/2410/2378 935/2324/2292
f 935/2324/2292 931/2410/2378 930/2322/2290
f 1095/2392/2360 1091/2325/2293 1090/2323/2291
f 1090/2323/2291 1089/2321/2289 1094/2411/2379
f 1094/2411/2379 1089/2321/2289 1093/2333/2301
f 1094/2411/2379 1093/2333/2301 1098/2373/2341
f 1098/2373/2341 1093/2333/2301 1097/2335/2303
f 1099/2375/2343 1095/2392/2360 1094/2411/2379
f 1094/2411/2379 1095/2392/2360 1090/2323/2291
f 1099/2375/2343 1094/2411/2379 1098/2373/2341
f 929/2412/2380 1102/2413/2381 1086/2414/2382
f 1086/2414/2382 1102/2413/2381 1080/2415/2383
f 1086/2414/2382 1080/2415/2383 1084/2416/2384
f 1084/2416/2384 1080/2415/2383 1082/2417/2385
f 928/2418/2386 934/2419/2387 929/2412/2380
f 929/2412/2380 934/2419/2387 1101/2420/2388
f 929/2412/2380 1101/2420/2388 1102/2413/2381
f 1102/2413/2381 1101/2420/2388 1106/2421/2389
f 1102/2413/2381 1106/2421/2389 1107/2422/2390
f 1107/2422/2390 1106/2421/2389 1111/2423/2391
f 1107/2422/2390 1111/2423/2391 1040/2424/2392
f 1040/2424/2392 1111/2423/2391 1038/2425/2393
f 1038/2425/2393 1111/2423/2391 1032/2426/2394
f 1038/2425/2393 1032/2426/2394 1036/2427/2395
f 1036/2427/2395 1032/2426/2394 1034/2428/2396
f 928/2418/2386 932/2429/2397 934/2419/2387
f 1101/2420/2388 934/2419/2387 1100/2430/2398
f 1100/2430/2398 934/2419/2387 936/2431/2399
f 1100/2430/2398 936/2431/2399 942/2432/2400
f 942/2432/2400 936/2431/2399 940/2433/2401
f 940/2433/2401 936/2431/2399 938/2434/2402
f 944/2435/2403 946/2436/2404 942/2432/2400
f 942/2432/2400 946/2436/2404 1100/2430/2398
f 1100/2430/2398 946/2436/2404 952/2437/2405
f 952/2437/2405 946/2436/2404 948/2438/2406
f 952/2437/2405 948/2438/2406 950/2439/2407
f 952/2437/2405 954/2440/2408 1100/2430/2398
f 1100/2430/2398 954/2440/2408 956/2441/2409
f 1100/2430/2398 956/2441/2409 1104/2442/2410
f 1104/2442/2410 956/2441/2409 962/2443/2411
f 1104/2442/2410 962/2443/2411 964/2444/2412
f 956/2441/2409 958/2445/2413 962/2443/2411
f 962/2443/2411 958/2445/2413 960/2446/2414
f 964/2444/2412 966/2447/2415 1104/2442/2410
f 1104/2442/2410 966/2447/2415 968/2448/2416
f 1104/2442/2410 968/2448/2416 974/2449/2417
f 974/2449/2417 968/2448/2416 970/2450/2418
f 974/2449/2417 970/2450/2418 972/2451/2419
f 1104/2442/2410 974/2449/2417 1108/2452/2420
f 1108/2452/2420 974/2449/2417 976/2453/2421
f 1108/2452/2420 976/2453/2421 978/2454/2422
f 980/2455/2423 982/2456/2424 978/2454/2422
f 978/2454/2422 982/2456/2424 984/2457/2425
f 978/2454/2422 984/2457/2425 1108/2452/2420
f 1108/2452/2420 984/2457/2425 994/2458/2426
f 1108/2452/2420 994/2458/2426 996/2459/2427
f 984/2457/2425 986/2460/2428 994/2458/2426
f 994/2458/2426 986/2460/2428 988/2461/2429
f 994/2458/2426 988/2461/2429 992/2462/2430
f 992/2462/2430 988/2461/2429 990/2463/2431
f 998/2464/2432 1000/2465/2433 996/2459/2427
f 996/2459/2427 1000/2465/2433 1002/2466/2434
f 996/2459/2427 1002/2466/2434 1108/2452/2420
f 1108/2452/2420 1002/2466/2434 1109/2467/2435
f 1108/2452/2420 1109/2467/2435 1104/2442/2410
f 1104/2442/2410 1109/2467/2435 1105/2468/2436
f 1104/2442/2410 1105/2468/2436 1100/2430/2398
f 1100/2430/2398 1105/2468/2436 1101/2420/2388
f 1002/2466/2434 1004/2469/2437 1109/2467/2435
f 1109/2467/2435 1004/2469/2437 1110/2470/2438
f 1109/2467/2435 1110/2470/2438 1105/2468/2436
f 1105/2468/2436 1110/2470/2438 1106/2421/2389
f 1105/2468/2436 1106/2421/2389 1101/2420/2388
f 1006/2471/2439 1008/2472/2440 1004/2469/2437
f 1004/2469/2437 1008/2472/2440 1010/2473/2441
f 1004/2469/2437 1010/2473/2441 1110/2470/2438
f 1110/2470/2438 1010/2473/2441 1012/2474/2442
f 1110/2470/2438 1012/2474/2442 1111/2423/2391
f 1111/2423/2391 1012/2474/2442 1018/2475/2443
f 1111/2423/2391 1018/2475/2443 1020/2476/2444
f 1014/2477/2445 1016/2478/2446 1012/2474/2442
f 1012/2474/2442 1016/2478/2446 1018/2475/2443
f 1022/2479/2447 1024/2480/2448 1020/2476/2444
f 1020/2476/2444 1024/2480/2448 1028/2481/2449
f 1020/2476/2444 1028/2481/2449 1111/2423/2391
f 1111/2423/2391 1028/2481/2449 1030/2482/2450
f 1111/2423/2391 1030/2482/2450 1032/2426/2394
f 1024/2480/2448 1026/2483/2451 1028/2481/2449
f 1040/2424/2392 1042/2484/2452 1107/2422/2390
f 1107/2422/2390 1042/2484/2452 1048/2485/2453
f 1107/2422/2390 1048/2485/2453 1050/2486/2454
f 1044/2487/2455 1046/2488/2456 1042/2484/2452
f 1042/2484/2452 1046/2488/2456 1048/2485/2453
f 1050/2486/2454 1052/2489/2457 1107/2422/2390
f 1107/2422/2390 1052/2489/2457 1103/2490/2458
f 1107/2422/2390 1103/2490/2458 1102/2413/2381
f 1102/2413/2381 1103/2490/2458 1080/2415/2383
f 1052/2489/2457 1054/2491/2459 1103/2490/2458
f 1103/2490/2458 1054/2491/2459 1060/2492/2460
f 1103/2490/2458 1060/2492/2460 1062/2493/2461
f 1056/2494/2462 1058/2495/2463 1054/2491/2459
f 1054/2491/2459 1058/2495/2463 1060/2492/2460
f 1062/2493/2461 1064/2496/2464 1103/2490/2458
f 1103/2490/2458 1064/2496/2464 1072/2497/2465
f 1103/2490/2458 1072/2497/2465 1078/2498/2466
f 1078/2498/2466 1072/2497/2465 1074/2499/2467
f 1078/2498/2466 1074/2499/2467 1076/2500/2468
f 1064/2496/2464 1066/2501/2469 1072/2497/2465
f 1072/2497/2465 1066/2501/2469 1070/2502/2470
f 1070/2502/2470 1066/2501/2469 1068/2503/2471
f 1078/2498/2466 1080/2415/2383 1103/2490/2458
f 1111/2423/2391 1106/2421/2389 1110/2470/2438
g Body3

v -66.900000 29.400000 27.829997
v -66.900000 29.720000 27.829997
v -66.600000 29.720000 27.829997
v -66.600000 29.400000 27.829997
v -66.900000 29.400000 33.229997
v -66.600000 29.400000 33.229997
v -66.900000 29.720000 33.229997
v -66.600000 29.720000 33.229997
v -66.900000 29.720000 38.629997
v -66.600000 29.720000 38.629997
v -66.900000 29.400000 38.629997
v -66.600000 29.400000 38.629997
v -66.900000 29.400000 44.279997
v -66.600000 29.400000 44.279997
v -66.900000 29.720000 44.279997
v -66.600000 29.720000 44.279997
v -66.900000 29.720000 49.679997
v -66.600000 29.720000 49.679997
v -66.900000 33.310000 49.679997
v -66.600000 33.310000 49.679997
v -66.900000 33.310000 49.999997
v -66.600000 33.310000 49.999997
v -66.900000 37.290000 49.999997
v -66.600000 37.290000 49.999997
v -66.900000 37.290000 49.679997
v -66.600000 37.290000 49.679997
v -66.900000 37.300000 49.679997
v -66.600000 37.300000 49.679997
v -66.900000 41.210000 49.679997
v -66.600000 41.210000 49.679997
v -66.900000 41.210000 49.999997
v -66.600000 41.210000 49.999997
v -66.900000 45.090000 49.999997
v -66.600000 45.090000 49.999997
v -66.900000 45.090000 49.679997
v -66.600000 45.090000 49.679997
v -66.900000 45.100000 49.679997
v -66.600000 45.100000 49.679997
v -66.900000 49.200000 49.679997
v -66.600000 49.200000 49.679997
v -66.900000 49.210000 49.679997
v -66.600000 49.210000 49.679997
v -66.900000 49.210000 49.999997
v -66.600000 49.210000 49.999997
v -66.900000 53.090000 49.999997
v -66.600000 53.090000 49.999997
v -66.900000 53.090000 49.679997
v -66.600000 53.090000 49.679997
v -66.900000 57.000000 49.679997
v -66.600000 57.000000 49.679997
v -66.900000 57.010000 49.679997
v -66.600000 57.010000 49.679997
v -66.900000 57.010000 49.999997
v -66.600000 57.010000 49.999997
v -66.900000 60.990003 49.999997
v -66.600000 60.990003 49.999997
v -66.900000 60.990003 49.679997
v -66.600000 60.990003 49.679997
v -66.900000 61.000003 49.679997
v -66.600000 61.000003 49.679997
v -66.900000 64.580000 49.679997
v -66.600000 64.580000 49.679997
v -66.900000 64.900000 49.679997
v -66.600000 64.900000 49.679997
v -66.900000 64.900000 44.279997
v -66.600000 64.900000 44.279997
v -66.900000 64.580000 44.279997
v -66.600000 64.580000 44.279997
v -66.900000 64.580000 38.629997
v -66.600000 64.580000 38.629997
v -66.900000 64.900000 38.629997
v -66.600000 64.900000 38.629997
v -66.900000 64.900000 33.229997
v -66.600000 64.900000 33.229997
v -66.900000 64.580000 33.229997
v -66.600000 64.580000 33.229997
v -66.900000 64.580000 27.829997
v -66.600000 64.580000 27.829997
v -66.900000 64.900000 27.829997
v -66.600000 64.900000 27.829997
v -66.900000 64.900000 22.169997
v -66.600000 64.900000 22.169997
v -66.900000 64.580000 22.169997
v -66.600000 64.580000 22.169997
v -66.900000 64.580000 16.769997
v -66.600000 64.580000 16.769997
v -66.900000 64.900000 16.769997
v -66.600000 64.900000 16.769997
v -66.900000 64.900000 11.369997
v -66.600000 64.900000 11.369997
v -66.900000 64.580000 11.369997
v -66.600000 64.580000 11.369997
v -66.900000 64.580000 5.719997
v -66.600000 64.580000 5.719997
v -66.900000 64.900000 5.719997
v -66.600000 64.900000 5.719997
v -66.900000 64.900000 -0.000003
v -66.600000 64.900000 -0.000003
v -66.900000 61.000000 -0.000003
v -66.600000 61.000000 -0.000003
v -66.900000 61.000000 0.319997
v -66.600000 61.000000 0.319997
v -66.900000 57.002078 0.319997
v -66.600000 57.002078 0.319997
v -66.900000 56.992078 0.319997
v -66.600000 56.992078 0.319997
v -66.900000 56.992078 -0.000003
v -66.600000 56.992078 -0.000003
v -66.900000 53.110000 -0.000003
v -66.600000 53.110000 -0.000003
v -66.900000 53.110000 0.319997
v -66.600000 53.110000 0.319997
v -66.900000 53.100000 0.319997
v -66.600000 53.100000 0.319997
v -66.900000 49.190000 0.319997
v -66.600000 49.190000 0.319997
v -66.900000 49.190000 -0.000003
v -66.600000 49.190000 -0.000003
v -66.900000 45.110001 -0.000003
v -66.600000 45.110001 -0.000003
v -66.900000 45.110000 0.319997
v -66.600000 45.110000 0.319997
v -66.900000 45.100000 0.319997
v -66.600000 45.100000 0.319997
v -66.900000 41.200000 0.319997
v -66.600000 41.200000 0.319997
v -66.900000 41.190000 0.319997
v -66.600000 41.190000 0.319997
v -66.900000 41.190001 -0.000003
v -66.600000 41.190001 -0.000003
v -66.900000 37.310001 -0.000003
v -66.600000 37.310001 -0.000003
v -66.900000 37.310000 0.319997
v -66.600000 37.310000 0.319997
v -66.900000 37.300000 0.319997
v -66.600000 37.300000 0.319997
v -66.900000 33.300000 0.319997
v -66.600000 33.300000 0.319997
v -66.900000 33.290000 0.319997
v -66.600000 33.290000 0.319997
v -66.900000 33.290000 -0.000003
v -66.600000 33.290000 -0.000003
v -66.900000 29.720000 -0.000003
v -66.600000 29.720000 -0.000003
v -66.900000 29.720000 5.719997
v -66.600000 29.720000 5.719997
v -66.900000 29.400000 5.719997
v -66.600000 29.400000 5.719997
v -66.900000 29.400000 11.369997
v -66.600000 29.400000 11.369997
v -66.900000 29.720000 11.369997
v -66.600000 29.720000 11.369997
v -66.900000 29.720000 16.769997
v -66.600000 29.720000 16.769997
v -66.900000 29.400000 16.769997
v -66.600000 29.400000 16.769997
v -66.900000 29.400000 22.169997
v -66.600000 29.400000 22.169997
v -66.900000 29.720000 22.169997
v -66.600000 29.720000 22.169997
v -66.600000 38.275000 9.999997
v -66.600000 38.275000 19.999997
v -66.600000 38.275000 29.999997
v -66.600000 38.275000 39.999997
v -66.600000 47.150000 9.999997
v -66.600000 47.150000 19.999997
v -66.600000 47.150000 29.999997
v -66.600000 47.150000 39.999997
v -66.600000 56.025000 9.999997
v -66.600000 56.025000 19.999997
v -66.600000 56.025000 29.999997
v -66.600000 56.025000 39.999997
v -66.900000 38.275000 39.999997
v -66.900000 38.275000 29.999997
v -66.900000 38.275000 19.999997
v -66.900000 38.275000 9.999997
v -66.900000 47.150000 39.999997
v -66.900000 47.150000 29.999997
v -66.900000 47.150000 19.999997
v -66.900000 47.150000 9.999997
v -66.900000 56.025000 39.999997
v -66.900000 56.025000 29.999997
v -66.900000 56.025000 19.999997
v -66.900000 56.025000 9.999997
vt 0.000000 0.000000 0.000000
vt 0.320000 0.000000 0.000000
vt -0.000000 0.300000 0.000000
vt 0.320000 0.300000 0.000000
vt -0.000000 -0.000000 0.000000
vt 5.400000 -0.000000 0.000000
vt 0.000000 0.300000 0.000000
vt 5.400000 0.300000 0.000000
vt 0.000000 0.000000 0.000000
vt 0.320000 -0.000000 0.000000
vt 0.000000 0.300000 0.000000
vt 0.320000 0.300000 0.000000
vt 0.000000 0.000000 0.000000
vt 5.400000 -0.000000 0.000000
vt 0.000000 0.300000 0.000000
vt 5.400000 0.300000 0.000000
vt 0.000000 0.000000 0.000000
vt 0.320000 0.000000 0.000000
vt -0.000000 0.300000 0.000000
vt 0.320000 0.300000 0.000000
vt -0.000000 -0.000000 0.000000
vt 5.650000 -0.000000 0.000000
vt 0.000000 0.300000 0.000000
vt 5.650000 0.300000 0.000000
vt 0.000000 0.000000 0.000000
vt 0.320000 -0.000000 0.000000
vt 0.000000 0.300000 0.000000
vt 0.320000 0.300000 0.000000
vt 0.000000 0.000000 0.000000
vt 5.400000 0.000000 0.000000
vt 0.000000 0.300000 0.000000
vt 5.400000 0.300000 0.000000
vt 0.000000 0.000000 0.000000
vt 3.590000 -0.000000 0.000000
vt 0.000000 0.300000 0.000000
vt 3.590000 0.300000 0.000000
vt 0.000000 0.000000 0.000000
vt 0.320000 -0.000000 0.000000
vt 0.000000 0.300000 0.000000
vt 0.320000 0.300000 0.000000
vt 0.000000 -0.000000 0.000000
vt 3.980000 0.000000 0.000000
vt 0.000000 0.300000 0.000000
vt 3.980000 0.300000 0.000000
vt 0.000000 0.000000 0.000000
vt 0.320000 0.000000 0.000000
vt -0.000000 0.300000 0.000000
vt 0.320000 0.300000 0.000000
vt 0.000000 0.000000 0.000000
vt 0.010000 -0.000000 0.000000
vt 0.000000 0.300000 0.000000
vt 0.010000 0.300000 0.000000
vt 0.000000 0.000000 0.000000
vt 3.910000 -0.000000 0.000000
vt 0.000000 0.300000 0.000000
vt 3.910000 0.300000 0.000000
vt 0.000000 0.000000 0.000000
vt 0.320000 -0.000000 0.000000
vt 0.000000 0.300000 0.000000
vt 0.320000 0.300000 0.000000
vt 0.000000 -0.000000 0.000000
vt 3.880000 -0.000000 0.000000
vt 0.000000 0.300000 0.000000
vt 3.880000 0.300000 0.000000
vt 0.000000 0.000000 0.000000
vt 0.320000 0.000000 0.000000
vt -0.000000 0.300000 0.000000
vt 0.320000 0.300000 0.000000
vt 0.000000 0.000000 0.000000
vt 0.010000 -0.000000 0.000000
vt 0.000000 0.300000 0.000000
vt 0.010000 0.300000 0.000000
vt 0.000000 0.000000 0.000000
vt 4.100000 -0.000000 0.000000
vt 0.000000 0.300000 0.000000
vt 4.100000 0.300000 0.000000
vt 0.000000 0.000000 0.000000
vt 0.010000 -0.000000 0.000000
vt 0.000000 0.300000 0.000000
vt 0.010000 0.300000 0.000000
vt 0.000000 0.000000 0.000000
vt 0.320000 -0.000000 0.000000
vt 0.000000 0.300000 0.000000
vt 0.320000 0.300000 0.000000
vt 0.000000 -0.000000 0.000000
vt 3.880000 -0.000000 0.000000
vt 0.000000 0.300000 0.000000
vt 3.880000 0.300000 0.000000
vt 0.000000 0.000000 0.000000
vt 0.320000 0.000000 0.000000
vt -0.000000 0.300000 0.000000
vt 0.320000 0.300000 0.000000
vt 0.000000 0.000000 0.000000
vt 3.910000 -0.000000 0.000000
vt 0.000000 0.300000 0.000000
vt 3.910000 0.300000 0.000000
vt 0.000000 0.000000 0.000000
vt 0.010000 -0.000000 0.000000
vt 0.000000 0.300000 0.000000
vt 0.010000 0.300000 0.000000
vt 0.000000 0.000000 0.000000
vt 0.320000 -0.000000 0.000000
vt 0.000000 0.300000 0.000000
vt 0.320000 0.300000 0.000000
vt 0.000000 -0.000000 0.000000
vt 3.980003 -0.000000 0.000000
vt 0.000000 0.300000 0.000000
vt 3.980003 0.300000 0.000000
vt 0.000000 0.000000 0.000000
vt 0.320000 0.000000 0.000000
vt -0.000000 0.300000 0.000000
vt 0.320000 0.300000 0.000000
vt 0.000000 0.000000 0.000000
vt 0.010000 -0.000000 0.000000
vt 0.000000 0.300000 0.000000
vt 0.010000 0.300000 0.000000
vt -0.000000 -0.000000 0.000000
vt 3.579997 -0.000000 0.000000
vt -0.000000 0.300000 0.000000
vt 3.579997 0.300000 0.000000
vt 0.000000 0.000000 0.000000
vt 0.320000 -0.000000 0.000000
vt 0.000000 0.300000 0.000000
vt 0.320000 0.300000 0.000000
vt 0.000000 0.000000 0.000000
vt 5.400000 -0.000000 0.000000
vt -0.000000 0.300000 0.000000
vt 5.400000 0.300000 0.000000
vt 0.000000 0.000000 0.000000
vt 0.320000 0.000000 0.000000
vt -0.000000 0.300000 0.000000
vt 0.320000 0.300000 0.000000
vt 0.000000 0.000000 0.000000
vt 5.650000 0.000000 0.000000
vt -0.000000 0.300000 0.000000
vt 5.650000 0.300000 0.000000
vt 0.000000 0.000000 0.000000
vt 0.320000 -0.000000 0.000000
vt 0.000000 0.300000 0.000000
vt 0.320000 0.300000 0.000000
vt 0.000000 0.000000 0.000000
vt 5.400000 0.000000 0.000000
vt -0.000000 0.300000 0.000000
vt 5.400000 0.300000 0.000000
vt 0.000000 0.000000 0.000000
vt 0.320000 0.000000 0.000000
vt -0.000000 0.300000 0.000000
vt 0.320000 0.300000 0.000000
vt 0.000000 0.000000 0.000000
vt 5.400000 0.000000 0.000000
vt -0.000000 0.300000 0.000000
vt 5.400000 0.300000 0.000000
vt 0.000000 0.000000 0.000000
vt 0.320000 -0.000000 0.000000
vt 0.000000 0.300000 0.000000
vt 0.320000 0.300000 0.000000
vt 0.000000 0.000000 0.000000
vt 5.660000 0.000000 0.000000
vt -0.000000 0.300000 0.000000
vt 5.660000 0.300000 0.000000
vt 0.000000 0.000000 0.000000
vt 0.320000 0.000000 0.000000
vt -0.000000 0.300000 0.000000
vt 0.320000 0.300000 0.000000
vt 0.000000 0.000000 0.000000
vt 5.400000 0.000000 0.000000
vt -0.000000 0.300000 0.000000
vt 5.400000 0.300000 0.000000
vt 0.000000 0.000000 0.000000
vt 0.320000 -0.000000 0.000000
vt 0.000000 0.300000 0.000000
vt 0.320000 0.300000 0.000000
vt 0.000000 0.000000 0.000000
vt 5.400000 -0.000000 0.000000
vt -0.000000 0.300000 0.000000
vt 5.400000 0.300000 0.000000
vt 0.000000 0.000000 0.000000
vt 0.320000 0.000000 0.000000
vt -0.000000 0.300000 0.000000
vt 0.320000 0.300000 0.000000
vt 0.000000 0.000000 0.000000
vt 5.650000 0.000000 0.000000
vt -0.000000 0.300000 0.000000
vt 5.650000 0.300000 0.000000
vt 0.000000 0.000000 0.000000
vt 0.320000 -0.000000 0.000000
vt 0.000000 0.300000 0.000000
vt 0.320000 0.300000 0.000000
vt -0.000000 -0.000000 0.000000
vt 5.720000 -0.000000 0.000000
vt -0.000000 0.300000 0.000000
vt 5.720000 0.300000 0.000000
vt 0.000000 0.000000 0.000000
vt 3.900000 0.000000 0.000000
vt -0.000000 0.300000 0.000000
vt 3.900000 0.300000 0.000000
vt 0.000000 0.000000 0.000000
vt 0.320000 -0.000000 0.000000
vt 0.000000 0.300000 0.000000
vt 0.320000 0.300000 0.000000
vt 0.000000 0.000000 0.000000
vt 3.997922 0.000000 0.000000
vt -0.000000 0.300000 0.000000
vt 3.997922 0.300000 0.000000
vt 0.000000 0.000000 0.000000
vt 0.010000 0.000000 0.000000
vt -0.000000 0.300000 0.000000
vt 0.010000 0.300000 0.000000
vt 0.000000 0.000000 0.000000
vt 0.320000 0.000000 0.000000
vt -0.000000 0.300000 0.000000
vt 0.320000 0.300000 0.000000
vt 0.000000 0.000000 0.000000
vt 3.882078 0.000000 0.000000
vt -0.000000 0.300000 0.000000
vt 3.882078 0.300000 0.000000
vt 0.000000 0.000000 0.000000
vt 0.320000 -0.000000 0.000000
vt -0.000000 0.300000 0.000000
vt 0.320000 0.300000 0.000000
vt 0.000000 0.000000 0.000000
vt 0.010000 0.000000 0.000000
vt -0.000000 0.300000 0.000000
vt 0.010000 0.300000 0.000000
vt 0.000000 0.000000 0.000000
vt 3.910000 0.000000 0.000000
vt -0.000000 0.300000 0.000000
vt 3.910000 0.300000 0.000000
vt 0.000000 0.000000 0.000000
vt 0.320000 0.000000 0.000000
vt -0.000000 0.300000 0.000000
vt 0.320000 0.300000 0.000000
vt 0.000000 0.000000 0.000000
vt 4.080000 0.000000 0.000000
vt -0.000000 0.300000 0.000000
vt 4.080000 0.300000 0.000000
vt 0.000000 0.000000 0.000000
vt 0.320000 -0.000000 0.000000
vt 0.000000 0.300000 0.000000
vt 0.320000 0.300000 0.000000
vt 0.000000 0.000000 0.000000
vt 0.010000 0.000000 0.000000
vt -0.000000 0.300000 0.000000
vt 0.010000 0.300000 0.000000
vt 0.000000 0.000000 0.000000
vt 3.900000 0.000000 0.000000
vt -0.000000 0.300000 0.000000
vt 3.900000 0.300000 0.000000
vt 0.000000 0.000000 0.000000
vt 0.010000 0.000000 0.000000
vt -0.000000 0.300000 0.000000
vt 0.010000 0.300000 0.000000
vt 0.000000 0.000000 0.000000
vt 0.320000 0.000000 0.000000
vt -0.000000 0.300000 0.000000
vt 0.320000 0.300000 0.000000
vt 0.000000 0.000000 0.000000
vt 3.880000 0.000000 0.000000
vt -0.000000 0.300000 0.000000
vt 3.880000 0.300000 0.000000
vt 0.000000 0.000000 0.000000
vt 0.320000 -0.000000 0.000000
vt 0.000000 0.300000 0.000000
vt 0.320000 0.300000 0.000000
vt 0.000000 0.000000 0.000000
vt 0.010000 0.000000 0.000000
vt -0.000000 0.300000 0.000000
vt 0.010000 0.300000 0.000000
vt 0.000000 0.000000 0.000000
vt 4.000000 -0.000000 0.000000
vt -0.000000 0.300000 0.000000
vt 4.000000 0.300000 0.000000
vt 0.000000 0.000000 0.000000
vt 0.010000 0.000000 0.000000
vt -0.000000 0.300000 0.000000
vt 0.010000 0.300000 0.000000
vt 0.000000 0.000000 0.000000
vt 0.320000 0.000000 0.000000
vt -0.000000 0.300000 0.000000
vt 0.320000 0.300000 0.000000
vt 0.000000 0.000000 0.000000
vt 3.570000 0.000000 0.000000
vt -0.000000 0.300000 0.000000
vt 3.570000 0.300000 0.000000
vt 0.000000 0.000000 0.000000
vt 5.720000 -0.000000 0.000000
vt -0.000000 0.300000 0.000000
vt 5.720000 0.300000 0.000000
vt 0.000000 0.000000 0.000000
vt 0.320000 0.000000 0.000000
vt -0.000000 0.300000 0.000000
vt 0.320000 0.300000 0.000000
vt 0.000000 -0.000000 0.000000
vt 5.650000 -0.000000 0.000000
vt 0.000000 0.300000 0.000000
vt 5.650000 0.300000 0.000000
vt 0.000000 0.000000 0.000000
vt 0.320000 -0.000000 0.000000
vt 0.000000 0.300000 0.000000
vt 0.320000 0.300000 0.000000
vt 0.000000 0.000000 0.000000
vt 5.400000 0.000000 0.000000
vt 0.000000 0.300000 0.000000
vt 5.400000 0.300000 0.000000
vt 0.000000 0.000000 0.000000
vt 0.320000 0.000000 0.000000
vt -0.000000 0.300000 0.000000
vt 0.320000 0.300000 0.000000
vt 0.000000 0.000000 0.000000
vt 5.400000 -0.000000 0.000000
vt 0.000000 0.300000 0.000000
vt 5.400000 0.300000 0.000000
vt 0.000000 0.000000 0.000000
vt 0.320000 -0.000000 0.000000
vt 0.000000 0.300000 0.000000
vt 0.320000 0.300000 0.000000
vt 0.000000 0.000000 0.000000
vt 5.660000 0.000000 0.000000
vt 0.000000 0.300000 0.000000
vt 5.660000 0.300000 0.000000
vt -2.830000 20.430000 0.000000
vt -5.000000 11.875000 0.000000
vt 2.830000 20.430000 0.000000
vt 5.000000 11.875000 0.000000
vt 8.230000 20.430000 0.000000
vt 15.000000 11.875000 0.000000
vt 13.630000 20.430000 0.000000
vt 19.280000 20.430000 0.000000
vt 19.280000 20.750000 0.000000
vt -2.830000 20.750000 0.000000
vt -8.230000 20.750000 0.000000
vt -8.230000 20.430000 0.000000
vt -15.000000 11.875000 0.000000
vt -5.000000 3.000000 0.000000
vt -15.000000 3.000000 0.000000
vt -5.000000 -5.875000 0.000000
vt -15.000000 -5.875000 0.000000
vt -8.230000 -14.430000 0.000000
vt -13.630000 -14.430000 0.000000
vt -8.230000 -14.750000 0.000000
vt -13.630000 -14.750000 0.000000
vt -13.630000 20.430000 0.000000
vt -19.280000 20.430000 0.000000
vt -24.680000 16.850000 0.000000
vt -24.680000 16.860000 0.000000
vt -25.000000 20.430000 0.000000
vt -25.000000 16.860000 0.000000
vt -13.630000 20.750000 0.000000
vt -19.280000 20.750000 0.000000
vt -24.680000 12.850000 0.000000
vt -24.680000 12.840000 0.000000
vt -24.680000 8.960000 0.000000
vt -25.000000 12.839999 0.000000
vt -25.000000 8.960000 0.000000
vt -24.680000 8.950000 0.000000
vt -24.680000 5.050000 0.000000
vt -24.680000 5.040000 0.000000
vt -24.680000 0.960000 0.000000
vt -25.000000 5.040000 0.000000
vt -25.000000 0.960000 0.000000
vt -24.680000 -2.950000 0.000000
vt -24.680000 -2.960000 0.000000
vt -24.680000 -6.842078 0.000000
vt -24.680000 -6.852078 0.000000
vt -25.000000 -2.960000 0.000000
vt -25.000000 -6.842078 0.000000
vt -24.680000 -10.850000 0.000000
vt -19.280000 -14.430000 0.000000
vt -25.000000 -10.850000 0.000000
vt -25.000000 -14.750000 0.000000
vt -19.280000 -14.750000 0.000000
vt -2.830000 -14.430000 0.000000
vt 2.830000 -14.430000 0.000000
vt 5.000000 -5.875000 0.000000
vt 8.230000 -14.430000 0.000000
vt 15.000000 -5.875000 0.000000
vt 13.630000 -14.430000 0.000000
vt 19.280000 -14.430000 0.000000
vt -2.830000 -14.750000 0.000000
vt 2.830000 -14.750000 0.000000
vt 8.230000 -14.750000 0.000000
vt 13.630000 -14.750000 0.000000
vt 19.280000 -14.750000 0.000000
vt 24.680000 -14.750000 0.000000
vt 24.680000 -14.430000 0.000000
vt 24.680000 -10.850003 0.000000
vt 24.680000 -10.840003 0.000000
vt 24.680000 -6.860000 0.000000
vt 25.000000 -10.840003 0.000000
vt 25.000000 -6.860000 0.000000
vt 24.680000 -6.850000 0.000000
vt 24.680000 -2.940000 0.000000
vt 15.000000 3.000000 0.000000
vt 24.680000 0.940000 0.000000
vt 24.680000 0.950000 0.000000
vt 25.000000 -2.940000 0.000000
vt 25.000000 0.940000 0.000000
vt 24.680000 5.050000 0.000000
vt 24.680000 5.060000 0.000000
vt 24.680000 8.940000 0.000000
vt 25.000000 5.060000 0.000000
vt 25.000000 8.940000 0.000000
vt 24.680000 12.850000 0.000000
vt 24.680000 12.860000 0.000000
vt 24.680000 16.840000 0.000000
vt 25.000000 12.860000 0.000000
vt 25.000000 16.840000 0.000000
vt 24.680000 20.430000 0.000000
vt 13.630000 20.750000 0.000000
vt 8.230000 20.750000 0.000000
vt 2.830000 20.750000 0.000000
vt 5.000000 3.000000 0.000000
vt -2.830000 20.430000 0.000000
vt 5.000000 11.875000 0.000000
vt 2.830000 20.430000 0.000000
vt 8.230000 20.430000 0.000000
vt 2.830000 20.750000 0.000000
vt 8.230000 20.750000 0.000000
vt -2.830000 20.750000 0.000000
vt -8.230000 20.430000 0.000000
vt -5.000000 11.875000 0.000000
vt 5.000000 3.000000 0.000000
vt 15.000000 3.000000 0.000000
vt 15.000000 -5.875000 0.000000
vt 24.680000 -2.950000 0.000000
vt 24.680000 -2.960000 0.000000
vt 24.680000 -6.842078 0.000000
vt 25.000000 -2.960000 0.000000
vt 25.000000 -6.842078 0.000000
vt -8.230000 20.750000 0.000000
vt -15.000000 11.875000 0.000000
vt -13.630000 20.430000 0.000000
vt -19.280000 20.430000 0.000000
vt -19.280000 20.750000 0.000000
vt -13.630000 20.750000 0.000000
vt -24.680000 20.430000 0.000000
vt -24.680000 16.840000 0.000000
vt -24.680000 12.860000 0.000000
vt -25.000000 16.840000 0.000000
vt -25.000000 12.860000 0.000000
vt -24.680000 12.850000 0.000000
vt -24.680000 8.940000 0.000000
vt -15.000000 3.000000 0.000000
vt -24.680000 5.060000 0.000000
vt -24.680000 5.050000 0.000000
vt -25.000000 8.940000 0.000000
vt -25.000000 5.060000 0.000000
vt -24.680000 0.950000 0.000000
vt -24.680000 0.940000 0.000000
vt -24.680000 -2.940000 0.000000
vt -25.000000 0.940000 0.000000
vt -25.000000 -2.940000 0.000000
vt -15.000000 -5.875000 0.000000
vt -24.680000 -6.850000 0.000000
vt -24.680000 -6.860000 0.000000
vt -25.000000 -6.860000 0.000000
vt -25.000000 -10.840003 0.000000
vt -24.680000 -10.840003 0.000000
vt -19.280000 -14.430000 0.000000
vt -13.630000 -14.430000 0.000000
vt -24.680000 -10.850003 0.000000
vt -24.680000 -14.430000 0.000000
vt -19.280000 -14.750000 0.000000
vt -24.680000 -14.750000 0.000000
vt -13.630000 -14.750000 0.000000
vt -8.230000 -14.750000 0.000000
vt -8.230000 -14.430000 0.000000
vt -5.000000 -5.875000 0.000000
vt -5.000000 3.000000 0.000000
vt -2.830000 -14.430000 0.000000
vt 5.000000 -5.875000 0.000000
vt -2.830000 -14.750000 0.000000
vt 2.830000 -14.750000 0.000000
vt 2.830000 -14.430000 0.000000
vt 8.230000 -14.430000 0.000000
vt 13.630000 -14.430000 0.000000
vt 19.280000 -14.430000 0.000000
vt 8.230000 -14.750000 0.000000
vt 13.630000 -14.750000 0.000000
vt 19.280000 -14.750000 0.000000
vt 25.000000 -14.750000 0.000000
vt 24.680000 -10.850000 0.000000
vt 24.680000 -6.852078 0.000000
vt 25.000000 -10.850000 0.000000
vt 24.680000 0.960000 0.000000
vt 24.680000 5.040000 0.000000
vt 24.680000 5.050000 0.000000
vt 25.000000 0.960000 0.000000
vt 25.000000 5.040000 0.000000
vt 24.680000 8.950000 0.000000
vt 15.000000 11.875000 0.000000
vt 24.680000 8.960000 0.000000
vt 24.680000 12.840000 0.000000
vt 24.680000 12.850000 0.000000
vt 25.000000 8.960000 0.000000
vt 25.000000 12.839999 0.000000
vt 24.680000 16.850000 0.000000
vt 19.280000 20.430000 0.000000
vt 13.630000 20.430000 0.000000
vt 19.280000 20.750000 0.000000
vt 13.630000 20.750000 0.000000
vt 24.680000 16.860000 0.000000
vt 25.000000 20.430000 0.000000
vt 25.000000 16.860000 0.000000
vn 0.000000 0.000000 -1.000000
vn 0.000000 0.000000 -1.000000
vn 0.000000 0.000000 -1.000000
vn 0.000000 0.000000 -1.000000
vn 0.000000 -1.000000 -0.000000
vn 0.000000 -1.000000 -0.000000
vn 0.000000 -1.000000 -0.000000
vn 0.000000 -1.000000 -0.000000
vn -0.000000 -0.000000 1.000000
vn -0.000000 -0.000000 1.000000
vn -0.000000 -0.000000 1.000000
vn -0.000000 -0.000000 1.000000
vn 0.000000 -1.000000 -0.000000
vn 0.000000 -1.000000 -0.000000
vn 0.000000 -1.000000 -0.000000
vn 0.000000 -1.000000 -0.000000
vn 0.000000 0.000000 -1.000000
vn 0.000000 0.000000 -1.000000
vn 0.000000 0.000000 -1.000000
vn 0.000000 0.000000 -1.000000
vn 0.000000 -1.000000 -0.000000
vn 0.000000 -1.000000 -0.000000
vn 0.000000 -1.000000 -0.000000
vn 0.000000 -1.000000 -0.000000
vn -0.000000 -0.000000 1.000000
vn -0.000000 -0.000000 1.000000
vn -0.000000 -0.000000 1.000000
vn -0.000000 -0.000000 1.000000
vn 0.000000 -1.000000 -0.000000
vn 0.000000 -1.000000 -0.000000
vn 0.000000 -1.000000 -0.000000
vn 0.000000 -1.000000 -0.000000
vn -0.000000 -0.000000 1.000000
vn -0.000000 -0.000000 1.000000
vn -0.000000 -0.000000 1.000000
vn -0.000000 -0.000000 1.000000
vn 0.000000 -1.000000 0.000000
vn 0.000000 -1.000000 0.000000
vn 0.000000 -1.000000 0.000000
vn 0.000000 -1.000000 0.000000
vn -0.000000 -0.000000 1.000000
vn -0.000000 -0.000000 1.000000
vn -0.000000 -0.000000 1.000000
vn -0.000000 -0.000000 1.000000
vn -0.000000 1.000000 0.000000
vn -0.000000 1.000000 0.000000
vn -0.000000 1.000000 0.000000
vn -0.000000 1.000000 0.000000
vn -0.000000 -0.000000 1.000000
vn -0.000000 -0.000000 1.000000
vn -0.000000 -0.000000 1.000000
vn -0.000000 -0.000000 1.000000
vn -0.000000 -0.000000 1.000000
vn -0.000000 -0.000000 1.000000
vn -0.000000 -0.000000 1.000000
vn -0.000000 -0.000000 1.000000
vn 0.000000 -1.000000 -0.000000
vn 0.000000 -1.000000 -0.000000
vn 0.000000 -1.000000 -0.000000
vn 0.000000 -1.000000 -0.000000
vn -0.000000 -0.000000 1.000000
vn -0.000000 -0.000000 1.000000
vn -0.000000 -0.000000 1.000000
vn -0.000000 -0.000000 1.000000
vn -0.000000 1.000000 0.000000
vn -0.000000 1.000000 0.000000
vn -0.000000 1.000000 0.000000
vn -0.000000 1.000000 0.000000
vn -0.000000 -0.000000 1.000000
vn -0.000000 -0.000000 1.000000
vn -0.000000 -0.000000 1.000000
vn -0.000000 -0.000000 1.000000
vn -0.000000 -0.000000 1.000000
vn -0.000000 -0.000000 1.000000
vn -0.000000 -0.000000 1.000000
vn -0.000000 -0.000000 1.000000
vn -0.000000 -0.000000 1.000000
vn -0.000000 -0.000000 1.000000
vn -0.000000 -0.000000 1.000000
vn -0.000000 -0.000000 1.000000
vn 0.000000 -1.000000 -0.000000
vn 0.000000 -1.000000 -0.000000
vn 0.000000 -1.000000 -0.000000
vn 0.000000 -1.000000 -0.000000
vn -0.000000 -0.000000 1.000000
vn -0.000000 -0.000000 1.000000
vn -0.000000 -0.000000 1.000000
vn -0.000000 -0.000000 1.000000
vn -0.000000 1.000000 0.000000
vn -0.000000 1.000000 0.000000
vn -0.000000 1.000000 0.000000
vn -0.000000 1.000000 0.000000
vn -0.000000 -0.000000 1.000000
vn -0.000000 -0.000000 1.000000
vn -0.000000 -0.000000 1.000000
vn -0.000000 -0.000000 1.000000
vn -0.000000 -0.000000 1.000000
vn -0.000000 -0.000000 1.000000
vn -0.000000 -0.000000 1.000000
vn -0.000000 -0.000000 1.000000
vn 0.000000 -1.000000 -0.000000
vn 0.000000 -1.000000 -0.000000
vn 0.000000 -1.000000 -0.000000
vn 0.000000 -1.000000 -0.000000
vn -0.000000 -0.000000 1.000000
vn -0.000000 -0.000000 1.000000
vn -0.000000 -0.000000 1.000000
vn -0.000000 -0.000000 1.000000
vn -0.000000 1.000000 0.000000
vn -0.000000 1.000000 0.000000
vn -0.000000 1.000000 0.000000
vn -0.000000 1.000000 0.000000
vn -0.000000 -0.000000 1.000000
vn -0.000000 -0.000000 1.000000
vn -0.000000 -0.000000 1.000000
vn -0.000000 -0.000000 1.000000
vn -0.000000 -0.000000 1.000000
vn -0.000000 -0.000000 1.000000
vn -0.000000 -0.000000 1.000000
vn -0.000000 -0.000000 1.000000
vn -0.000000 0.000000 1.000000
vn -0.000000 0.000000 1.000000
vn -0.000000 0.000000 1.000000
vn -0.000000 0.000000 1.000000
vn -0.000000 1.000000 -0.000000
vn -0.000000 1.000000 -0.000000
vn -0.000000 1.000000 -0.000000
vn -0.000000 1.000000 -0.000000
vn 0.000000 -0.000000 -1.000000
vn 0.000000 -0.000000 -1.000000
vn 0.000000 -0.000000 -1.000000
vn 0.000000 -0.000000 -1.000000
vn -0.000000 1.000000 0.000000
vn -0.000000 1.000000 0.000000
vn -0.000000 1.000000 0.000000
vn -0.000000 1.000000 0.000000
vn -0.000000 -0.000000 1.000000
vn -0.000000 -0.000000 1.000000
vn -0.000000 -0.000000 1.000000
vn -0.000000 -0.000000 1.000000
vn -0.000000 1.000000 0.000000
vn -0.000000 1.000000 0.000000
vn -0.000000 1.000000 0.000000
vn -0.000000 1.000000 0.000000
vn 0.000000 0.000000 -1.000000
vn 0.000000 0.000000 -1.000000
vn 0.000000 0.000000 -1.000000
vn 0.000000 0.000000 -1.000000
vn -0.000000 1.000000 0.000000
vn -0.000000 1.000000 0.000000
vn -0.000000 1.000000 0.000000
vn -0.000000 1.000000 0.000000
vn -0.000000 -0.000000 1.000000
vn -0.000000 -0.000000 1.000000
vn -0.000000 -0.000000 1.000000
vn -0.000000 -0.000000 1.000000
vn -0.000000 1.000000 0.000000
vn -0.000000 1.000000 0.000000
vn -0.000000 1.000000 0.000000
vn -0.000000 1.000000 0.000000
vn 0.000000 0.000000 -1.000000
vn 0.000000 0.000000 -1.000000
vn 0.000000 0.000000 -1.000000
vn 0.000000 0.000000 -1.000000
vn -0.000000 1.000000 0.000000
vn -0.000000 1.000000 0.000000
vn -0.000000 1.000000 0.000000
vn -0.000000 1.000000 0.000000
vn -0.000000 -0.000000 1.000000
vn -0.000000 -0.000000 1.000000
vn -0.000000 -0.000000 1.000000
vn -0.000000 -0.000000 1.000000
vn -0.000000 1.000000 -0.000000
vn -0.000000 1.000000 -0.000000
vn -0.000000 1.000000 -0.000000
vn -0.000000 1.000000 -0.000000
vn 0.000000 0.000000 -1.000000
vn 0.000000 0.000000 -1.000000
vn 0.000000 0.000000 -1.000000
vn 0.000000 0.000000 -1.000000
vn -0.000000 1.000000 0.000000
vn -0.000000 1.000000 0.000000
vn -0.000000 1.000000 0.000000
vn -0.000000 1.000000 0.000000
vn -0.000000 -0.000000 1.000000
vn -0.000000 -0.000000 1.000000
vn -0.000000 -0.000000 1.000000
vn -0.000000 -0.000000 1.000000
vn -0.000000 1.000000 -0.000000
vn -0.000000 1.000000 -0.000000
vn -0.000000 1.000000 -0.000000
vn -0.000000 1.000000 -0.000000
vn 0.000000 0.000000 -1.000000
vn 0.000000 0.000000 -1.000000
vn 0.000000 0.000000 -1.000000
vn 0.000000 0.000000 -1.000000
vn 0.000000 -1.000000 -0.000000
vn 0.000000 -1.000000 -0.000000
vn 0.000000 -1.000000 -0.000000
vn 0.000000 -1.000000 -0.000000
vn 0.000000 0.000000 -1.000000
vn 0.000000 0.000000 -1.000000
vn 0.000000 0.000000 -1.000000
vn 0.000000 0.000000 -1.000000
vn 0.000000 0.000000 -1.000000
vn 0.000000 0.000000 -1.000000
vn 0.000000 0.000000 -1.000000
vn 0.000000 0.000000 -1.000000
vn -0.000000 1.000000 0.000000
vn -0.000000 1.000000 0.000000
vn -0.000000 1.000000 0.000000
vn -0.000000 1.000000 0.000000
vn 0.000000 0.000000 -1.000000
vn 0.000000 0.000000 -1.000000
vn 0.000000 0.000000 -1.000000
vn 0.000000 0.000000 -1.000000
vn 0.000000 -1.000000 -0.000001
vn 0.000000 -1.000000 -0.000001
vn 0.000000 -1.000000 -0.000001
vn 0.000000 -1.000000 -0.000001
vn 0.000000 0.000000 -1.000000
vn 0.000000 0.000000 -1.000000
vn 0.000000 0.000000 -1.000000
vn 0.000000 0.000000 -1.000000
vn 0.000000 0.000000 -1.000000
vn 0.000000 0.000000 -1.000000
vn 0.000000 0.000000 -1.000000
vn 0.000000 0.000000 -1.000000
vn -0.000000 1.000000 0.000001
vn -0.000000 1.000000 0.000001
vn -0.000000 1.000000 0.000001
vn -0.000000 1.000000 0.000001
vn 0.000000 -0.000000 -1.000000
vn 0.000000 -0.000000 -1.000000
vn 0.000000 -0.000000 -1.000000
vn 0.000000 -0.000000 -1.000000
vn 0.000000 -1.000000 -0.000001
vn 0.000000 -1.000000 -0.000001
vn 0.000000 -1.000000 -0.000001
vn 0.000000 -1.000000 -0.000001
vn 0.000000 0.000000 -1.000000
vn 0.000000 0.000000 -1.000000
vn 0.000000 0.000000 -1.000000
vn 0.000000 0.000000 -1.000000
vn 0.000000 0.000000 -1.000000
vn 0.000000 0.000000 -1.000000
vn 0.000000 0.000000 -1.000000
vn 0.000000 0.000000 -1.000000
vn 0.000000 0.000000 -1.000000
vn 0.000000 0.000000 -1.000000
vn 0.000000 0.000000 -1.000000
vn 0.000000 0.000000 -1.000000
vn -0.000000 1.000000 0.000002
vn -0.000000 1.000000 0.000002
vn -0.000000 1.000000 0.000002
vn -0.000000 1.000000 0.000002
vn 0.000000 -0.000000 -1.000000
vn 0.000000 -0.000000 -1.000000
vn 0.000000 -0.000000 -1.000000
vn 0.000000 -0.000000 -1.000000
vn 0.000000 -1.000000 -0.000002
vn 0.000000 -1.000000 -0.000002
vn 0.000000 -1.000000 -0.000002
vn 0.000000 -1.000000 -0.000002
vn 0.000000 0.000000 -1.000000
vn 0.000000 0.000000 -1.000000
vn 0.000000 0.000000 -1.000000
vn 0.000000 0.000000 -1.000000
vn 0.000000 0.000000 -1.000000
vn 0.000000 0.000000 -1.000000
vn 0.000000 0.000000 -1.000000
vn 0.000000 0.000000 -1.000000
vn 0.000000 -0.000002 -1.000000
vn 0.000000 -0.000002 -1.000000
vn 0.000000 -0.000002 -1.000000
vn 0.000000 -0.000002 -1.000000
vn -0.000000 1.000000 0.000000
vn -0.000000 1.000000 0.000000
vn -0.000000 1.000000 0.000000
vn -0.000000 1.000000 0.000000
vn 0.000000 -0.000000 -1.000000
vn 0.000000 -0.000000 -1.000000
vn 0.000000 -0.000000 -1.000000
vn 0.000000 -0.000000 -1.000000
vn 0.000000 -1.000000 -0.000000
vn 0.000000 -1.000000 -0.000000
vn 0.000000 -1.000000 -0.000000
vn 0.000000 -1.000000 -0.000000
vn 0.000000 -0.000000 -1.000000
vn 0.000000 -0.000000 -1.000000
vn 0.000000 -0.000000 -1.000000
vn 0.000000 -0.000000 -1.000000
vn 0.000000 -1.000000 0.000000
vn 0.000000 -1.000000 0.000000
vn 0.000000 -1.000000 0.000000
vn 0.000000 -1.000000 0.000000
vn -0.000000 0.000000 1.000000
vn -0.000000 0.000000 1.000000
vn -0.000000 0.000000 1.000000
vn -0.000000 0.000000 1.000000
vn 0.000000 -1.000000 -0.000000
vn 0.000000 -1.000000 -0.000000
vn 0.000000 -1.000000 -0.000000
vn 0.000000 -1.000000 -0.000000
vn 0.000000 0.000000 -1.000000
vn 0.000000 0.000000 -1.000000
vn 0.000000 0.000000 -1.000000
vn 0.000000 0.000000 -1.000000
vn 0.000000 -1.000000 -0.000000
vn 0.000000 -1.000000 -0.000000
vn 0.000000 -1.000000 -0.000000
vn 0.000000 -1.000000 -0.000000
vn -0.000000 -0.000000 1.000000
vn -0.000000 -0.000000 1.000000
vn -0.000000 -0.000000 1.000000
vn -0.000000 -0.000000 1.000000
vn 0.000000 -1.000000 0.000000
vn 0.000000 -1.000000 0.000000
vn 0.000000 -1.000000 0.000000
vn 0.000000 -1.000000 0.000000
vn 1.000000 0.000000 0.000000
vn 1.000000 0.000000 0.000000
vn 1.000000 0.000000 0.000000
vn 1.000000 0.000000 0.000000
vn 1.000000 0.000000 0.000000
vn 1.000000 0.000000 0.000000
vn 1.000000 0.000000 0.000000
vn 1.000000 0.000000 0.000000
vn 1.000000 0.000000 0.000000
vn 1.000000 0.000000 0.000000
vn 1.000000 0.000000 0.000000
vn 1.000000 0.000000 0.000000
vn 1.000000 0.000000 0.000000
vn 1.000000 0.000000 0.000000
vn 1.000000 0.000000 0.000000
vn 1.000000 0.000000 0.000000
vn 1.000000 0.000000 0.000000
vn 1.000000 0.000000 0.000000
vn 1.000000 0.000000 0.000000
vn 1.000000 0.000000 0.000000
vn 1.000000 0.000000 0.000000
vn 1.000000 0.000000 0.000000
vn 1.000000 0.000000 0.000000
vn 1.000000 0.000000 0.000000
vn 1.000000 0.000000 0.000000
vn 1.000000 0.000000 0.000000
vn 1.000000 0.000000 0.000000
vn 1.000000 0.000000 0.000000
vn 1.000000 0.000000 0.000000
vn 1.000000 0.000000 0.000000
vn 1.000000 0.000000 0.000000
vn 1.000000 0.000000 0.000000
vn 1.000000 0.000000 0.000000
vn 1.000000 0.000000 0.000000
vn 1.000000 0.000000 0.000000
vn 1.000000 0.000000 0.000000
vn 1.000000 0.000000 0.000000
vn 1.000000 0.000000 0.000000
vn 1.000000 0.000000 0.000000
vn 1.000000 0.000000 0.000000
vn 1.000000 0.000000 0.000000
vn 1.000000 0.000000 0.000000
vn 1.000000 0.000000 0.000000
vn 1.000000 0.000000 0.000000
vn 1.000000 0.000000 0.000000
vn 1.000000 0.000000 0.000000
vn 1.000000 0.000000 0.000000
vn 1.000000 0.000000 0.000000
vn 1.000000 0.000000 0.000000
vn 1.000000 0.000000 0.000000
vn 1.000000 0.000000 0.000000
vn 1.000000 0.000000 0.000000
vn 1.000000 0.000000 0.000000
vn 1.000000 0.000000 0.000000
vn 1.000000 0.000000 0.000000
vn 1.000000 0.000000 0.000000
vn 1.000000 0.000000 0.000000
vn 1.000000 0.000000 0.000000
vn 1.000000 0.000000 0.000000
vn 1.000000 0.000000 0.000000
vn 1.000000 0.000000 0.000000
vn 1.000000 0.000000 0.000000
vn 1.000000 0.000000 0.000000
vn 1.000000 0.000000 0.000000
vn 1.000000 0.000000 0.000000
vn 1.000000 0.000000 0.000000
vn 1.000000 0.000000 0.000000
vn 1.000000 0.000000 0.000000
vn 1.000000 0.000000 0.000000
vn 1.000000 0.000000 0.000000
vn 1.000000 0.000000 0.000000
vn 1.000000 0.000000 0.000000
vn 1.000000 0.000000 0.000000
vn 1.000000 0.000000 0.000000
vn 1.000000 0.000000 0.000000
vn 1.000000 0.000000 0.000000
vn 1.000000 0.000000 0.000000
vn 1.000000 0.000000 0.000000
vn 1.000000 0.000000 0.000000
vn 1.000000 0.000000 0.000000
vn 1.000000 0.000000 0.000000
vn 1.000000 0.000000 0.000000
vn 1.000000 0.000000 0.000000
vn 1.000000 0.000000 0.000000
vn 1.000000 0.000000 0.000000
vn 1.000000 0.000000 0.000000
vn 1.000000 0.000000 0.000000
vn 1.000000 0.000000 0.000000
vn 1.000000 0.000000 0.000000
vn 1.000000 0.000000 0.000000
vn 1.000000 0.000000 0.000000
vn 1.000000 0.000000 0.000000
vn -1.000000 -0.000000 -0.000000
vn -1.000000 -0.000000 -0.000000
vn -1.000000 -0.000000 -0.000000
vn -1.000000 -0.000000 -0.000000
vn -1.000000 -0.000000 -0.000000
vn -1.000000 -0.000000 -0.000000
vn -1.000000 -0.000000 -0.000000
vn -1.000000 -0.000000 -0.000000
vn -1.000000 -0.000000 -0.000000
vn -1.000000 -0.000000 -0.000000
vn -1.000000 -0.000000 -0.000000
vn -1.000000 -0.000000 -0.000000
vn -1.000000 -0.000000 -0.000000
vn -1.000000 -0.000000 -0.000000
vn -1.000000 -0.000000 -0.000000
vn -1.000000 -0.000000 -0.000000
vn -1.000000 -0.000000 -0.000000
vn -1.000000 -0.000000 -0.000000
vn -1.000000 -0.000000 -0.000000
vn -1.000000 -0.000000 -0.000000
vn -1.000000 -0.000000 -0.000000
vn -1.000000 -0.000000 -0.000000
vn -1.000000 -0.000000 -0.000000
vn -1.000000 -0.000000 -0.000000
vn -1.000000 -0.000000 -0.000000
vn -1.000000 -0.000000 -0.000000
vn -1.000000 -0.000000 -0.000000
vn -1.000000 -0.000000 -0.000000
vn -1.000000 -0.000000 -0.000000
vn -1.000000 -0.000000 -0.000000
vn -1.000000 -0.000000 -0.000000
vn -1.000000 -0.000000 -0.000000
vn -1.000000 -0.000000 -0.000000
vn -1.000000 -0.000000 -0.000000
vn -1.000000 -0.000000 -0.000000
vn -1.000000 -0.000000 -0.000000
vn -1.000000 -0.000000 -0.000000
vn -1.000000 -0.000000 -0.000000
vn -1.000000 -0.000000 -0.000000
vn -1.000000 -0.000000 -0.000000
vn -1.000000 -0.000000 -0.000000
vn -1.000000 -0.000000 -0.000000
vn -1.000000 -0.000000 -0.000000
vn -1.000000 -0.000000 -0.000000
vn -1.000000 -0.000000 -0.000000
vn -1.000000 -0.000000 -0.000000
vn -1.000000 -0.000000 -0.000000
vn -1.000000 -0.000000 -0.000000
vn -1.000000 -0.000000 -0.000000
vn -1.000000 -0.000000 -0.000000
vn -1.000000 -0.000000 -0.000000
vn -1.000000 -0.000000 -0.000000
vn -1.000000 -0.000000 -0.000000
vn -1.000000 -0.000000 -0.000000
vn -1.000000 -0.000000 -0.000000
vn -1.000000 -0.000000 -0.000000
vn -1.000000 -0.000000 -0.000000
vn -1.000000 -0.000000 -0.000000
vn -1.000000 -0.000000 -0.000000
vn -1.000000 -0.000000 -0.000000
vn -1.000000 -0.000000 -0.000000
vn -1.000000 -0.000000 -0.000000
vn -1.000000 -0.000000 -0.000000
vn -1.000000 -0.000000 -0.000000
vn -1.000000 -0.000000 -0.000000
vn -1.000000 -0.000000 -0.000000
vn -1.000000 -0.000000 -0.000000
vn -1.000000 -0.000000 -0.000000
vn -1.000000 -0.000000 -0.000000
vn -1.000000 -0.000000 -0.000000
vn -1.000000 -0.000000 -0.000000
vn -1.000000 -0.000000 -0.000000
vn -1.000000 -0.000000 -0.000000
vn -1.000000 -0.000000 -0.000000
vn -1.000000 -0.000000 -0.000000
vn -1.000000 -0.000000 -0.000000
vn -1.000000 -0.000000 -0.000000
vn -1.000000 -0.000000 -0.000000
vn -1.000000 -0.000000 -0.000000
vn -1.000000 -0.000000 -0.000000
vn -1.000000 -0.000000 -0.000000
vn -1.000000 -0.000000 -0.000000
vn -1.000000 -0.000000 -0.000000
vn -1.000000 -0.000000 -0.000000
vn -1.000000 -0.000000 -0.000000
vn -1.000000 -0.000000 -0.000000
vn -1.000000 -0.000000 -0.000000
vn -1.000000 -0.000000 -0.000000
vn -1.000000 -0.000000 -0.000000
vn -1.000000 -0.000000 -0.000000
vn -1.000000 -0.000000 -0.000000
vn -1.000000 -0.000000 -0.000000
f 1112/2504/2472 1113/2505/2473 1115/2506/2474
f 1115/2506/2474 1113/2505/2473 1114/2507/2475
f 1116/2508/2476 1112/2509/2477 1117/2510/2478
f 1117/2510/2478 1112/2509/2477 1115/2511/2479
f 1118/2512/2480 1116/2513/2481 1119/2514/2482
f 1119/2514/2482 1116/2513/2481 1117/2515/2483
f 1120/2516/2484 1118/2517/2485 1121/2518/2486
f 1121/2518/2486 1118/2517/2485 1119/2519/2487
f 1122/2520/2488 1120/2521/2489 1123/2522/2490
f 1123/2522/2490 1120/2521/2489 1121/2523/2491
f 1124/2524/2492 1122/2525/2493 1125/2526/2494
f 1125/2526/2494 1122/2525/2493 1123/2527/2495
f 1126/2528/2496 1124/2529/2497 1127/2530/2498
f 1127/2530/2498 1124/2529/2497 1125/2531/2499
f 1128/2532/2500 1126/2533/2501 1129/2534/2502
f 1129/2534/2502 1126/2533/2501 1127/2535/2503
f 1130/2536/2504 1128/2537/2505 1131/2538/2506
f 1131/2538/2506 1128/2537/2505 1129/2539/2507
f 1132/2540/2508 1130/2541/2509 1133/2542/2510
f 1133/2542/2510 1130/2541/2509 1131/2543/2511
f 1134/2544/2512 1132/2545/2513 1135/2546/2514
f 1135/2546/2514 1132/2545/2513 1133/2547/2515
f 1136/2548/2516 1134/2549/2517 1137/2550/2518
f 1137/2550/2518 1134/2549/2517 1135/2551/2519
f 1138/2552/2520 1136/2553/2521 1139/2554/2522
f 1139/2554/2522 1136/2553/2521 1137/2555/2523
f 1140/2556/2524 1138/2557/2525 1141/2558/2526
f 1141/2558/2526 1138/2557/2525 1139/2559/2527
f 1142/2560/2528 1140/2561/2529 1143/2562/2530
f 1143/2562/2530 1140/2561/2529 1141/2563/2531
f 1144/2564/2532 1142/2565/2533 1145/2566/2534
f 1145/2566/2534 1142/2565/2533 1143/2567/2535
f 1146/2568/2536 1144/2569/2537 1147/2570/2538
f 1147/2570/2538 1144/2569/2537 1145/2571/2539
f 1148/2572/2540 1146/2573/2541 1149/2574/2542
f 1149/2574/2542 1146/2573/2541 1147/2575/2543
f 1150/2576/2544 1148/2577/2545 1151/2578/2546
f 1151/2578/2546 1148/2577/2545 1149/2579/2547
f 1152/2580/2548 1150/2581/2549 1153/2582/2550
f 1153/2582/2550 1150/2581/2549 1151/2583/2551
f 1154/2584/2552 1152/2585/2553 1155/2586/2554
f 1155/2586/2554 1152/2585/2553 1153/2587/2555
f 1156/2588/2556 1154/2589/2557 1157/2590/2558
f 1157/2590/2558 1154/2589/2557 1155/2591/2559
f 1158/2592/2560 1156/2593/2561 1159/2594/2562
f 1159/2594/2562 1156/2593/2561 1157/2595/2563
f 1160/2596/2564 1158/2597/2565 1161/2598/2566
f 1161/2598/2566 1158/2597/2565 1159/2599/2567
f 1162/2600/2568 1160/2601/2569 1163/2602/2570
f 1163/2602/2570 1160/2601/2569 1161/2603/2571
f 1164/2604/2572 1162/2605/2573 1165/2606/2574
f 1165/2606/2574 1162/2605/2573 1163/2607/2575
f 1166/2608/2576 1164/2609/2577 1167/2610/2578
f 1167/2610/2578 1164/2609/2577 1165/2611/2579
f 1168/2612/2580 1166/2613/2581 1169/2614/2582
f 1169/2614/2582 1166/2613/2581 1167/2615/2583
f 1170/2616/2584 1168/2617/2585 1171/2618/2586
f 1171/2618/2586 1168/2617/2585 1169/2619/2587
f 1172/2620/2588 1170/2621/2589 1173/2622/2590
f 1173/2622/2590 1170/2621/2589 1171/2623/2591
f 1174/2624/2592 1172/2625/2593 1175/2626/2594
f 1175/2626/2594 1172/2625/2593 1173/2627/2595
f 1176/2628/2596 1174/2629/2597 1177/2630/2598
f 1177/2630/2598 1174/2629/2597 1175/2631/2599
f 1178/2632/2600 1176/2633/2601 1179/2634/2602
f 1179/2634/2602 1176/2633/2601 1177/2635/2603
f 1180/2636/2604 1178/2637/2605 1181/2638/2606
f 1181/2638/2606 1178/2637/2605 1179/2639/2607
f 1182/2640/2608 1180/2641/2609 1183/2642/2610
f 1183/2642/2610 1180/2641/2609 1181/2643/2611
f 1184/2644/2612 1182/2645/2613 1185/2646/2614
f 1185/2646/2614 1182/2645/2613 1183/2647/2615
f 1186/2648/2616 1184/2649/2617 1187/2650/2618
f 1187/2650/2618 1184/2649/2617 1185/2651/2619
f 1188/2652/2620 1186/2653/2621 1189/2654/2622
f 1189/2654/2622 1186/2653/2621 1187/2655/2623
f 1190/2656/2624 1188/2657/2625 1191/2658/2626
f 1191/2658/2626 1188/2657/2625 1189/2659/2627
f 1192/2660/2628 1190/2661/2629 1193/2662/2630
f 1193/2662/2630 1190/2661/2629 1191/2663/2631
f 1194/2664/2632 1192/2665/2633 1195/2666/2634
f 1195/2666/2634 1192/2665/2633 1193/2667/2635
f 1196/2668/2636 1194/2669/2637 1197/2670/2638
f 1197/2670/2638 1194/2669/2637 1195/2671/2639
f 1198/2672/2640 1196/2673/2641 1199/2674/2642
f 1199/2674/2642 1196/2673/2641 1197/2675/2643
f 1200/2676/2644 1198/2677/2645 1201/2678/2646
f 1201/2678/2646 1198/2677/2645 1199/2679/2647
f 1202/2680/2648 1200/2681/2649 1203/2682/2650
f 1203/2682/2650 1200/2681/2649 1201/2683/2651
f 1204/2684/2652 1202/2685/2653 1205/2686/2654
f 1205/2686/2654 1202/2685/2653 1203/2687/2655
f 1206/2688/2656 1204/2689/2657 1207/2690/2658
f 1207/2690/2658 1204/2689/2657 1205/2691/2659
f 1208/2692/2660 1206/2693/2661 1209/2694/2662
f 1209/2694/2662 1206/2693/2661 1207/2695/2663
f 1210/2696/2664 1208/2697/2665 1211/2698/2666
f 1211/2698/2666 1208/2697/2665 1209/2699/2667
f 1212/2700/2668 1210/2701/2669 1213/2702/2670
f 1213/2702/2670 1210/2701/2669 1211/2703/2671
f 1214/2704/2672 1212/2705/2673 1215/2706/2674
f 1215/2706/2674 1212/2705/2673 1213/2707/2675
f 1216/2708/2676 1214/2709/2677 1217/2710/2678
f 1217/2710/2678 1214/2709/2677 1215/2711/2679
f 1218/2712/2680 1216/2713/2681 1219/2714/2682
f 1219/2714/2682 1216/2713/2681 1217/2715/2683
f 1220/2716/2684 1218/2717/2685 1221/2718/2686
f 1221/2718/2686 1218/2717/2685 1219/2719/2687
f 1222/2720/2688 1220/2721/2689 1223/2722/2690
f 1223/2722/2690 1220/2721/2689 1221/2723/2691
f 1224/2724/2692 1222/2725/2693 1225/2726/2694
f 1225/2726/2694 1222/2725/2693 1223/2727/2695
f 1226/2728/2696 1224/2729/2697 1227/2730/2698
f 1227/2730/2698 1224/2729/2697 1225/2731/2699
f 1228/2732/2700 1226/2733/2701 1229/2734/2702
f 1229/2734/2702 1226/2733/2701 1227/2735/2703
f 1230/2736/2704 1228/2737/2705 1231/2738/2706
f 1231/2738/2706 1228/2737/2705 1229/2739/2707
f 1232/2740/2708 1230/2741/2709 1233/2742/2710
f 1233/2742/2710 1230/2741/2709 1231/2743/2711
f 1234/2744/2712 1232/2745/2713 1235/2746/2714
f 1235/2746/2714 1232/2745/2713 1233/2747/2715
f 1236/2748/2716 1234/2749/2717 1237/2750/2718
f 1237/2750/2718 1234/2749/2717 1235/2751/2719
f 1238/2752/2720 1236/2753/2721 1239/2754/2722
f 1239/2754/2722 1236/2753/2721 1237/2755/2723
f 1240/2756/2724 1238/2757/2725 1241/2758/2726
f 1241/2758/2726 1238/2757/2725 1239/2759/2727
f 1242/2760/2728 1240/2761/2729 1243/2762/2730
f 1243/2762/2730 1240/2761/2729 1241/2763/2731
f 1244/2764/2732 1242/2765/2733 1245/2766/2734
f 1245/2766/2734 1242/2765/2733 1243/2767/2735
f 1246/2768/2736 1244/2769/2737 1247/2770/2738
f 1247/2770/2738 1244/2769/2737 1245/2771/2739
f 1248/2772/2740 1246/2773/2741 1249/2774/2742
f 1249/2774/2742 1246/2773/2741 1247/2775/2743
f 1250/2776/2744 1248/2777/2745 1251/2778/2746
f 1251/2778/2746 1248/2777/2745 1249/2779/2747
f 1252/2780/2748 1250/2781/2749 1253/2782/2750
f 1253/2782/2750 1250/2781/2749 1251/2783/2751
f 1254/2784/2752 1252/2785/2753 1255/2786/2754
f 1255/2786/2754 1252/2785/2753 1253/2787/2755
f 1256/2788/2756 1254/2789/2757 1257/2790/2758
f 1257/2790/2758 1254/2789/2757 1255/2791/2759
f 1258/2792/2760 1256/2793/2761 1259/2794/2762
f 1259/2794/2762 1256/2793/2761 1257/2795/2763
f 1260/2796/2764 1258/2797/2765 1261/2798/2766
f 1261/2798/2766 1258/2797/2765 1259/2799/2767
f 1262/2800/2768 1260/2801/2769 1263/2802/2770
f 1263/2802/2770 1260/2801/2769 1261/2803/2771
f 1264/2804/2772 1262/2805/2773 1265/2806/2774
f 1265/2806/2774 1262/2805/2773 1263/2807/2775
f 1266/2808/2776 1264/2809/2777 1267/2810/2778
f 1267/2810/2778 1264/2809/2777 1265/2811/2779
f 1268/2812/2780 1266/2813/2781 1269/2814/2782
f 1269/2814/2782 1266/2813/2781 1267/2815/2783
f 1270/2816/2784 1268/2817/2785 1271/2818/2786
f 1271/2818/2786 1268/2817/2785 1269/2819/2787
f 1113/2820/2788 1270/2821/2789 1114/2822/2790
f 1114/2822/2790 1270/2821/2789 1271/2823/2791
f 1271/2824/2792 1273/2825/2793 1114/2826/2794
f 1114/2826/2794 1273/2825/2793 1274/2827/2795
f 1114/2826/2794 1274/2827/2795 1119/2828/2796
f 1119/2828/2796 1274/2827/2795 1275/2829/2797
f 1119/2828/2796 1275/2829/2797 1121/2830/2798
f 1121/2830/2798 1275/2829/2797 1127/2831/2799
f 1121/2830/2798 1127/2831/2799 1125/2832/2800
f 1269/2833/2801 1267/2834/2802 1271/2824/2792
f 1271/2824/2792 1267/2834/2802 1265/2835/2803
f 1271/2824/2792 1265/2835/2803 1273/2825/2793
f 1273/2825/2793 1265/2835/2803 1272/2836/2804
f 1273/2825/2793 1272/2836/2804 1277/2837/2805
f 1277/2837/2805 1272/2836/2804 1276/2838/2806
f 1277/2837/2805 1276/2838/2806 1281/2839/2807
f 1281/2839/2807 1276/2838/2806 1280/2840/2808
f 1281/2839/2807 1280/2840/2808 1197/2841/2809
f 1197/2841/2809 1280/2840/2808 1203/2842/2810
f 1197/2841/2809 1203/2842/2810 1199/2843/2811
f 1199/2843/2811 1203/2842/2810 1201/2844/2812
f 1265/2835/2803 1263/2845/2813 1272/2836/2804
f 1272/2836/2804 1263/2845/2813 1257/2846/2814
f 1272/2836/2804 1257/2846/2814 1249/2847/2815
f 1249/2847/2815 1257/2846/2814 1251/2848/2816
f 1251/2848/2816 1257/2846/2814 1255/2849/2817
f 1251/2848/2816 1255/2849/2817 1253/2850/2818
f 1261/2851/2819 1259/2852/2820 1263/2845/2813
f 1263/2845/2813 1259/2852/2820 1257/2846/2814
f 1249/2847/2815 1247/2853/2821 1272/2836/2804
f 1272/2836/2804 1247/2853/2821 1245/2854/2822
f 1272/2836/2804 1245/2854/2822 1239/2855/2823
f 1239/2855/2823 1245/2854/2822 1243/2856/2824
f 1239/2855/2823 1243/2856/2824 1241/2857/2825
f 1239/2855/2823 1237/2858/2826 1272/2836/2804
f 1272/2836/2804 1237/2858/2826 1276/2838/2806
f 1237/2858/2826 1235/2859/2827 1276/2838/2806
f 1276/2838/2806 1235/2859/2827 1233/2860/2828
f 1276/2838/2806 1233/2860/2828 1227/2861/2829
f 1227/2861/2829 1233/2860/2828 1231/2862/2830
f 1227/2861/2829 1231/2862/2830 1229/2863/2831
f 1227/2861/2829 1225/2864/2832 1276/2838/2806
f 1276/2838/2806 1225/2864/2832 1280/2840/2808
f 1225/2864/2832 1223/2865/2833 1280/2840/2808
f 1280/2840/2808 1223/2865/2833 1217/2866/2834
f 1280/2840/2808 1217/2866/2834 1215/2867/2835
f 1223/2865/2833 1221/2868/2836 1217/2866/2834
f 1217/2866/2834 1221/2868/2836 1219/2869/2837
f 1215/2867/2835 1213/2870/2838 1280/2840/2808
f 1280/2840/2808 1213/2870/2838 1205/2871/2839
f 1280/2840/2808 1205/2871/2839 1203/2842/2810
f 1211/2872/2840 1209/2873/2841 1213/2870/2838
f 1213/2870/2838 1209/2873/2841 1205/2871/2839
f 1209/2873/2841 1207/2874/2842 1205/2871/2839
f 1197/2841/2809 1195/2875/2843 1281/2839/2807
f 1281/2839/2807 1195/2875/2843 1189/2876/2844
f 1281/2839/2807 1189/2876/2844 1282/2877/2845
f 1282/2877/2845 1189/2876/2844 1187/2878/2846
f 1282/2877/2845 1187/2878/2846 1283/2879/2847
f 1283/2879/2847 1187/2878/2846 1181/2880/2848
f 1283/2879/2847 1181/2880/2848 1179/2881/2849
f 1193/2882/2850 1191/2883/2851 1195/2875/2843
f 1195/2875/2843 1191/2883/2851 1189/2876/2844
f 1185/2884/2852 1183/2885/2853 1187/2878/2846
f 1187/2878/2846 1183/2885/2853 1181/2880/2848
f 1177/2886/2854 1175/2887/2855 1179/2881/2849
f 1179/2881/2849 1175/2887/2855 1173/2888/2856
f 1179/2881/2849 1173/2888/2856 1171/2889/2857
f 1171/2889/2857 1169/2890/2858 1179/2881/2849
f 1179/2881/2849 1169/2890/2858 1283/2879/2847
f 1283/2879/2847 1169/2890/2858 1163/2891/2859
f 1163/2891/2859 1169/2890/2858 1167/2892/2860
f 1163/2891/2859 1167/2892/2860 1165/2893/2861
f 1163/2891/2859 1161/2894/2862 1283/2879/2847
f 1283/2879/2847 1161/2894/2862 1159/2895/2863
f 1283/2879/2847 1159/2895/2863 1279/2896/2864
f 1279/2896/2864 1159/2895/2863 1153/2897/2865
f 1279/2896/2864 1153/2897/2865 1151/2898/2866
f 1159/2895/2863 1157/2899/2867 1153/2897/2865
f 1153/2897/2865 1157/2899/2867 1155/2900/2868
f 1151/2898/2866 1149/2901/2869 1279/2896/2864
f 1279/2896/2864 1149/2901/2869 1147/2902/2870
f 1279/2896/2864 1147/2902/2870 1141/2903/2871
f 1141/2903/2871 1147/2902/2870 1145/2904/2872
f 1141/2903/2871 1145/2904/2872 1143/2905/2873
f 1279/2896/2864 1141/2903/2871 1275/2829/2797
f 1275/2829/2797 1141/2903/2871 1139/2906/2874
f 1275/2829/2797 1139/2906/2874 1137/2907/2875
f 1275/2829/2797 1137/2907/2875 1131/2908/2876
f 1131/2908/2876 1137/2907/2875 1135/2909/2877
f 1131/2908/2876 1135/2909/2877 1133/2910/2878
f 1129/2911/2879 1127/2831/2799 1131/2908/2876
f 1131/2908/2876 1127/2831/2799 1275/2829/2797
f 1125/2832/2800 1123/2912/2880 1121/2830/2798
f 1117/2913/2881 1115/2914/2882 1119/2828/2796
f 1119/2828/2796 1115/2914/2882 1114/2826/2794
f 1279/2896/2864 1275/2829/2797 1274/2827/2795
f 1274/2827/2795 1273/2825/2793 1278/2915/2883
f 1278/2915/2883 1273/2825/2793 1277/2837/2805
f 1278/2915/2883 1277/2837/2805 1282/2877/2845
f 1282/2877/2845 1277/2837/2805 1281/2839/2807
f 1283/2879/2847 1279/2896/2864 1278/2915/2883
f 1278/2915/2883 1279/2896/2864 1274/2827/2795
f 1283/2879/2847 1278/2915/2883 1282/2877/2845
f 1113/2916/2884 1286/2917/2885 1270/2918/2886
f 1270/2918/2886 1286/2917/2885 1264/2919/2887
f 1270/2918/2886 1264/2919/2887 1268/2920/2888
f 1268/2920/2888 1264/2919/2887 1266/2921/2889
f 1112/2922/2890 1118/2923/2891 1113/2916/2884
f 1113/2916/2884 1118/2923/2891 1285/2924/2892
f 1113/2916/2884 1285/2924/2892 1286/2917/2885
f 1286/2917/2885 1285/2924/2892 1290/2925/2893
f 1286/2917/2885 1290/2925/2893 1291/2926/2894
f 1291/2926/2894 1290/2925/2893 1295/2927/2895
f 1291/2926/2894 1295/2927/2895 1224/2928/2896
f 1224/2928/2896 1295/2927/2895 1222/2929/2897
f 1222/2929/2897 1295/2927/2895 1216/2930/2898
f 1222/2929/2897 1216/2930/2898 1220/2931/2899
f 1220/2931/2899 1216/2930/2898 1218/2932/2900
f 1112/2922/2890 1116/2933/2901 1118/2923/2891
f 1285/2924/2892 1118/2923/2891 1284/2934/2902
f 1284/2934/2902 1118/2923/2891 1120/2935/2903
f 1284/2934/2902 1120/2935/2903 1126/2936/2904
f 1126/2936/2904 1120/2935/2903 1124/2937/2905
f 1124/2937/2905 1120/2935/2903 1122/2938/2906
f 1128/2939/2907 1130/2940/2908 1126/2936/2904
f 1126/2936/2904 1130/2940/2908 1284/2934/2902
f 1284/2934/2902 1130/2940/2908 1136/2941/2909
f 1136/2941/2909 1130/2940/2908 1132/2942/2910
f 1136/2941/2909 1132/2942/2910 1134/2943/2911
f 1136/2941/2909 1138/2944/2912 1284/2934/2902
f 1284/2934/2902 1138/2944/2912 1140/2945/2913
f 1284/2934/2902 1140/2945/2913 1288/2946/2914
f 1288/2946/2914 1140/2945/2913 1146/2947/2915
f 1288/2946/2914 1146/2947/2915 1148/2948/2916
f 1140/2945/2913 1142/2949/2917 1146/2947/2915
f 1146/2947/2915 1142/2949/2917 1144/2950/2918
f 1148/2948/2916 1150/2951/2919 1288/2946/2914
f 1288/2946/2914 1150/2951/2919 1152/2952/2920
f 1288/2946/2914 1152/2952/2920 1158/2953/2921
f 1158/2953/2921 1152/2952/2920 1154/2954/2922
f 1158/2953/2921 1154/2954/2922 1156/2955/2923
f 1288/2946/2914 1158/2953/2921 1292/2956/2924
f 1292/2956/2924 1158/2953/2921 1160/2957/2925
f 1292/2956/2924 1160/2957/2925 1162/2958/2926
f 1164/2959/2927 1166/2960/2928 1162/2958/2926
f 1162/2958/2926 1166/2960/2928 1168/2961/2929
f 1162/2958/2926 1168/2961/2929 1292/2956/2924
f 1292/2956/2924 1168/2961/2929 1178/2962/2930
f 1292/2956/2924 1178/2962/2930 1180/2963/2931
f 1168/2961/2929 1170/2964/2932 1178/2962/2930
f 1178/2962/2930 1170/2964/2932 1172/2965/2933
f 1178/2962/2930 1172/2965/2933 1176/2966/2934
f 1176/2966/2934 1172/2965/2933 1174/2967/2935
f 1182/2968/2936 1184/2969/2937 1180/2963/2931
f 1180/2963/2931 1184/2969/2937 1186/2970/2938
f 1180/2963/2931 1186/2970/2938 1292/2956/2924
f 1292/2956/2924 1186/2970/2938 1293/2971/2939
f 1292/2956/2924 1293/2971/2939 1288/2946/2914
f 1288/2946/2914 1293/2971/2939 1289/2972/2940
f 1288/2946/2914 1289/2972/2940 1284/2934/2902
f 1284/2934/2902 1289/2972/2940 1285/2924/2892
f 1186/2970/2938 1188/2973/2941 1293/2971/2939
f 1293/2971/2939 1188/2973/2941 1294/2974/2942
f 1293/2971/2939 1294/2974/2942 1289/2972/2940
f 1289/2972/2940 1294/2974/2942 1290/2925/2893
f 1289/2972/2940 1290/2925/2893 1285/2924/2892
f 1190/2975/2943 1192/2976/2944 1188/2973/2941
f 1188/2973/2941 1192/2976/2944 1194/2977/2945
f 1188/2973/2941 1194/2977/2945 1294/2974/2942
f 1294/2974/2942 1194/2977/2945 1196/2978/2946
f 1294/2974/2942 1196/2978/2946 1295/2927/2895
f 1295/2927/2895 1196/2978/2946 1202/2979/2947
f 1295/2927/2895 1202/2979/2947 1204/2980/2948
f 1198/2981/2949 1200/2982/2950 1196/2978/2946
f 1196/2978/2946 1200/2982/2950 1202/2979/2947
f 1206/2983/2951 1208/2984/2952 1204/2980/2948
f 1204/2980/2948 1208/2984/2952 1212/2985/2953
f 1204/2980/2948 1212/2985/2953 1295/2927/2895
f 1295/2927/2895 1212/2985/2953 1214/2986/2954
f 1295/2927/2895 1214/2986/2954 1216/2930/2898
f 1208/2984/2952 1210/2987/2955 1212/2985/2953
f 1224/2928/2896 1226/2988/2956 1291/2926/2894
f 1291/2926/2894 1226/2988/2956 1232/2989/2957
f 1291/2926/2894 1232/2989/2957 1234/2990/2958
f 1228/2991/2959 1230/2992/2960 1226/2988/2956
f 1226/2988/2956 1230/2992/2960 1232/2989/2957
f 1234/2990/2958 1236/2993/2961 1291/2926/2894
f 1291/2926/2894 1236/2993/2961 1287/2994/2962
f 1291/2926/2894 1287/2994/2962 1286/2917/2885
f 1286/2917/2885 1287/2994/2962 1264/2919/2887
f 1236/2993/2961 1238/2995/2963 1287/2994/2962
f 1287/2994/2962 1238/2995/2963 1244/2996/2964
f 1287/2994/2962 1244/2996/2964 1246/2997/2965
f 1240/2998/2966 1242/2999/2967 1238/2995/2963
f 1238/2995/2963 1242/2999/2967 1244/2996/2964
f 1246/2997/2965 1248/3000/2968 1287/2994/2962
f 1287/2994/2962 1248/3000/2968 1256/3001/2969
f 1287/2994/2962 1256/3001/2969 1262/3002/2970
f 1262/3002/2970 1256/3001/2969 1258/3003/2971
f 1262/3002/2970 1258/3003/2971 1260/3004/2972
f 1248/3000/2968 1250/3005/2973 1256/3001/2969
f 1256/3001/2969 1250/3005/2973 1254/3006/2974
f 1254/3006/2974 1250/3005/2973 1252/3007/2975
f 1262/3002/2970 1264/2919/2887 1287/2994/2962
f 1295/2927/2895 1290/2925/2893 1294/2974/2942
g Body6

v -62.230000 64.580000 49.700000
v -64.480000 64.580000 49.700000
v -64.480000 64.580000 50.000000
v -62.230000 64.580000 50.000000
v -62.230000 64.900000 49.700000
v -62.230000 64.900000 50.000000
v -64.480000 64.900000 49.700000
v -64.480000 64.900000 50.000000
v -46.900000 49.200000 49.700000
v -47.220000 49.200000 49.700000
v -47.220000 49.200000 50.000000
v -46.900000 49.200000 50.000000
v -46.900000 53.100000 49.700000
v -46.900000 53.100000 50.000000
v -47.220000 53.100000 49.700000
v -47.220000 53.100000 50.000000
v -47.220000 41.200000 49.700000
v -47.220000 45.100000 49.700000
v -47.220000 45.100000 50.000000
v -47.220000 41.200000 50.000000
v -46.900000 41.200000 49.700000
v -46.900000 41.200000 50.000000
v -46.900000 45.100000 49.700000
v -46.900000 45.100000 50.000000
v -51.570000 64.900000 49.700000
v -49.320000 64.900000 49.700000
v -49.320000 64.900000 50.000000
v -51.570000 64.900000 50.000000
v -51.570000 64.580000 49.700000
v -51.570000 64.580000 50.000000
v -49.320000 64.580000 49.700000
v -49.320000 64.580000 50.000000
v -51.570000 29.720000 49.700000
v -49.320000 29.720000 49.700000
v -49.320000 29.720000 50.000000
v -51.570000 29.720000 50.000000
v -51.570000 29.400000 49.700000
v -51.570000 29.400000 50.000000
v -49.320000 29.400000 49.700000
v -49.320000 29.400000 50.000000
v -55.770000 29.720000 49.700000
v -53.670000 29.720000 49.700000
v -53.670000 29.720000 50.000000
v -55.770000 29.720000 50.000000
v -55.770000 29.399975 49.700000
v -55.770000 29.399975 50.000000
v -53.670000 29.400000 49.700000
v -53.670000 29.400000 50.000000
v -46.900000 33.300000 49.700000
v -47.220000 33.300000 49.700000
v -47.220000 33.300000 50.000000
v -46.900000 33.300000 50.000000
v -46.900000 37.300000 49.700000
v -46.900000 37.300000 50.000000
v -47.220000 37.300000 49.700000
v -47.220000 37.300000 50.000000
v -60.130000 29.720000 49.700000
v -58.030000 29.720000 49.700000
v -58.030000 29.720000 50.000000
v -60.130000 29.720000 50.000000
v -60.130000 29.400000 49.700000
v -60.130000 29.400000 50.000000
v -58.030000 29.400000 49.700000
v -58.030000 29.400000 50.000000
v -66.580000 33.300000 49.700000
v -66.900000 33.300000 49.700000
v -66.900000 33.300000 50.000000
v -66.580000 33.300000 50.000000
v -66.580000 37.300000 49.700000
v -66.580000 37.300000 50.000000
v -66.900000 37.300000 49.700000
v -66.900000 37.300000 50.000000
v -66.580000 49.200000 49.700000
v -66.899998 49.200000 49.700000
v -66.899998 49.200000 50.000000
v -66.580000 49.200000 50.000000
v -66.580000 53.100000 49.700000
v -66.580000 53.100000 50.000000
v -66.899998 53.100000 49.700000
v -66.899998 53.100000 50.000000
v -66.899998 41.200000 49.700000
v -66.899998 45.100000 49.700000
v -66.899998 45.100000 50.000000
v -66.899998 41.200000 50.000000
v -66.580000 41.200000 49.700000
v -66.580000 41.200000 50.000000
v -66.580000 45.100000 49.700000
v -66.580000 45.100000 50.000000
v -66.900000 57.000000 49.700000
v -66.900000 61.000000 49.700000
v -66.900000 61.000000 50.000000
v -66.900000 57.000000 50.000000
v -66.580000 57.000000 49.700000
v -66.580000 57.000000 50.000000
v -66.580000 61.000000 49.700000
v -66.580000 61.000000 50.000000
v -64.480000 29.720000 49.700000
v -62.230000 29.720000 49.700000
v -62.230000 29.720000 50.000000
v -64.480000 29.720000 50.000000
v -64.480000 29.400000 49.700000
v -64.480000 29.400000 50.000000
v -62.230000 29.400000 49.700000
v -62.230000 29.400000 50.000000
v -47.220000 57.000000 49.700000
v -47.220000 61.000000 49.700000
v -47.220000 61.000000 50.000000
v -47.220000 57.000000 50.000000
v -46.900000 57.000000 49.700000
v -46.900000 57.000000 50.000000
v -46.900000 61.000000 49.700000
v -46.900000 61.000000 50.000000
v -53.670000 64.580000 49.700000
v -55.770000 64.580000 49.700000
v -55.770000 64.580000 50.000000
v -53.670000 64.580000 50.000000
v -53.670000 64.900000 49.700000
v -53.670000 64.900000 50.000000
v -55.770000 64.899975 49.700000
v -55.770000 64.899975 50.000000
v -58.030000 64.900000 49.700000
v -58.030000 64.580000 49.700000
v -58.030000 64.580000 50.000000
v -58.030000 64.900000 50.000000
v -60.130000 64.900000 49.700000
v -60.130000 64.900000 50.000000
v -60.130000 64.580000 49.700000
v -60.130000 64.580000 50.000000
v -46.400000 65.400000 49.700000
v -56.900000 65.400000 49.700000
v -67.400000 65.400000 49.700000
v -67.400000 65.400000 50.000000
v -56.900000 65.400000 50.000000
v -46.400000 65.400000 50.000000
v -46.400000 28.900000 49.700000
v -46.400000 38.025000 49.700000
v -46.400000 47.150000 49.700000
v -46.400000 56.275000 49.700000
v -46.400000 56.275000 50.000000
v -46.400000 47.150000 50.000000
v -46.400000 38.025000 50.000000
v -46.400000 28.900000 50.000000
v -67.400000 28.900000 49.700000
v -56.900000 28.900000 49.700000
v -56.900000 28.900000 50.000000
v -67.400000 28.900000 50.000000
v -67.400000 56.275000 49.700000
v -67.400000 47.150000 49.700000
v -67.400000 38.025000 49.700000
v -67.400000 38.025000 50.000000
v -67.400000 47.150000 50.000000
v -67.400000 56.275000 50.000000
v -56.900000 57.000000 50.000000
v -56.900000 56.275000 50.000000
v -56.900000 64.580000 50.000000
v -56.900000 29.399979 50.000000
v -56.900000 38.025000 50.000000
v -56.900000 33.300000 50.000000
v -56.900000 41.200000 50.000000
v -56.900000 47.150000 50.000000
v -56.900000 49.200000 50.000000
v -56.900000 57.000000 49.700000
v -56.900000 56.275000 49.700000
v -56.900000 64.580000 49.700000
v -56.900000 29.399988 49.700000
v -56.900000 38.025000 49.700000
v -56.900000 33.300000 49.700000
v -56.900000 41.200000 49.700000
v -56.900000 47.150000 49.700000
v -56.900000 49.200000 49.700000
vt 0.000000 0.000000 0.000000
vt 2.250000 0.000000 0.000000
vt 0.000000 0.300000 0.000000
vt 2.250000 0.300000 0.000000
vt 0.000000 0.000000 0.000000
vt 0.320000 0.000000 0.000000
vt 0.000000 0.300000 0.000000
vt 0.320000 0.300000 0.000000
vt 0.000000 0.000000 0.000000
vt 2.250000 0.000000 0.000000
vt 0.000000 0.300000 0.000000
vt 2.250000 0.300000 0.000000
vt 0.000000 0.000000 0.000000
vt 0.320000 0.000000 0.000000
vt 0.000000 0.300000 0.000000
vt 0.320000 0.300000 0.000000
vt -0.000000 0.000000 0.000000
vt 0.320000 0.000000 0.000000
vt -0.000000 0.300000 0.000000
vt 0.320000 0.300000 0.000000
vt -0.000000 0.000000 0.000000
vt 3.900000 0.000000 0.000000
vt -0.000000 0.300000 0.000000
vt 3.900000 0.300000 0.000000
vt 0.000000 0.000000 0.000000
vt 0.320000 0.000000 0.000000
vt 0.000000 0.300000 0.000000
vt 0.320000 0.300000 0.000000
vt 0.000000 0.000000 0.000000
vt 3.900000 0.000000 0.000000
vt 0.000000 0.300000 0.000000
vt 3.900000 0.300000 0.000000
vt 0.000000 0.000000 0.000000
vt 3.900000 0.000000 0.000000
vt 0.000000 0.300000 0.000000
vt 3.900000 0.300000 0.000000
vt 0.000000 0.000000 0.000000
vt 0.320000 0.000000 0.000000
vt 0.000000 0.300000 0.000000
vt 0.320000 0.300000 0.000000
vt 0.000000 0.000000 0.000000
vt 3.900000 0.000000 0.000000
vt 0.000000 0.300000 0.000000
vt 3.900000 0.300000 0.000000
vt 0.000000 0.000000 0.000000
vt 0.320000 0.000000 0.000000
vt 0.000000 0.300000 0.000000
vt 0.320000 0.300000 0.000000
vt 0.000000 0.000000 0.000000
vt 2.250000 0.000000 0.000000
vt 0.000000 0.300000 0.000000
vt 2.250000 0.300000 0.000000
vt 0.000000 0.000000 0.000000
vt 0.320000 0.000000 0.000000
vt 0.000000 0.300000 0.000000
vt 0.320000 0.300000 0.000000
vt 0.000000 0.000000 0.000000
vt 2.250000 0.000000 0.000000
vt 0.000000 0.300000 0.000000
vt 2.250000 0.300000 0.000000
vt 0.000000 0.000000 0.000000
vt 0.320000 0.000000 0.000000
vt 0.000000 0.300000 0.000000
vt 0.320000 0.300000 0.000000
vt 0.000000 0.000000 0.000000
vt 2.250000 0.000000 0.000000
vt 0.000000 0.300000 0.000000
vt 2.250000 0.300000 0.000000
vt 0.000000 0.000000 0.000000
vt 0.320000 0.000000 0.000000
vt 0.000000 0.300000 0.000000
vt 0.320000 0.300000 0.000000
vt 0.000000 0.000000 0.000000
vt 2.250000 0.000000 0.000000
vt 0.000000 0.300000 0.000000
vt 2.250000 0.300000 0.000000
vt 0.000000 0.000000 0.000000
vt 0.320000 0.000000 0.000000
vt 0.000000 0.300000 0.000000
vt 0.320000 0.300000 0.000000
vt 0.000000 0.000000 0.000000
vt 2.100000 0.000000 0.000000
vt 0.000000 0.300000 0.000000
vt 2.100000 0.300000 0.000000
vt 0.000000 0.000000 0.000000
vt 0.320025 0.000000 0.000000
vt 0.000000 0.300000 0.000000
vt 0.320025 0.300000 0.000000
vt 0.000000 0.000000 0.000000
vt 2.100000 0.000000 0.000000
vt 0.000000 0.300000 0.000000
vt 2.100000 0.300000 0.000000
vt 0.000000 0.000000 0.000000
vt 0.320000 0.000000 0.000000
vt 0.000000 0.300000 0.000000
vt 0.320000 0.300000 0.000000
vt -0.000000 0.000000 0.000000
vt 0.320000 0.000000 0.000000
vt -0.000000 0.300000 0.000000
vt 0.320000 0.300000 0.000000
vt -0.000000 0.000000 0.000000
vt 4.000000 0.000000 0.000000
vt -0.000000 0.300000 0.000000
vt 4.000000 0.300000 0.000000
vt 0.000000 0.000000 0.000000
vt 0.320000 0.000000 0.000000
vt 0.000000 0.300000 0.000000
vt 0.320000 0.300000 0.000000
vt 0.000000 0.000000 0.000000
vt 4.000000 0.000000 0.000000
vt 0.000000 0.300000 0.000000
vt 4.000000 0.300000 0.000000
vt 0.000000 0.000000 0.000000
vt 2.100000 0.000000 0.000000
vt 0.000000 0.300000 0.000000
vt 2.100000 0.300000 0.000000
vt 0.000000 0.000000 0.000000
vt 0.320000 0.000000 0.000000
vt 0.000000 0.300000 0.000000
vt 0.320000 0.300000 0.000000
vt 0.000000 0.000000 0.000000
vt 2.100000 0.000000 0.000000
vt 0.000000 0.300000 0.000000
vt 2.100000 0.300000 0.000000
vt 0.000000 0.000000 0.000000
vt 0.320000 0.000000 0.000000
vt 0.000000 0.300000 0.000000
vt 0.320000 0.300000 0.000000
vt -0.000000 0.000000 0.000000
vt 0.320000 0.000000 0.000000
vt -0.000000 0.300000 0.000000
vt 0.320000 0.300000 0.000000
vt -0.000000 0.000000 0.000000
vt 4.000000 0.000000 0.000000
vt -0.000000 0.300000 0.000000
vt 4.000000 0.300000 0.000000
vt 0.000000 0.000000 0.000000
vt 0.320000 0.000000 0.000000
vt 0.000000 0.300000 0.000000
vt 0.320000 0.300000 0.000000
vt 0.000000 0.000000 0.000000
vt 4.000000 0.000000 0.000000
vt 0.000000 0.300000 0.000000
vt 4.000000 0.300000 0.000000
vt -0.000000 0.000000 0.000000
vt 0.319998 0.000000 0.000000
vt -0.000000 0.300000 0.000000
vt 0.319998 0.300000 0.000000
vt -0.000000 0.000000 0.000000
vt 3.900000 0.000000 0.000000
vt -0.000000 0.300000 0.000000
vt 3.900000 0.300000 0.000000
vt 0.000000 0.000000 0.000000
vt 0.319998 0.000000 0.000000
vt 0.000000 0.300000 0.000000
vt 0.319998 0.300000 0.000000
vt 0.000000 0.000000 0.000000
vt 3.900000 0.000000 0.000000
vt 0.000000 0.300000 0.000000
vt 3.900000 0.300000 0.000000
vt 0.000000 0.000000 0.000000
vt 3.900000 0.000000 0.000000
vt 0.000000 0.300000 0.000000
vt 3.900000 0.300000 0.000000
vt 0.000000 0.000000 0.000000
vt 0.319998 0.000000 0.000000
vt 0.000000 0.300000 0.000000
vt 0.319998 0.300000 0.000000
vt 0.000000 0.000000 0.000000
vt 3.900000 0.000000 0.000000
vt 0.000000 0.300000 0.000000
vt 3.900000 0.300000 0.000000
vt 0.000000 0.000000 0.000000
vt 0.319998 0.000000 0.000000
vt 0.000000 0.300000 0.000000
vt 0.319998 0.300000 0.000000
vt 0.000000 0.000000 0.000000
vt 4.000000 0.000000 0.000000
vt 0.000000 0.300000 0.000000
vt 4.000000 0.300000 0.000000
vt 0.000000 0.000000 0.000000
vt 0.320000 0.000000 0.000000
vt 0.000000 0.300000 0.000000
vt 0.320000 0.300000 0.000000
vt 0.000000 0.000000 0.000000
vt 4.000000 0.000000 0.000000
vt 0.000000 0.300000 0.000000
vt 4.000000 0.300000 0.000000
vt 0.000000 0.000000 0.000000
vt 0.320000 0.000000 0.000000
vt 0.000000 0.300000 0.000000
vt 0.320000 0.300000 0.000000
vt 0.000000 0.000000 0.000000
vt 2.250000 0.000000 0.000000
vt 0.000000 0.300000 0.000000
vt 2.250000 0.300000 0.000000
vt 0.000000 0.000000 0.000000
vt 0.320000 0.000000 0.000000
vt 0.000000 0.300000 0.000000
vt 0.320000 0.300000 0.000000
vt 0.000000 0.000000 0.000000
vt 2.250000 0.000000 0.000000
vt 0.000000 0.300000 0.000000
vt 2.250000 0.300000 0.000000
vt 0.000000 0.000000 0.000000
vt 0.320000 0.000000 0.000000
vt 0.000000 0.300000 0.000000
vt 0.320000 0.300000 0.000000
vt 0.000000 0.000000 0.000000
vt 4.000000 0.000000 0.000000
vt 0.000000 0.300000 0.000000
vt 4.000000 0.300000 0.000000
vt 0.000000 0.000000 0.000000
vt 0.320000 0.000000 0.000000
vt 0.000000 0.300000 0.000000
vt 0.320000 0.300000 0.000000
vt 0.000000 0.000000 0.000000
vt 4.000000 0.000000 0.000000
vt 0.000000 0.300000 0.000000
vt 4.000000 0.300000 0.000000
vt 0.000000 0.000000 0.000000
vt 0.320000 0.000000 0.000000
vt 0.000000 0.300000 0.000000
vt 0.320000 0.300000 0.000000
vt -0.000000 0.000000 0.000000
vt 2.100000 0.000000 0.000000
vt -0.000000 0.300000 0.000000
vt 2.100000 0.300000 0.000000
vt 0.000000 0.000000 0.000000
vt 0.320000 0.000000 0.000000
vt 0.000000 0.300000 0.000000
vt 0.320000 0.300000 0.000000
vt 0.000000 0.000000 0.000000
vt 2.100000 0.000000 0.000000
vt 0.000000 0.300000 0.000000
vt 2.100000 0.300000 0.000000
vt 0.000000 0.000000 0.000000
vt 0.319975 0.000000 0.000000
vt 0.000000 0.300000 0.000000
vt 0.319975 0.300000 0.000000
vt 0.000000 0.000000 0.000000
vt 0.320000 0.000000 0.000000
vt 0.000000 0.300000 0.000000
vt 0.320000 0.300000 0.000000
vt 0.000000 0.000000 0.000000
vt 2.100000 0.000000 0.000000
vt 0.000000 0.300000 0.000000
vt 2.100000 0.300000 0.000000
vt 0.000000 0.000000 0.000000
vt 0.320000 0.000000 0.000000
vt 0.000000 0.300000 0.000000
vt 0.320000 0.300000 0.000000
vt -0.000000 0.000000 0.000000
vt 2.100000 0.000000 0.000000
vt -0.000000 0.300000 0.000000
vt 2.100000 0.300000 0.000000
vt 0.000000 0.000000 0.000000
vt 10.500000 0.000000 0.000000
vt 0.000000 0.300000 0.000000
vt 10.500000 0.300000 0.000000
vt 21.000000 0.000000 0.000000
vt 21.000000 0.300000 0.000000
vt 0.000000 0.000000 0.000000
vt 9.125000 0.000000 0.000000
vt -0.000000 0.300000 0.000000
vt 9.125000 0.300000 0.000000
vt 18.250000 0.000000 0.000000
vt 18.250000 0.300000 0.000000
vt 27.375000 0.000000 0.000000
vt 27.375000 0.300000 0.000000
vt 36.500000 0.000000 0.000000
vt 36.500000 0.300000 0.000000
vt 0.000000 0.000000 0.000000
vt 10.500000 0.000000 0.000000
vt 0.000000 0.300000 0.000000
vt 10.500000 0.300000 0.000000
vt 21.000000 0.000000 0.000000
vt 21.000000 0.300000 0.000000
vt 0.000000 0.000000 0.000000
vt 9.125000 0.000000 0.000000
vt 0.000000 0.300000 0.000000
vt 9.125000 0.300000 0.000000
vt 18.250000 0.000000 0.000000
vt 18.250000 0.300000 0.000000
vt 27.375000 0.000000 0.000000
vt 27.375000 0.300000 0.000000
vt 36.500000 0.000000 0.000000
vt 36.500000 0.300000 0.000000
vt -3.230000 17.430000 0.000000
vt 0.000000 9.850000 0.000000
vt -1.130000 17.430000 0.000000
vt 0.000000 17.430000 0.000000
vt -1.130000 17.750000 0.000000
vt 0.000000 18.250000 0.000000
vt -3.230000 17.750000 0.000000
vt -5.330000 17.750000 0.000000
vt -5.330000 17.430000 0.000000
vt -9.680000 13.850000 0.000000
vt -9.680000 9.850000 0.000000
vt 1.130000 17.749975 0.000000
vt 1.130000 17.430000 0.000000
vt 3.230000 17.430000 0.000000
vt 5.330000 17.430000 0.000000
vt 3.230000 17.750000 0.000000
vt 5.330000 17.750000 0.000000
vt 10.500000 18.250000 0.000000
vt 7.580000 17.750000 0.000000
vt 7.580000 17.430000 0.000000
vt 10.000000 13.850000 0.000000
vt 9.680000 13.850000 0.000000
vt 10.500000 9.125000 0.000000
vt 10.000000 9.850000 0.000000
vt 9.680000 9.850000 0.000000
vt 0.000000 9.125000 0.000000
vt 9.680000 5.950000 0.000000
vt 10.000000 5.950000 0.000000
vt -5.330000 -17.750000 0.000000
vt -3.230000 -17.750000 0.000000
vt -5.330000 -17.430000 0.000000
vt -3.230000 -17.430000 0.000000
vt 0.000000 -13.850000 0.000000
vt -1.130000 -17.430000 0.000000
vt 0.000000 -17.750021 0.000000
vt -1.130000 -17.750000 0.000000
vt 0.000000 -18.250000 0.000000
vt -10.500000 -18.250000 0.000000
vt -7.580000 -17.750000 0.000000
vt -7.580000 -17.430000 0.000000
vt -9.680000 -13.850000 0.000000
vt -10.500000 18.250000 0.000000
vt -10.000000 13.850000 0.000000
vt -10.500000 9.125000 0.000000
vt -10.000000 9.850000 0.000000
vt -9.999998 -5.950000 0.000000
vt -9.999998 -2.050000 0.000000
vt -10.500000 0.000000 0.000000
vt -9.680000 -2.050000 0.000000
vt 0.000000 0.000000 0.000000
vt 0.000000 -5.950000 0.000000
vt 9.680000 -2.050000 0.000000
vt 9.680000 -5.950000 0.000000
vt 0.000000 -9.125000 0.000000
vt 10.500000 -9.125000 0.000000
vt 9.680000 -9.850000 0.000000
vt 10.000000 -9.850000 0.000000
vt -9.680000 -5.950000 0.000000
vt -10.500000 -9.125000 0.000000
vt -9.680000 2.050000 0.000000
vt -9.999998 2.050000 0.000000
vt -9.999998 5.950000 0.000000
vt -9.680000 5.950000 0.000000
vt 0.000000 2.050000 0.000000
vt 9.680000 2.050000 0.000000
vt 10.500000 0.000000 0.000000
vt 10.000000 -2.050000 0.000000
vt -10.000000 -9.850000 0.000000
vt -10.000000 -13.850000 0.000000
vt -9.680000 -9.850000 0.000000
vt 9.680000 -13.850000 0.000000
vt 5.330000 -17.430000 0.000000
vt 7.580000 -17.430000 0.000000
vt 10.000000 -13.850000 0.000000
vt 10.500000 -18.250000 0.000000
vt 3.230000 -17.750000 0.000000
vt 5.330000 -17.750000 0.000000
vt 3.230000 -17.430000 0.000000
vt 1.130000 -17.750025 0.000000
vt 1.130000 -17.430000 0.000000
vt 7.580000 -17.750000 0.000000
vt 10.000000 -5.950000 0.000000
vt 10.000000 2.050000 0.000000
vt -7.580000 17.750000 0.000000
vt -7.580000 17.430000 0.000000
vt 1.130000 17.430000 0.000000
vt 0.000000 9.850000 0.000000
vt 3.230000 17.430000 0.000000
vt 5.330000 17.430000 0.000000
vt 3.230000 17.750000 0.000000
vt 5.330000 17.750000 0.000000
vt -0.000000 18.250000 0.000000
vt 10.500000 18.250000 0.000000
vt 7.580000 17.750000 0.000000
vt 7.580000 17.430000 0.000000
vt 0.000000 17.430000 0.000000
vt 1.130000 17.750000 0.000000
vt -1.130000 17.430000 0.000000
vt -1.130000 17.749975 0.000000
vt -3.230000 17.750000 0.000000
vt -5.330000 17.750000 0.000000
vt -3.230000 17.430000 0.000000
vt -5.330000 17.430000 0.000000
vt -9.680000 13.850000 0.000000
vt -9.680000 9.850000 0.000000
vt -10.500000 18.250000 0.000000
vt -10.000000 13.850000 0.000000
vt -10.500000 9.125000 0.000000
vt -10.000000 9.850000 0.000000
vt 0.000000 9.125000 0.000000
vt 9.680000 9.850000 0.000000
vt 9.680000 13.850000 0.000000
vt 5.330000 -17.430000 0.000000
vt 3.230000 -17.430000 0.000000
vt 5.330000 -17.750000 0.000000
vt 3.230000 -17.750000 0.000000
vt -0.000000 -18.250000 0.000000
vt 1.130000 -17.750000 0.000000
vt 0.000000 -17.750012 0.000000
vt 1.130000 -17.430000 0.000000
vt 0.000000 -13.850000 0.000000
vt 9.680000 -13.850000 0.000000
vt 7.580000 -17.430000 0.000000
vt 10.500000 -18.250000 0.000000
vt 7.580000 -17.750000 0.000000
vt 10.000000 13.850000 0.000000
vt 10.500000 9.125000 0.000000
vt 10.000000 9.850000 0.000000
vt 9.999998 -2.050000 0.000000
vt 10.500000 0.000000 0.000000
vt 9.680000 -2.050000 0.000000
vt 0.000000 0.000000 0.000000
vt 0.000000 -5.950000 0.000000
vt -9.680000 -2.050000 0.000000
vt -9.680000 -5.950000 0.000000
vt 9.999998 -5.950000 0.000000
vt 10.500000 -9.125000 0.000000
vt 9.680000 -5.950000 0.000000
vt 0.000000 -9.125000 0.000000
vt 9.999998 2.050000 0.000000
vt 9.999998 5.950000 0.000000
vt 9.680000 5.950000 0.000000
vt 0.000000 2.050000 0.000000
vt -9.680000 5.950000 0.000000
vt -9.680000 2.050000 0.000000
vt 9.680000 2.050000 0.000000
vt 9.680000 -9.850000 0.000000
vt 10.000000 -9.850000 0.000000
vt 10.000000 -13.850000 0.000000
vt -9.680000 -9.850000 0.000000
vt -10.500000 -9.125000 0.000000
vt -10.000000 -9.850000 0.000000
vt -10.000000 -13.850000 0.000000
vt -10.500000 -18.250000 0.000000
vt -9.680000 -13.850000 0.000000
vt -7.580000 -17.430000 0.000000
vt -5.330000 -17.430000 0.000000
vt -3.230000 -17.430000 0.000000
vt -3.230000 -17.750000 0.000000
vt -5.330000 -17.750000 0.000000
vt -7.580000 -17.750000 0.000000
vt -1.130000 -17.430000 0.000000
vt -1.130000 -17.750025 0.000000
vt -7.580000 17.750000 0.000000
vt -7.580000 17.430000 0.000000
vt -10.000000 -5.950000 0.000000
vt -10.000000 -2.050000 0.000000
vt -10.500000 0.000000 0.000000
vt -10.000000 2.050000 0.000000
vt -10.000000 5.950000 0.000000
vn 0.000000 1.000000 0.000000
vn 0.000000 1.000000 0.000000
vn 0.000000 1.000000 0.000000
vn 0.000000 1.000000 0.000000
vn -1.000000 0.000000 0.000000
vn -1.000000 0.000000 0.000000
vn -1.000000 0.000000 0.000000
vn -1.000000 0.000000 0.000000
vn 0.000000 -1.000000 0.000000
vn 0.000000 -1.000000 0.000000
vn 0.000000 -1.000000 0.000000
vn 0.000000 -1.000000 0.000000
vn 1.000000 0.000000 0.000000
vn 1.000000 0.000000 0.000000
vn 1.000000 0.000000 0.000000
vn 1.000000 0.000000 0.000000
vn 0.000000 1.000000 0.000000
vn 0.000000 1.000000 0.000000
vn 0.000000 1.000000 0.000000
vn 0.000000 1.000000 0.000000
vn -1.000000 0.000000 0.000000
vn -1.000000 0.000000 0.000000
vn -1.000000 0.000000 0.000000
vn -1.000000 0.000000 0.000000
vn 0.000000 -1.000000 0.000000
vn 0.000000 -1.000000 0.000000
vn 0.000000 -1.000000 0.000000
vn 0.000000 -1.000000 0.000000
vn 1.000000 0.000000 0.000000
vn 1.000000 0.000000 0.000000
vn 1.000000 0.000000 0.000000
vn 1.000000 0.000000 0.000000
vn 1.000000 0.000000 0.000000
vn 1.000000 0.000000 0.000000
vn 1.000000 0.000000 0.000000
vn 1.000000 0.000000 0.000000
vn 0.000000 1.000000 0.000000
vn 0.000000 1.000000 0.000000
vn 0.000000 1.000000 0.000000
vn 0.000000 1.000000 0.000000
vn -1.000000 -0.000000 0.000000
vn -1.000000 -0.000000 0.000000
vn -1.000000 -0.000000 0.000000
vn -1.000000 -0.000000 0.000000
vn 0.000000 -1.000000 0.000000
vn 0.000000 -1.000000 0.000000
vn 0.000000 -1.000000 0.000000
vn 0.000000 -1.000000 0.000000
vn 0.000000 -1.000000 0.000000
vn 0.000000 -1.000000 0.000000
vn 0.000000 -1.000000 0.000000
vn 0.000000 -1.000000 0.000000
vn 1.000000 0.000000 0.000000
vn 1.000000 0.000000 0.000000
vn 1.000000 0.000000 0.000000
vn 1.000000 0.000000 0.000000
vn 0.000000 1.000000 0.000000
vn 0.000000 1.000000 0.000000
vn 0.000000 1.000000 0.000000
vn 0.000000 1.000000 0.000000
vn -1.000000 0.000000 0.000000
vn -1.000000 0.000000 0.000000
vn -1.000000 0.000000 0.000000
vn -1.000000 0.000000 0.000000
vn 0.000000 -1.000000 0.000000
vn 0.000000 -1.000000 0.000000
vn 0.000000 -1.000000 0.000000
vn 0.000000 -1.000000 0.000000
vn 1.000000 0.000000 0.000000
vn 1.000000 0.000000 0.000000
vn 1.000000 0.000000 0.000000
vn 1.000000 0.000000 0.000000
vn 0.000000 1.000000 0.000000
vn 0.000000 1.000000 0.000000
vn 0.000000 1.000000 0.000000
vn 0.000000 1.000000 0.000000
vn -1.000000 0.000000 0.000000
vn -1.000000 0.000000 0.000000
vn -1.000000 0.000000 0.000000
vn -1.000000 0.000000 0.000000
vn 0.000000 -1.000000 0.000000
vn 0.000000 -1.000000 0.000000
vn 0.000000 -1.000000 0.000000
vn 0.000000 -1.000000 0.000000
vn 1.000000 0.000000 0.000000
vn 1.000000 0.000000 0.000000
vn 1.000000 0.000000 0.000000
vn 1.000000 0.000000 0.000000
vn -0.000012 1.000000 0.000000
vn -0.000012 1.000000 0.000000
vn -0.000012 1.000000 0.000000
vn -0.000012 1.000000 0.000000
vn -1.000000 0.000000 0.000000
vn -1.000000 0.000000 0.000000
vn -1.000000 0.000000 0.000000
vn -1.000000 0.000000 0.000000
vn -0.000000 1.000000 0.000000
vn -0.000000 1.000000 0.000000
vn -0.000000 1.000000 0.000000
vn -0.000000 1.000000 0.000000
vn -1.000000 0.000000 0.000000
vn -1.000000 0.000000 0.000000
vn -1.000000 0.000000 0.000000
vn -1.000000 0.000000 0.000000
vn 0.000000 -1.000000 0.000000
vn 0.000000 -1.000000 0.000000
vn 0.000000 -1.000000 0.000000
vn 0.000000 -1.000000 0.000000
vn 1.000000 0.000000 0.000000
vn 1.000000 0.000000 0.000000
vn 1.000000 0.000000 0.000000
vn 1.000000 0.000000 0.000000
vn 0.000000 -1.000000 0.000000
vn 0.000000 -1.000000 0.000000
vn 0.000000 -1.000000 0.000000
vn 0.000000 -1.000000 0.000000
vn 1.000000 0.000000 0.000000
vn 1.000000 0.000000 0.000000
vn 1.000000 0.000000 0.000000
vn 1.000000 0.000000 0.000000
vn 0.000000 1.000000 0.000000
vn 0.000000 1.000000 0.000000
vn 0.000000 1.000000 0.000000
vn 0.000000 1.000000 0.000000
vn -1.000000 0.000000 0.000000
vn -1.000000 0.000000 0.000000
vn -1.000000 0.000000 0.000000
vn -1.000000 0.000000 0.000000
vn -0.000000 1.000000 0.000000
vn -0.000000 1.000000 0.000000
vn -0.000000 1.000000 0.000000
vn -0.000000 1.000000 0.000000
vn -1.000000 0.000000 0.000000
vn -1.000000 0.000000 0.000000
vn -1.000000 0.000000 0.000000
vn -1.000000 0.000000 0.000000
vn 0.000000 -1.000000 0.000000
vn 0.000000 -1.000000 0.000000
vn 0.000000 -1.000000 0.000000
vn 0.000000 -1.000000 0.000000
vn 1.000000 0.000000 0.000000
vn 1.000000 0.000000 0.000000
vn 1.000000 0.000000 0.000000
vn 1.000000 0.000000 0.000000
vn 0.000000 1.000000 0.000000
vn 0.000000 1.000000 0.000000
vn 0.000000 1.000000 0.000000
vn 0.000000 1.000000 0.000000
vn -1.000000 0.000000 0.000000
vn -1.000000 0.000000 0.000000
vn -1.000000 0.000000 0.000000
vn -1.000000 0.000000 0.000000
vn 0.000000 -1.000000 0.000000
vn 0.000000 -1.000000 0.000000
vn 0.000000 -1.000000 0.000000
vn 0.000000 -1.000000 0.000000
vn 1.000000 0.000000 0.000000
vn 1.000000 0.000000 0.000000
vn 1.000000 0.000000 0.000000
vn 1.000000 0.000000 0.000000
vn 1.000000 0.000000 0.000000
vn 1.000000 0.000000 0.000000
vn 1.000000 0.000000 0.000000
vn 1.000000 0.000000 0.000000
vn 0.000000 1.000000 0.000000
vn 0.000000 1.000000 0.000000
vn 0.000000 1.000000 0.000000
vn 0.000000 1.000000 0.000000
vn -1.000000 -0.000000 0.000000
vn -1.000000 -0.000000 0.000000
vn -1.000000 -0.000000 0.000000
vn -1.000000 -0.000000 0.000000
vn 0.000000 -1.000000 0.000000
vn 0.000000 -1.000000 0.000000
vn 0.000000 -1.000000 0.000000
vn 0.000000 -1.000000 0.000000
vn 1.000000 0.000000 0.000000
vn 1.000000 0.000000 0.000000
vn 1.000000 0.000000 0.000000
vn 1.000000 0.000000 0.000000
vn 0.000000 1.000000 0.000000
vn 0.000000 1.000000 0.000000
vn 0.000000 1.000000 0.000000
vn 0.000000 1.000000 0.000000
vn -1.000000 0.000000 0.000000
vn -1.000000 0.000000 0.000000
vn -1.000000 0.000000 0.000000
vn -1.000000 0.000000 0.000000
vn 0.000000 -1.000000 0.000000
vn 0.000000 -1.000000 0.000000
vn 0.000000 -1.000000 0.000000
vn 0.000000 -1.000000 0.000000
vn 0.000000 -1.000000 0.000000
vn 0.000000 -1.000000 0.000000
vn 0.000000 -1.000000 0.000000
vn 0.000000 -1.000000 0.000000
vn 1.000000 0.000000 0.000000
vn 1.000000 0.000000 0.000000
vn 1.000000 0.000000 0.000000
vn 1.000000 0.000000 0.000000
vn 0.000000 1.000000 0.000000
vn 0.000000 1.000000 0.000000
vn 0.000000 1.000000 0.000000
vn 0.000000 1.000000 0.000000
vn -1.000000 0.000000 0.000000
vn -1.000000 0.000000 0.000000
vn -1.000000 0.000000 0.000000
vn -1.000000 0.000000 0.000000
vn 1.000000 0.000000 0.000000
vn 1.000000 0.000000 0.000000
vn 1.000000 0.000000 0.000000
vn 1.000000 0.000000 0.000000
vn 0.000000 1.000000 0.000000
vn 0.000000 1.000000 0.000000
vn 0.000000 1.000000 0.000000
vn 0.000000 1.000000 0.000000
vn -1.000000 0.000000 0.000000
vn -1.000000 0.000000 0.000000
vn -1.000000 0.000000 0.000000
vn -1.000000 0.000000 0.000000
vn 0.000000 -1.000000 0.000000
vn 0.000000 -1.000000 0.000000
vn 0.000000 -1.000000 0.000000
vn 0.000000 -1.000000 0.000000
vn 0.000000 1.000000 0.000000
vn 0.000000 1.000000 0.000000
vn 0.000000 1.000000 0.000000
vn 0.000000 1.000000 0.000000
vn -1.000000 0.000000 0.000000
vn -1.000000 0.000000 0.000000
vn -1.000000 0.000000 0.000000
vn -1.000000 0.000000 0.000000
vn 0.000012 -1.000000 0.000000
vn 0.000012 -1.000000 0.000000
vn 0.000012 -1.000000 0.000000
vn 0.000012 -1.000000 0.000000
vn 1.000000 0.000000 0.000000
vn 1.000000 0.000000 0.000000
vn 1.000000 0.000000 0.000000
vn 1.000000 0.000000 0.000000
vn -1.000000 0.000000 0.000000
vn -1.000000 0.000000 0.000000
vn -1.000000 0.000000 0.000000
vn -1.000000 0.000000 0.000000
vn 0.000000 -1.000000 0.000000
vn 0.000000 -1.000000 0.000000
vn 0.000000 -1.000000 0.000000
vn 0.000000 -1.000000 0.000000
vn 1.000000 0.000000 0.000000
vn 1.000000 0.000000 0.000000
vn 1.000000 0.000000 0.000000
vn 1.000000 0.000000 0.000000
vn 0.000000 1.000000 0.000000
vn 0.000000 1.000000 0.000000
vn 0.000000 1.000000 0.000000
vn 0.000000 1.000000 0.000000
vn -0.000000 1.000000 0.000000
vn -0.000000 1.000000 0.000000
vn -0.000000 1.000000 0.000000
vn -0.000000 1.000000 0.000000
vn -0.000000 1.000000 0.000000
vn -0.000000 1.000000 0.000000
vn 1.000000 0.000000 0.000000
vn 1.000000 0.000000 0.000000
vn 1.000000 0.000000 0.000000
vn 1.000000 0.000000 0.000000
vn 1.000000 0.000000 0.000000
vn 1.000000 0.000000 0.000000
vn 1.000000 0.000000 0.000000
vn 1.000000 0.000000 0.000000
vn 1.000000 0.000000 0.000000
vn 1.000000 0.000000 0.000000
vn 0.000000 -1.000000 0.000000
vn 0.000000 -1.000000 0.000000
vn 0.000000 -1.000000 0.000000
vn 0.000000 -1.000000 0.000000
vn 0.000000 -1.000000 0.000000
vn 0.000000 -1.000000 0.000000
vn -1.000000 0.000000 0.000000
vn -1.000000 0.000000 0.000000
vn -1.000000 0.000000 0.000000
vn -1.000000 0.000000 0.000000
vn -1.000000 0.000000 0.000000
vn -1.000000 0.000000 0.000000
vn -1.000000 0.000000 0.000000
vn -1.000000 0.000000 0.000000
vn -1.000000 0.000000 0.000000
vn -1.000000 0.000000 0.000000
vn 0.000000 0.000000 1.000000
vn 0.000000 0.000000 1.000000
vn 0.000000 0.000000 1.000000
vn 0.000000 0.000000 1.000000
vn 0.000000 0.000000 1.000000
vn 0.000000 0.000000 1.000000
vn 0.000000 0.000000 1.000000
vn 0.000000 0.000000 1.000000
vn 0.000000 0.000000 1.000000
vn 0.000000 0.000000 1.000000
vn 0.000000 0.000000 1.000000
vn 0.000000 0.000000 1.000000
vn 0.000000 0.000000 1.000000
vn 0.000000 0.000000 1.000000
vn 0.000000 0.000000 1.000000
vn 0.000000 0.000000 1.000000
vn 0.000000 0.000000 1.000000
vn 0.000000 0.000000 1.000000
vn 0.000000 0.000000 1.000000
vn 0.000000 0.000000 1.000000
vn 0.000000 0.000000 1.000000
vn 0.000000 0.000000 1.000000
vn 0.000000 0.000000 1.000000
vn 0.000000 0.000000 1.000000
vn 0.000000 0.000000 1.000000
vn 0.000000 0.000000 1.000000
vn 0.000000 0.000000 1.000000
vn 0.000000 0.000000 1.000000
vn 0.000000 0.000000 1.000000
vn 0.000000 0.000000 1.000000
vn 0.000000 0.000000 1.000000
vn 0.000000 0.000000 1.000000
vn 0.000000 0.000000 1.000000
vn 0.000000 0.000000 1.000000
vn 0.000000 0.000000 1.000000
vn 0.000000 0.000000 1.000000
vn 0.000000 0.000000 1.000000
vn 0.000000 0.000000 1.000000
vn 0.000000 0.000000 1.000000
vn 0.000000 0.000000 1.000000
vn 0.000000 0.000000 1.000000
vn 0.000000 0.000000 1.000000
vn 0.000000 0.000000 1.000000
vn 0.000000 0.000000 1.000000
vn 0.000000 0.000000 1.000000
vn 0.000000 0.000000 1.000000
vn 0.000000 0.000000 1.000000
vn 0.000000 0.000000 1.000000
vn 0.000000 0.000000 1.000000
vn 0.000000 0.000000 1.000000
vn 0.000000 0.000000 1.000000
vn 0.000000 0.000000 1.000000
vn 0.000000 0.000000 1.000000
vn 0.000000 0.000000 1.000000
vn 0.000000 0.000000 1.000000
vn 0.000000 0.000000 1.000000
vn 0.000000 0.000000 1.000000
vn 0.000000 0.000000 1.000000
vn 0.000000 0.000000 1.000000
vn 0.000000 0.000000 1.000000
vn 0.000000 0.000000 1.000000
vn 0.000000 0.000000 1.000000
vn 0.000000 0.000000 1.000000
vn 0.000000 0.000000 1.000000
vn 0.000000 0.000000 1.000000
vn 0.000000 0.000000 1.000000
vn 0.000000 0.000000 1.000000
vn 0.000000 0.000000 1.000000
vn 0.000000 0.000000 1.000000
vn 0.000000 0.000000 1.000000
vn 0.000000 0.000000 1.000000
vn 0.000000 0.000000 1.000000
vn 0.000000 0.000000 1.000000
vn 0.000000 0.000000 1.000000
vn 0.000000 0.000000 1.000000
vn 0.000000 0.000000 1.000000
vn 0.000000 0.000000 1.000000
vn 0.000000 0.000000 1.000000
vn 0.000000 0.000000 1.000000
vn 0.000000 0.000000 1.000000
vn 0.000000 0.000000 1.000000
vn 0.000000 0.000000 1.000000
vn 0.000000 0.000000 1.000000
vn 0.000000 0.000000 1.000000
vn 0.000000 0.000000 1.000000
vn -0.000000 -0.000000 -1.000000
vn -0.000000 -0.000000 -1.000000
vn -0.000000 -0.000000 -1.000000
vn -0.000000 -0.000000 -1.000000
vn -0.000000 -0.000000 -1.000000
vn -0.000000 -0.000000 -1.000000
vn -0.000000 -0.000000 -1.000000
vn -0.000000 -0.000000 -1.000000
vn -0.000000 -0.000000 -1.000000
vn -0.000000 -0.000000 -1.000000
vn -0.000000 -0.000000 -1.000000
vn -0.000000 -0.000000 -1.000000
vn -0.000000 -0.000000 -1.000000
vn -0.000000 -0.000000 -1.000000
vn -0.000000 -0.000000 -1.000000
vn -0.000000 -0.000000 -1.000000
vn -0.000000 -0.000000 -1.000000
vn -0.000000 -0.000000 -1.000000
vn -0.000000 -0.000000 -1.000000
vn -0.000000 -0.000000 -1.000000
vn -0.000000 -0.000000 -1.000000
vn -0.000000 -0.000000 -1.000000
vn -0.000000 -0.000000 -1.000000
vn -0.000000 -0.000000 -1.000000
vn -0.000000 -0.000000 -1.000000
vn -0.000000 -0.000000 -1.000000
vn -0.000000 -0.000000 -1.000000
vn -0.000000 -0.000000 -1.000000
vn -0.000000 -0.000000 -1.000000
vn -0.000000 -0.000000 -1.000000
vn -0.000000 -0.000000 -1.000000
vn -0.000000 -0.000000 -1.000000
vn -0.000000 -0.000000 -1.000000
vn -0.000000 -0.000000 -1.000000
vn -0.000000 -0.000000 -1.000000
vn -0.000000 -0.000000 -1.000000
vn -0.000000 -0.000000 -1.000000
vn -0.000000 -0.000000 -1.000000
vn -0.000000 -0.000000 -1.000000
vn -0.000000 -0.000000 -1.000000
vn -0.000000 -0.000000 -1.000000
vn -0.000000 -0.000000 -1.000000
vn -0.000000 -0.000000 -1.000000
vn -0.000000 -0.000000 -1.000000
vn -0.000000 -0.000000 -1.000000
vn -0.000000 -0.000000 -1.000000
vn -0.000000 -0.000000 -1.000000
vn -0.000000 -0.000000 -1.000000
vn -0.000000 -0.000000 -1.000000
vn -0.000000 -0.000000 -1.000000
vn -0.000000 -0.000000 -1.000000
vn -0.000000 -0.000000 -1.000000
vn -0.000000 -0.000000 -1.000000
vn -0.000000 -0.000000 -1.000000
vn -0.000000 -0.000000 -1.000000
vn -0.000000 -0.000000 -1.000000
vn -0.000000 -0.000000 -1.000000
vn -0.000000 -0.000000 -1.000000
vn -0.000000 -0.000000 -1.000000
vn -0.000000 -0.000000 -1.000000
vn -0.000000 -0.000000 -1.000000
vn -0.000000 -0.000000 -1.000000
vn -0.000000 -0.000000 -1.000000
vn -0.000000 -0.000000 -1.000000
vn -0.000000 -0.000000 -1.000000
vn -0.000000 -0.000000 -1.000000
vn -0.000000 -0.000000 -1.000000
vn -0.000000 -0.000000 -1.000000
vn -0.000000 -0.000000 -1.000000
vn -0.000000 -0.000000 -1.000000
vn -0.000000 -0.000000 -1.000000
vn -0.000000 -0.000000 -1.000000
vn -0.000000 -0.000000 -1.000000
vn -0.000000 -0.000000 -1.000000
vn -0.000000 -0.000000 -1.000000
vn -0.000000 -0.000000 -1.000000
vn -0.000000 -0.000000 -1.000000
vn -0.000000 -0.000000 -1.000000
vn -0.000000 -0.000000 -1.000000
vn -0.000000 -0.000000 -1.000000
vn -0.000000 -0.000000 -1.000000
vn -0.000000 -0.000000 -1.000000
vn -0.000000 -0.000000 -1.000000
vn -0.000000 -0.000000 -1.000000
vn -0.000000 -0.000000 -1.000000
f 1296/3008/2976 1297/3009/2977 1299/3010/2978
f 1299/3010/2978 1297/3009/2977 1298/3011/2979
f 1300/3012/2980 1296/3013/2981 1301/3014/2982
f 1301/3014/2982 1296/3013/2981 1299/3015/2983
f 1302/3016/2984 1300/3017/2985 1303/3018/2986
f 1303/3018/2986 1300/3017/2985 1301/3019/2987
f 1297/3020/2988 1302/3021/2989 1298/3022/2990
f 1298/3022/2990 1302/3021/2989 1303/3023/2991
f 1304/3024/2992 1305/3025/2993 1307/3026/2994
f 1307/3026/2994 1305/3025/2993 1306/3027/2995
f 1308/3028/2996 1304/3029/2997 1309/3030/2998
f 1309/3030/2998 1304/3029/2997 1307/3031/2999
f 1310/3032/3000 1308/3033/3001 1311/3034/3002
f 1311/3034/3002 1308/3033/3001 1309/3035/3003
f 1305/3036/3004 1310/3037/3005 1306/3038/3006
f 1306/3038/3006 1310/3037/3005 1311/3039/3007
f 1312/3040/3008 1313/3041/3009 1315/3042/3010
f 1315/3042/3010 1313/3041/3009 1314/3043/3011
f 1316/3044/3012 1312/3045/3013 1317/3046/3014
f 1317/3046/3014 1312/3045/3013 1315/3047/3015
f 1318/3048/3016 1316/3049/3017 1319/3050/3018
f 1319/3050/3018 1316/3049/3017 1317/3051/3019
f 1313/3052/3020 1318/3053/3021 1314/3054/3022
f 1314/3054/3022 1318/3053/3021 1319/3055/3023
f 1320/3056/3024 1321/3057/3025 1323/3058/3026
f 1323/3058/3026 1321/3057/3025 1322/3059/3027
f 1324/3060/3028 1320/3061/3029 1325/3062/3030
f 1325/3062/3030 1320/3061/3029 1323/3063/3031
f 1326/3064/3032 1324/3065/3033 1327/3066/3034
f 1327/3066/3034 1324/3065/3033 1325/3067/3035
f 1321/3068/3036 1326/3069/3037 1322/3070/3038
f 1322/3070/3038 1326/3069/3037 1327/3071/3039
f 1328/3072/3040 1329/3073/3041 1331/3074/3042
f 1331/3074/3042 1329/3073/3041 1330/3075/3043
f 1332/3076/3044 1328/3077/3045 1333/3078/3046
f 1333/3078/3046 1328/3077/3045 1331/3079/3047
f 1334/3080/3048 1332/3081/3049 1335/3082/3050
f 1335/3082/3050 1332/3081/3049 1333/3083/3051
f 1329/3084/3052 1334/3085/3053 1330/3086/3054
f 1330/3086/3054 1334/3085/3053 1335/3087/3055
f 1336/3088/3056 1337/3089/3057 1339/3090/3058
f 1339/3090/3058 1337/3089/3057 1338/3091/3059
f 1340/3092/3060 1336/3093/3061 1341/3094/3062
f 1341/3094/3062 1336/3093/3061 1339/3095/3063
f 1342/3096/3064 1340/3097/3065 1343/3098/3066
f 1343/3098/3066 1340/3097/3065 1341/3099/3067
f 1337/3100/3068 1342/3101/3069 1338/3102/3070
f 1338/3102/3070 1342/3101/3069 1343/3103/3071
f 1344/3104/3072 1345/3105/3073 1347/3106/3074
f 1347/3106/3074 1345/3105/3073 1346/3107/3075
f 1348/3108/3076 1344/3109/3077 1349/3110/3078
f 1349/3110/3078 1344/3109/3077 1347/3111/3079
f 1350/3112/3080 1348/3113/3081 1351/3114/3082
f 1351/3114/3082 1348/3113/3081 1349/3115/3083
f 1345/3116/3084 1350/3117/3085 1346/3118/3086
f 1346/3118/3086 1350/3117/3085 1351/3119/3087
f 1352/3120/3088 1353/3121/3089 1355/3122/3090
f 1355/3122/3090 1353/3121/3089 1354/3123/3091
f 1356/3124/3092 1352/3125/3093 1357/3126/3094
f 1357/3126/3094 1352/3125/3093 1355/3127/3095
f 1358/3128/3096 1356/3129/3097 1359/3130/3098
f 1359/3130/3098 1356/3129/3097 1357/3131/3099
f 1353/3132/3100 1358/3133/3101 1354/3134/3102
f 1354/3134/3102 1358/3133/3101 1359/3135/3103
f 1360/3136/3104 1361/3137/3105 1363/3138/3106
f 1363/3138/3106 1361/3137/3105 1362/3139/3107
f 1364/3140/3108 1360/3141/3109 1365/3142/3110
f 1365/3142/3110 1360/3141/3109 1363/3143/3111
f 1366/3144/3112 1364/3145/3113 1367/3146/3114
f 1367/3146/3114 1364/3145/3113 1365/3147/3115
f 1361/3148/3116 1366/3149/3117 1362/3150/3118
f 1362/3150/3118 1366/3149/3117 1367/3151/3119
f 1368/3152/3120 1369/3153/3121 1371/3154/3122
f 1371/3154/3122 1369/3153/3121 1370/3155/3123
f 1372/3156/3124 1368/3157/3125 1373/3158/3126
f 1373/3158/3126 1368/3157/3125 1371/3159/3127
f 1374/3160/3128 1372/3161/3129 1375/3162/3130
f 1375/3162/3130 1372/3161/3129 1373/3163/3131
f 1369/3164/3132 1374/3165/3133 1370/3166/3134
f 1370/3166/3134 1374/3165/3133 1375/3167/3135
f 1376/3168/3136 1377/3169/3137 1379/3170/3138
f 1379/3170/3138 1377/3169/3137 1378/3171/3139
f 1380/3172/3140 1376/3173/3141 1381/3174/3142
f 1381/3174/3142 1376/3173/3141 1379/3175/3143
f 1382/3176/3144 1380/3177/3145 1383/3178/3146
f 1383/3178/3146 1380/3177/3145 1381/3179/3147
f 1377/3180/3148 1382/3181/3149 1378/3182/3150
f 1378/3182/3150 1382/3181/3149 1383/3183/3151
f 1384/3184/3152 1385/3185/3153 1387/3186/3154
f 1387/3186/3154 1385/3185/3153 1386/3187/3155
f 1388/3188/3156 1384/3189/3157 1389/3190/3158
f 1389/3190/3158 1384/3189/3157 1387/3191/3159
f 1390/3192/3160 1388/3193/3161 1391/3194/3162
f 1391/3194/3162 1388/3193/3161 1389/3195/3163
f 1385/3196/3164 1390/3197/3165 1386/3198/3166
f 1386/3198/3166 1390/3197/3165 1391/3199/3167
f 1392/3200/3168 1393/3201/3169 1395/3202/3170
f 1395/3202/3170 1393/3201/3169 1394/3203/3171
f 1396/3204/3172 1392/3205/3173 1397/3206/3174
f 1397/3206/3174 1392/3205/3173 1395/3207/3175
f 1398/3208/3176 1396/3209/3177 1399/3210/3178
f 1399/3210/3178 1396/3209/3177 1397/3211/3179
f 1393/3212/3180 1398/3213/3181 1394/3214/3182
f 1394/3214/3182 1398/3213/3181 1399/3215/3183
f 1400/3216/3184 1401/3217/3185 1403/3218/3186
f 1403/3218/3186 1401/3217/3185 1402/3219/3187
f 1404/3220/3188 1400/3221/3189 1405/3222/3190
f 1405/3222/3190 1400/3221/3189 1403/3223/3191
f 1406/3224/3192 1404/3225/3193 1407/3226/3194
f 1407/3226/3194 1404/3225/3193 1405/3227/3195
f 1401/3228/3196 1406/3229/3197 1402/3230/3198
f 1402/3230/3198 1406/3229/3197 1407/3231/3199
f 1408/3232/3200 1409/3233/3201 1411/3234/3202
f 1411/3234/3202 1409/3233/3201 1410/3235/3203
f 1412/3236/3204 1408/3237/3205 1413/3238/3206
f 1413/3238/3206 1408/3237/3205 1411/3239/3207
f 1414/3240/3208 1412/3241/3209 1415/3242/3210
f 1415/3242/3210 1412/3241/3209 1413/3243/3211
f 1409/3244/3212 1414/3245/3213 1410/3246/3214
f 1410/3246/3214 1414/3245/3213 1415/3247/3215
f 1416/3248/3216 1417/3249/3217 1419/3250/3218
f 1419/3250/3218 1417/3249/3217 1418/3251/3219
f 1420/3252/3220 1416/3253/3221 1421/3254/3222
f 1421/3254/3222 1416/3253/3221 1419/3255/3223
f 1422/3256/3224 1420/3257/3225 1423/3258/3226
f 1423/3258/3226 1420/3257/3225 1421/3259/3227
f 1417/3260/3228 1422/3261/3229 1418/3262/3230
f 1418/3262/3230 1422/3261/3229 1423/3263/3231
f 1424/3264/3232 1425/3265/3233 1429/3266/3234
f 1429/3266/3234 1425/3265/3233 1428/3267/3235
f 1428/3267/3235 1425/3265/3233 1426/3268/3236
f 1428/3267/3235 1426/3268/3236 1427/3269/3237
f 1430/3270/3238 1431/3271/3239 1437/3272/3240
f 1437/3272/3240 1431/3271/3239 1436/3273/3241
f 1436/3273/3241 1431/3271/3239 1432/3274/3242
f 1436/3273/3241 1432/3274/3242 1435/3275/3243
f 1435/3275/3243 1432/3274/3242 1433/3276/3244
f 1435/3275/3243 1433/3276/3244 1434/3277/3245
f 1434/3277/3245 1433/3276/3244 1424/3278/3246
f 1434/3277/3245 1424/3278/3246 1429/3279/3247
f 1438/3280/3248 1439/3281/3249 1441/3282/3250
f 1441/3282/3250 1439/3281/3249 1440/3283/3251
f 1440/3283/3251 1439/3281/3249 1430/3284/3252
f 1440/3283/3251 1430/3284/3252 1437/3285/3253
f 1426/3286/3254 1442/3287/3255 1427/3288/3256
f 1427/3288/3256 1442/3287/3255 1447/3289/3257
f 1447/3289/3257 1442/3287/3255 1443/3290/3258
f 1447/3289/3257 1443/3290/3258 1446/3291/3259
f 1446/3291/3259 1443/3290/3258 1444/3292/3260
f 1446/3291/3259 1444/3292/3260 1445/3293/3261
f 1445/3293/3261 1444/3292/3260 1438/3294/3262
f 1445/3293/3261 1438/3294/3262 1441/3295/3263
f 1423/3296/3264 1448/3297/3265 1418/3298/3266
f 1418/3298/3266 1448/3297/3265 1450/3299/3267
f 1418/3298/3266 1450/3299/3267 1419/3300/3268
f 1419/3300/3268 1450/3299/3267 1428/3301/3269
f 1419/3300/3268 1428/3301/3269 1421/3302/3270
f 1421/3302/3270 1428/3301/3269 1301/3303/3271
f 1421/3302/3270 1301/3303/3271 1423/3296/3264
f 1423/3296/3264 1301/3303/3271 1299/3304/3272
f 1423/3296/3264 1299/3304/3272 1448/3297/3265
f 1448/3297/3265 1299/3304/3272 1391/3305/3273
f 1448/3297/3265 1391/3305/3273 1389/3306/3274
f 1415/3307/3275 1450/3299/3267 1410/3308/3276
f 1410/3308/3276 1450/3299/3267 1448/3297/3265
f 1410/3308/3276 1448/3297/3265 1411/3309/3277
f 1411/3309/3277 1448/3297/3265 1325/3310/3278
f 1411/3309/3277 1325/3310/3278 1413/3311/3279
f 1413/3311/3279 1325/3310/3278 1323/3312/3280
f 1413/3311/3279 1323/3312/3280 1428/3301/3269
f 1428/3301/3269 1323/3312/3280 1429/3313/3281
f 1429/3313/3281 1323/3312/3280 1322/3314/3282
f 1429/3313/3281 1322/3314/3282 1327/3315/3283
f 1450/3299/3267 1415/3307/3275 1428/3301/3269
f 1428/3301/3269 1415/3307/3275 1413/3311/3279
f 1407/3316/3284 1429/3313/3281 1402/3317/3285
f 1402/3317/3285 1429/3313/3281 1327/3315/3283
f 1402/3317/3285 1327/3315/3283 1325/3310/3278
f 1429/3313/3281 1407/3316/3284 1434/3318/3286
f 1434/3318/3286 1407/3316/3284 1405/3319/3287
f 1434/3318/3286 1405/3319/3287 1403/3320/3288
f 1402/3317/3285 1448/3297/3265 1403/3320/3288
f 1403/3320/3288 1448/3297/3265 1449/3321/3289
f 1403/3320/3288 1449/3321/3289 1434/3318/3286
f 1434/3318/3286 1449/3321/3289 1311/3322/3290
f 1434/3318/3286 1311/3322/3290 1309/3323/3291
f 1399/3324/3292 1357/3325/3293 1394/3326/3294
f 1394/3326/3294 1357/3325/3293 1355/3327/3295
f 1394/3326/3294 1355/3327/3295 1453/3328/3296
f 1453/3328/3296 1355/3327/3295 1354/3329/3297
f 1453/3328/3296 1354/3329/3297 1451/3330/3298
f 1451/3330/3298 1354/3329/3297 1359/3331/3299
f 1451/3330/3298 1359/3331/3299 1440/3332/3300
f 1440/3332/3300 1359/3331/3299 1357/3325/3293
f 1440/3332/3300 1357/3325/3293 1399/3324/3292
f 1440/3332/3300 1399/3324/3292 1441/3333/3301
f 1441/3333/3301 1399/3324/3292 1397/3334/3302
f 1441/3333/3301 1397/3334/3302 1395/3335/3303
f 1441/3333/3301 1395/3335/3303 1363/3336/3304
f 1363/3336/3304 1395/3335/3303 1394/3326/3294
f 1363/3336/3304 1394/3326/3294 1453/3328/3296
f 1391/3305/3273 1427/3337/3305 1386/3338/3306
f 1386/3338/3306 1427/3337/3305 1447/3339/3307
f 1386/3338/3306 1447/3339/3307 1387/3340/3308
f 1387/3340/3308 1447/3339/3307 1389/3306/3274
f 1389/3306/3274 1447/3339/3307 1449/3321/3289
f 1389/3306/3274 1449/3321/3289 1448/3297/3265
f 1379/3341/3309 1378/3342/3310 1446/3343/3311
f 1446/3343/3311 1378/3342/3310 1383/3344/3312
f 1446/3343/3311 1383/3344/3312 1455/3345/3313
f 1455/3345/3313 1383/3344/3312 1454/3346/3314
f 1455/3345/3313 1454/3346/3314 1314/3347/3315
f 1314/3347/3315 1454/3346/3314 1315/3348/3316
f 1315/3348/3316 1454/3346/3314 1452/3349/3317
f 1315/3348/3316 1452/3349/3317 1436/3350/3318
f 1436/3350/3318 1452/3349/3317 1351/3351/3319
f 1436/3350/3318 1351/3351/3319 1349/3352/3320
f 1383/3344/3312 1381/3353/3321 1454/3346/3314
f 1454/3346/3314 1381/3353/3321 1452/3349/3317
f 1452/3349/3317 1381/3353/3321 1445/3354/3322
f 1445/3354/3322 1381/3353/3321 1379/3341/3309
f 1445/3354/3322 1379/3341/3309 1446/3343/3311
f 1371/3355/3323 1370/3356/3324 1446/3343/3311
f 1446/3343/3311 1370/3356/3324 1375/3357/3325
f 1446/3343/3311 1375/3357/3325 1447/3339/3307
f 1447/3339/3307 1375/3357/3325 1373/3358/3326
f 1447/3339/3307 1373/3358/3326 1449/3321/3289
f 1449/3321/3289 1373/3358/3326 1456/3359/3327
f 1449/3321/3289 1456/3359/3327 1311/3322/3290
f 1311/3322/3290 1456/3359/3327 1306/3360/3328
f 1306/3360/3328 1456/3359/3327 1455/3345/3313
f 1306/3360/3328 1455/3345/3313 1435/3361/3329
f 1435/3361/3329 1455/3345/3313 1314/3347/3315
f 1435/3361/3329 1314/3347/3315 1319/3362/3330
f 1373/3358/3326 1371/3355/3323 1456/3359/3327
f 1456/3359/3327 1371/3355/3323 1455/3345/3313
f 1455/3345/3313 1371/3355/3323 1446/3343/3311
f 1367/3363/3331 1445/3354/3322 1362/3364/3332
f 1362/3364/3332 1445/3354/3322 1441/3333/3301
f 1362/3364/3332 1441/3333/3301 1363/3336/3304
f 1367/3363/3331 1365/3365/3333 1445/3354/3322
f 1445/3354/3322 1365/3365/3333 1452/3349/3317
f 1452/3349/3317 1365/3365/3333 1453/3328/3296
f 1453/3328/3296 1365/3365/3333 1363/3336/3304
f 1351/3351/3319 1453/3328/3296 1346/3366/3334
f 1346/3366/3334 1453/3328/3296 1331/3367/3335
f 1346/3366/3334 1331/3367/3335 1330/3368/3336
f 1349/3352/3320 1347/3369/3337 1436/3350/3318
f 1436/3350/3318 1347/3369/3337 1437/3370/3338
f 1437/3370/3338 1347/3369/3337 1346/3366/3334
f 1437/3370/3338 1346/3366/3334 1330/3368/3336
f 1343/3371/3339 1333/3372/3340 1338/3373/3341
f 1338/3373/3341 1333/3372/3340 1331/3367/3335
f 1338/3373/3341 1331/3367/3335 1453/3328/3296
f 1333/3372/3340 1343/3371/3339 1440/3332/3300
f 1440/3332/3300 1343/3371/3339 1341/3374/3342
f 1440/3332/3300 1341/3374/3342 1451/3330/3298
f 1451/3330/3298 1341/3374/3342 1339/3375/3343
f 1451/3330/3298 1339/3375/3343 1453/3328/3296
f 1453/3328/3296 1339/3375/3343 1338/3373/3341
f 1330/3368/3336 1335/3376/3344 1437/3370/3338
f 1437/3370/3338 1335/3376/3344 1333/3372/3340
f 1437/3370/3338 1333/3372/3340 1440/3332/3300
f 1319/3362/3330 1317/3377/3345 1435/3361/3329
f 1435/3361/3329 1317/3377/3345 1436/3350/3318
f 1436/3350/3318 1317/3377/3345 1315/3348/3316
f 1434/3318/3286 1309/3323/3291 1435/3361/3329
f 1435/3361/3329 1309/3323/3291 1307/3378/3346
f 1435/3361/3329 1307/3378/3346 1306/3360/3328
f 1303/3379/3347 1427/3337/3305 1298/3380/3348
f 1298/3380/3348 1427/3337/3305 1391/3305/3273
f 1298/3380/3348 1391/3305/3273 1299/3304/3272
f 1303/3379/3347 1301/3303/3271 1427/3337/3305
f 1427/3337/3305 1301/3303/3271 1428/3301/3269
f 1402/3317/3285 1325/3310/3278 1448/3297/3265
f 1453/3328/3296 1351/3351/3319 1452/3349/3317
f 1417/3381/3349 1457/3382/3350 1422/3383/3351
f 1422/3383/3351 1457/3382/3350 1296/3384/3352
f 1422/3383/3351 1296/3384/3352 1420/3385/3353
f 1420/3385/3353 1296/3384/3352 1300/3386/3354
f 1420/3385/3353 1300/3386/3354 1425/3387/3355
f 1425/3387/3355 1300/3386/3354 1426/3388/3356
f 1426/3388/3356 1300/3386/3354 1302/3389/3357
f 1426/3388/3356 1302/3389/3357 1297/3390/3358
f 1457/3382/3350 1417/3381/3349 1459/3391/3359
f 1459/3391/3359 1417/3381/3349 1416/3392/3360
f 1459/3391/3359 1416/3392/3360 1425/3387/3355
f 1425/3387/3355 1416/3392/3360 1420/3385/3353
f 1409/3393/3361 1459/3391/3359 1414/3394/3362
f 1414/3394/3362 1459/3391/3359 1425/3387/3355
f 1414/3394/3362 1425/3387/3355 1412/3395/3363
f 1412/3395/3363 1425/3387/3355 1320/3396/3364
f 1412/3395/3363 1320/3396/3364 1408/3397/3365
f 1408/3397/3365 1320/3396/3364 1324/3398/3366
f 1408/3397/3365 1324/3398/3366 1457/3382/3350
f 1457/3382/3350 1324/3398/3366 1401/3399/3367
f 1457/3382/3350 1401/3399/3367 1400/3400/3368
f 1459/3391/3359 1409/3393/3361 1457/3382/3350
f 1457/3382/3350 1409/3393/3361 1408/3397/3365
f 1401/3399/3367 1424/3401/3369 1406/3402/3370
f 1406/3402/3370 1424/3401/3369 1433/3403/3371
f 1406/3402/3370 1433/3403/3371 1404/3404/3372
f 1404/3404/3372 1433/3403/3371 1400/3400/3368
f 1400/3400/3368 1433/3403/3371 1458/3405/3373
f 1400/3400/3368 1458/3405/3373 1457/3382/3350
f 1457/3382/3350 1458/3405/3373 1388/3406/3374
f 1457/3382/3350 1388/3406/3374 1390/3407/3375
f 1393/3408/3376 1352/3409/3377 1398/3410/3378
f 1398/3410/3378 1352/3409/3377 1356/3411/3379
f 1398/3410/3378 1356/3411/3379 1439/3412/3380
f 1439/3412/3380 1356/3411/3379 1358/3413/3381
f 1439/3412/3380 1358/3413/3381 1460/3414/3382
f 1460/3414/3382 1358/3413/3381 1353/3415/3383
f 1460/3414/3382 1353/3415/3383 1462/3416/3384
f 1462/3416/3384 1353/3415/3383 1352/3409/3377
f 1462/3416/3384 1352/3409/3377 1393/3408/3376
f 1462/3416/3384 1393/3408/3376 1360/3417/3385
f 1360/3417/3385 1393/3408/3376 1392/3418/3386
f 1360/3417/3385 1392/3418/3386 1438/3419/3387
f 1438/3419/3387 1392/3418/3386 1396/3420/3388
f 1438/3419/3387 1396/3420/3388 1398/3410/3378
f 1385/3421/3389 1426/3388/3356 1390/3407/3375
f 1390/3407/3375 1426/3388/3356 1297/3390/3358
f 1390/3407/3375 1297/3390/3358 1296/3384/3352
f 1426/3388/3356 1385/3421/3389 1442/3422/3390
f 1442/3422/3390 1385/3421/3389 1384/3423/3391
f 1442/3422/3390 1384/3423/3391 1388/3406/3374
f 1377/3424/3392 1443/3425/3393 1382/3426/3394
f 1382/3426/3394 1443/3425/3393 1464/3427/3395
f 1382/3426/3394 1464/3427/3395 1463/3428/3396
f 1463/3428/3396 1464/3427/3395 1313/3429/3397
f 1463/3428/3396 1313/3429/3397 1312/3430/3398
f 1377/3424/3392 1376/3431/3399 1443/3425/3393
f 1443/3425/3393 1376/3431/3399 1444/3432/3400
f 1444/3432/3400 1376/3431/3399 1380/3433/3401
f 1444/3432/3400 1380/3433/3401 1461/3434/3402
f 1461/3434/3402 1380/3433/3401 1463/3428/3396
f 1461/3434/3402 1463/3428/3396 1312/3430/3398
f 1380/3433/3401 1382/3426/3394 1463/3428/3396
f 1369/3435/3403 1443/3425/3393 1374/3436/3404
f 1374/3436/3404 1443/3425/3393 1442/3422/3390
f 1374/3436/3404 1442/3422/3390 1372/3437/3405
f 1372/3437/3405 1442/3422/3390 1458/3405/3373
f 1372/3437/3405 1458/3405/3373 1465/3438/3406
f 1465/3438/3406 1458/3405/3373 1310/3439/3407
f 1465/3438/3406 1310/3439/3407 1305/3440/3408
f 1369/3435/3403 1368/3441/3409 1443/3425/3393
f 1443/3425/3393 1368/3441/3409 1464/3427/3395
f 1464/3427/3395 1368/3441/3409 1465/3438/3406
f 1465/3438/3406 1368/3441/3409 1372/3437/3405
f 1364/3442/3410 1366/3443/3411 1444/3432/3400
f 1444/3432/3400 1366/3443/3411 1361/3444/3412
f 1444/3432/3400 1361/3444/3412 1438/3419/3387
f 1438/3419/3387 1361/3444/3412 1360/3417/3385
f 1360/3417/3385 1364/3442/3410 1462/3416/3384
f 1462/3416/3384 1364/3442/3410 1461/3434/3402
f 1462/3416/3384 1461/3434/3402 1350/3445/3413
f 1350/3445/3413 1461/3434/3402 1431/3446/3414
f 1350/3445/3413 1431/3446/3414 1348/3447/3415
f 1348/3447/3415 1431/3446/3414 1344/3448/3416
f 1344/3448/3416 1431/3446/3414 1430/3449/3417
f 1344/3448/3416 1430/3449/3417 1345/3450/3418
f 1345/3450/3418 1430/3449/3417 1329/3451/3419
f 1345/3450/3418 1329/3451/3419 1328/3452/3420
f 1461/3434/3402 1364/3442/3410 1444/3432/3400
f 1350/3445/3413 1345/3450/3418 1462/3416/3384
f 1462/3416/3384 1345/3450/3418 1328/3452/3420
f 1462/3416/3384 1328/3452/3420 1337/3453/3421
f 1337/3453/3421 1328/3452/3420 1342/3454/3422
f 1342/3454/3422 1328/3452/3420 1332/3455/3423
f 1342/3454/3422 1332/3455/3423 1439/3412/3380
f 1439/3412/3380 1332/3455/3423 1430/3449/3417
f 1430/3449/3417 1332/3455/3423 1334/3456/3424
f 1430/3449/3417 1334/3456/3424 1329/3451/3419
f 1337/3453/3421 1336/3457/3425 1462/3416/3384
f 1462/3416/3384 1336/3457/3425 1460/3414/3382
f 1336/3457/3425 1340/3458/3426 1460/3414/3382
f 1460/3414/3382 1340/3458/3426 1439/3412/3380
f 1340/3458/3426 1342/3454/3422 1439/3412/3380
f 1321/3459/3427 1424/3401/3369 1326/3460/3428
f 1326/3460/3428 1424/3401/3369 1401/3399/3367
f 1326/3460/3428 1401/3399/3367 1324/3398/3366
f 1321/3459/3427 1320/3396/3364 1424/3401/3369
f 1424/3401/3369 1320/3396/3364 1425/3387/3355
f 1316/3461/3429 1318/3462/3430 1432/3463/3431
f 1432/3463/3431 1318/3462/3430 1313/3429/3397
f 1432/3463/3431 1313/3429/3397 1464/3427/3395
f 1461/3434/3402 1312/3430/3398 1431/3446/3414
f 1431/3446/3414 1312/3430/3398 1316/3461/3429
f 1431/3446/3414 1316/3461/3429 1432/3463/3431
f 1304/3464/3432 1432/3463/3431 1305/3440/3408
f 1305/3440/3408 1432/3463/3431 1464/3427/3395
f 1305/3440/3408 1464/3427/3395 1465/3438/3406
f 1304/3464/3432 1308/3465/3433 1432/3463/3431
f 1432/3463/3431 1308/3465/3433 1433/3403/3371
f 1433/3403/3371 1308/3465/3433 1310/3439/3407
f 1433/3403/3371 1310/3439/3407 1458/3405/3373
f 1439/3412/3380 1438/3419/3387 1398/3410/3378
f 1442/3422/3390 1388/3406/3374 1458/3405/3373
f 1390/3407/3375 1296/3384/3352 1457/3382/3350
g Body13

v -46.899999 29.400000 33.219999
v -46.899999 29.400000 27.839999
v -46.899999 29.700000 27.839999
v -46.899999 29.700000 33.219999
v -47.219996 29.400000 33.219999
v -47.219996 29.700000 33.219999
v -47.219996 29.400000 38.639999
v -47.219996 29.700000 38.639999
v -46.899999 29.400000 38.639999
v -46.899999 29.700000 38.639999
v -46.899999 29.400000 44.269999
v -46.899999 29.700000 44.269999
v -47.219996 29.400000 44.269999
v -47.219996 29.700000 44.269999
v -47.219996 29.400000 49.679999
v -47.219996 29.700000 49.679999
v -49.329999 29.400000 49.679999
v -49.329999 29.700000 49.679999
v -49.329999 29.400000 50.000001
v -49.329999 29.700000 50.000001
v -51.559999 29.400000 50.000001
v -51.559999 29.700000 50.000001
v -51.559999 29.400000 49.680001
v -51.559999 29.700000 49.680001
v -53.679999 29.400000 49.680001
v -53.679999 29.700000 49.680001
v -53.679999 29.400000 50.000001
v -53.679999 29.700000 50.000001
v -55.759999 29.400000 50.000001
v -55.759999 29.700000 50.000001
v -55.759999 29.400000 49.680001
v -55.759999 29.700000 49.680001
v -58.039999 29.400000 49.680001
v -58.039999 29.700000 49.680001
v -58.039999 29.400000 50.000001
v -58.039999 29.700000 50.000001
v -60.119999 29.400000 50.000001
v -60.119999 29.700000 50.000001
v -60.119999 29.400000 49.680001
v -60.119999 29.700000 49.680001
v -62.239999 29.400000 49.680001
v -62.239999 29.700000 49.680001
v -62.239999 29.400000 50.000001
v -62.239999 29.700000 50.000001
v -64.469999 29.400000 50.000001
v -64.469999 29.700000 50.000001
v -64.469999 29.400000 49.680001
v -64.469999 29.700000 49.680001
v -66.899999 29.400000 49.680001
v -66.899999 29.700000 49.680001
v -66.899999 29.400000 44.269999
v -66.899999 29.700000 44.269999
v -66.579999 29.400000 44.269999
v -66.579999 29.700000 44.269999
v -66.579999 29.400000 38.639999
v -66.579999 29.700000 38.639999
v -66.899999 29.400000 38.639999
v -66.899999 29.700000 38.639999
v -66.899999 29.400000 33.219999
v -66.899999 29.700000 33.219999
v -66.579999 29.400000 33.219999
v -66.579999 29.700000 33.219999
v -66.580001 29.400000 27.839999
v -66.580001 29.700000 27.839999
v -66.899999 29.400000 27.839999
v -66.899999 29.700000 27.839999
v -66.899999 29.400000 22.159999
v -66.899999 29.700000 22.159999
v -66.580001 29.400000 22.159999
v -66.580001 29.700000 22.159999
v -66.580001 29.400000 16.779999
v -66.580001 29.700000 16.779999
v -66.899999 29.400000 16.779999
v -66.899999 29.700000 16.779999
v -66.899999 29.400000 11.359999
v -66.899999 29.700000 11.359999
v -66.580001 29.400000 11.359999
v -66.580001 29.700000 11.359999
v -66.580001 29.400000 5.729999
v -66.580001 29.700000 5.729999
v -66.899999 29.400000 5.729999
v -66.899999 29.700000 5.729999
v -66.899999 29.400000 -0.000003
v -66.899999 29.700000 -0.000003
v -66.579999 29.400000 -0.000003
v -66.579999 29.700000 -0.000003
v -66.579999 29.400000 0.319997
v -66.579999 29.700000 0.319997
v -64.469999 29.400000 0.319997
v -64.469999 29.700000 0.319997
v -64.469999 29.400000 -0.000003
v -64.469999 29.700000 -0.000003
v -62.239999 29.400000 -0.000003
v -62.239999 29.700000 -0.000003
v -62.239999 29.400000 0.319997
v -62.239999 29.700000 0.319997
v -60.119999 29.400000 0.319997
v -60.119999 29.700000 0.319997
v -60.119999 29.400000 -0.000003
v -60.119999 29.700000 -0.000003
v -58.039999 29.400000 -0.000003
v -58.039999 29.700000 -0.000003
v -58.039999 29.400000 0.319997
v -58.039999 29.700000 0.319997
v -55.759999 29.400000 0.319997
v -55.759999 29.700000 0.319997
v -55.759999 29.400000 -0.000003
v -55.759999 29.700000 -0.000003
v -53.679999 29.400000 -0.000003
v -53.679999 29.700000 -0.000003
v -53.679999 29.400000 0.319997
v -53.679999 29.700000 0.319997
v -51.559999 29.400000 0.319997
v -51.559999 29.700000 0.319997
v -51.559999 29.400000 -0.000003
v -51.559999 29.700000 -0.000003
v -49.329999 29.400000 -0.000003
v -49.329999 29.700000 -0.000003
v -49.329999 29.400000 0.319997
v -49.329999 29.700000 0.319997
v -47.219999 29.400000 0.319997
v -47.219999 29.700000 0.319997
v -47.219999 29.400000 5.729999
v -47.219999 29.700000 5.729999
v -46.899999 29.400000 5.729999
v -46.899999 29.700000 5.729999
v -46.899999 29.400000 11.359999
v -46.899999 29.700000 11.359999
v -47.219999 29.400000 11.359999
v -47.219999 29.700000 11.359999
v -47.219999 29.400000 16.779999
v -47.219999 29.700000 16.779999
v -46.899999 29.400000 16.779999
v -46.899999 29.700000 16.779999
v -46.899999 29.400000 22.159999
v -46.899999 29.700000 22.159999
v -47.219996 29.400000 22.159999
v -47.219996 29.700000 22.159999
v -47.219996 29.400000 27.839999
v -47.219996 29.700000 27.839999
v -56.899999 29.700000 9.999998
v -56.899999 29.700000 19.999999
v -56.899999 29.700000 29.999999
v -56.899999 29.700000 40.000000
v -56.899999 29.400000 19.999999
v -56.899999 29.400000 29.999999
v -56.899999 29.400000 40.000000
v -56.899999 29.400000 9.999998
vt 0.000000 0.000000 0.000000
vt 5.380000 0.000000 0.000000
vt 0.000000 0.300000 0.000000
vt 5.380000 0.300000 0.000000
vt 0.000000 0.000000 0.000000
vt 0.319998 0.000000 0.000000
vt 0.000000 0.300000 0.000000
vt 0.319998 0.300000 0.000000
vt -0.000000 0.000000 0.000000
vt 5.420000 0.000000 0.000000
vt -0.000000 0.300000 0.000000
vt 5.420000 0.300000 0.000000
vt 0.000000 0.000000 0.000000
vt 0.319998 0.000000 0.000000
vt 0.000000 0.300000 0.000000
vt 0.319998 0.300000 0.000000
vt 0.000000 0.000000 0.000000
vt 5.630000 0.000000 0.000000
vt 0.000000 0.300000 0.000000
vt 5.630000 0.300000 0.000000
vt 0.000000 0.000000 0.000000
vt 0.319998 0.000000 0.000000
vt 0.000000 0.300000 0.000000
vt 0.319998 0.300000 0.000000
vt -0.000000 0.000000 0.000000
vt 5.410000 0.000000 0.000000
vt -0.000000 0.300000 0.000000
vt 5.410000 0.300000 0.000000
vt 0.000000 0.000000 0.000000
vt 2.110003 0.000000 0.000000
vt 0.000000 0.300000 0.000000
vt 2.110003 0.300000 0.000000
vt 0.000000 0.000000 0.000000
vt 0.320002 0.000000 0.000000
vt 0.000000 0.300000 0.000000
vt 0.320002 0.300000 0.000000
vt 0.000000 0.000000 0.000000
vt 2.230000 0.000000 0.000000
vt 0.000000 0.300000 0.000000
vt 2.230000 0.300000 0.000000
vt 0.000000 0.000000 0.000000
vt 0.320000 0.000000 0.000000
vt 0.000000 0.300000 0.000000
vt 0.320000 0.300000 0.000000
vt 0.000000 0.000000 0.000000
vt 2.120000 0.000000 0.000000
vt 0.000000 0.300000 0.000000
vt 2.120000 0.300000 0.000000
vt -0.000000 0.000000 0.000000
vt 0.320000 0.000000 0.000000
vt -0.000000 0.300000 0.000000
vt 0.320000 0.300000 0.000000
vt 0.000000 0.000000 0.000000
vt 2.080000 0.000000 0.000000
vt 0.000000 0.300000 0.000000
vt 2.080000 0.300000 0.000000
vt 0.000000 0.000000 0.000000
vt 0.320000 0.000000 0.000000
vt 0.000000 0.300000 0.000000
vt 0.320000 0.300000 0.000000
vt 0.000000 0.000000 0.000000
vt 2.280000 0.000000 0.000000
vt 0.000000 0.300000 0.000000
vt 2.280000 0.300000 0.000000
vt -0.000000 0.000000 0.000000
vt 0.320000 0.000000 0.000000
vt -0.000000 0.300000 0.000000
vt 0.320000 0.300000 0.000000
vt 0.000000 0.000000 0.000000
vt 2.080000 0.000000 0.000000
vt 0.000000 0.300000 0.000000
vt 2.080000 0.300000 0.000000
vt 0.000000 0.000000 0.000000
vt 0.320000 0.000000 0.000000
vt 0.000000 0.300000 0.000000
vt 0.320000 0.300000 0.000000
vt 0.000000 0.000000 0.000000
vt 2.120000 0.000000 0.000000
vt 0.000000 0.300000 0.000000
vt 2.120000 0.300000 0.000000
vt -0.000000 0.000000 0.000000
vt 0.320000 0.000000 0.000000
vt -0.000000 0.300000 0.000000
vt 0.320000 0.300000 0.000000
vt 0.000000 0.000000 0.000000
vt 2.230000 0.000000 0.000000
vt 0.000000 0.300000 0.000000
vt 2.230000 0.300000 0.000000
vt 0.000000 0.000000 0.000000
vt 0.320000 0.000000 0.000000
vt 0.000000 0.300000 0.000000
vt 0.320000 0.300000 0.000000
vt 0.000000 0.000000 0.000000
vt 2.430000 0.000000 0.000000
vt 0.000000 0.300000 0.000000
vt 2.430000 0.300000 0.000000
vt 0.000000 0.000000 0.000000
vt 5.410002 0.000000 0.000000
vt 0.000000 0.300000 0.000000
vt 5.410002 0.300000 0.000000
vt -0.000000 0.000000 0.000000
vt 0.320000 0.000000 0.000000
vt -0.000000 0.300000 0.000000
vt 0.320000 0.300000 0.000000
vt 0.000000 0.000000 0.000000
vt 5.630000 0.000000 0.000000
vt 0.000000 0.300000 0.000000
vt 5.630000 0.300000 0.000000
vt 0.000000 0.000000 0.000000
vt 0.320000 0.000000 0.000000
vt 0.000000 0.300000 0.000000
vt 0.320000 0.300000 0.000000
vt 0.000000 0.000000 0.000000
vt 5.420000 0.000000 0.000000
vt 0.000000 0.300000 0.000000
vt 5.420000 0.300000 0.000000
vt 0.000000 0.000000 0.000000
vt 0.320000 0.000000 0.000000
vt 0.000000 0.300000 0.000000
vt 0.320000 0.300000 0.000000
vt 0.000000 0.000000 0.000000
vt 5.380000 0.000000 0.000000
vt 0.000000 0.300000 0.000000
vt 5.380000 0.300000 0.000000
vt 0.000000 0.000000 0.000000
vt 0.319998 0.000000 0.000000
vt 0.000000 0.300000 0.000000
vt 0.319998 0.300000 0.000000
vt 0.000000 0.000000 0.000000
vt 5.680000 0.000000 0.000000
vt 0.000000 0.300000 0.000000
vt 5.680000 0.300000 0.000000
vt 0.000000 0.000000 0.000000
vt 0.319998 0.000000 0.000000
vt 0.000000 0.300000 0.000000
vt 0.319998 0.300000 0.000000
vt 0.000000 0.000000 0.000000
vt 5.380000 0.000000 0.000000
vt 0.000000 0.300000 0.000000
vt 5.380000 0.300000 0.000000
vt 0.000000 0.000000 0.000000
vt 0.319998 0.000000 0.000000
vt 0.000000 0.300000 0.000000
vt 0.319998 0.300000 0.000000
vt 0.000000 0.000000 0.000000
vt 5.420000 0.000000 0.000000
vt 0.000000 0.300000 0.000000
vt 5.420000 0.300000 0.000000
vt 0.000000 0.000000 0.000000
vt 0.319998 0.000000 0.000000
vt 0.000000 0.300000 0.000000
vt 0.319998 0.300000 0.000000
vt 0.000000 0.000000 0.000000
vt 5.630000 0.000000 0.000000
vt 0.000000 0.300000 0.000000
vt 5.630000 0.300000 0.000000
vt 0.000000 0.000000 0.000000
vt 0.319998 0.000000 0.000000
vt 0.000000 0.300000 0.000000
vt 0.319998 0.300000 0.000000
vt 0.000000 0.000000 0.000000
vt 5.730002 0.000000 0.000000
vt 0.000000 0.300000 0.000000
vt 5.730002 0.300000 0.000000
vt 0.000000 0.000000 0.000000
vt 0.320000 0.000000 0.000000
vt 0.000000 0.300000 0.000000
vt 0.320000 0.300000 0.000000
vt 0.000000 0.000000 0.000000
vt 0.320000 0.000000 0.000000
vt 0.000000 0.300000 0.000000
vt 0.320000 0.300000 0.000000
vt 0.000000 0.000000 0.000000
vt 2.110000 0.000000 0.000000
vt 0.000000 0.300000 0.000000
vt 2.110000 0.300000 0.000000
vt 0.000000 0.000000 0.000000
vt 0.320000 0.000000 0.000000
vt 0.000000 0.300000 0.000000
vt 0.320000 0.300000 0.000000
vt 0.000000 0.000000 0.000000
vt 2.230000 0.000000 0.000000
vt 0.000000 0.300000 0.000000
vt 2.230000 0.300000 0.000000
vt -0.000000 0.000000 0.000000
vt 0.320000 0.000000 0.000000
vt -0.000000 0.300000 0.000000
vt 0.320000 0.300000 0.000000
vt 0.000000 0.000000 0.000000
vt 2.120000 0.000000 0.000000
vt 0.000000 0.300000 0.000000
vt 2.120000 0.300000 0.000000
vt 0.000000 0.000000 0.000000
vt 0.320000 0.000000 0.000000
vt 0.000000 0.300000 0.000000
vt 0.320000 0.300000 0.000000
vt 0.000000 0.000000 0.000000
vt 2.080000 0.000000 0.000000
vt 0.000000 0.300000 0.000000
vt 2.080000 0.300000 0.000000
vt -0.000000 0.000000 0.000000
vt 0.320000 0.000000 0.000000
vt -0.000000 0.300000 0.000000
vt 0.320000 0.300000 0.000000
vt 0.000000 0.000000 0.000000
vt 2.280000 0.000000 0.000000
vt 0.000000 0.300000 0.000000
vt 2.280000 0.300000 0.000000
vt 0.000000 0.000000 0.000000
vt 0.320000 0.000000 0.000000
vt 0.000000 0.300000 0.000000
vt 0.320000 0.300000 0.000000
vt 0.000000 0.000000 0.000000
vt 2.080000 0.000000 0.000000
vt 0.000000 0.300000 0.000000
vt 2.080000 0.300000 0.000000
vt -0.000000 0.000000 0.000000
vt 0.320000 0.000000 0.000000
vt -0.000000 0.300000 0.000000
vt 0.320000 0.300000 0.000000
vt 0.000000 0.000000 0.000000
vt 2.120000 0.000000 0.000000
vt 0.000000 0.300000 0.000000
vt 2.120000 0.300000 0.000000
vt 0.000000 0.000000 0.000000
vt 0.320000 0.000000 0.000000
vt 0.000000 0.300000 0.000000
vt 0.320000 0.300000 0.000000
vt 0.000000 0.000000 0.000000
vt 2.230000 0.000000 0.000000
vt 0.000000 0.300000 0.000000
vt 2.230000 0.300000 0.000000
vt -0.000000 0.000000 0.000000
vt 0.320000 0.000000 0.000000
vt -0.000000 0.300000 0.000000
vt 0.320000 0.300000 0.000000
vt 0.000000 0.000000 0.000000
vt 2.110000 0.000000 0.000000
vt 0.000000 0.300000 0.000000
vt 2.110000 0.300000 0.000000
vt 0.000000 0.000000 0.000000
vt 5.410002 0.000000 0.000000
vt 0.000000 0.300000 0.000000
vt 5.410002 0.300000 0.000000
vt -0.000000 0.000000 0.000000
vt 0.320000 0.000000 0.000000
vt -0.000000 0.300000 0.000000
vt 0.320000 0.300000 0.000000
vt 0.000000 0.000000 0.000000
vt 5.630000 0.000000 0.000000
vt 0.000000 0.300000 0.000000
vt 5.630000 0.300000 0.000000
vt 0.000000 0.000000 0.000000
vt 0.320000 0.000000 0.000000
vt 0.000000 0.300000 0.000000
vt 0.320000 0.300000 0.000000
vt 0.000000 0.000000 0.000000
vt 5.420000 0.000000 0.000000
vt 0.000000 0.300000 0.000000
vt 5.420000 0.300000 0.000000
vt -0.000000 0.000000 0.000000
vt 0.320000 0.000000 0.000000
vt -0.000000 0.300000 0.000000
vt 0.320000 0.300000 0.000000
vt 0.000000 0.000000 0.000000
vt 5.380000 0.000000 0.000000
vt 0.000000 0.300000 0.000000
vt 5.380000 0.300000 0.000000
vt 0.000000 0.000000 0.000000
vt 0.319998 0.000000 0.000000
vt 0.000000 0.300000 0.000000
vt 0.319998 0.300000 0.000000
vt -0.000000 0.000000 0.000000
vt 5.680000 0.000000 0.000000
vt -0.000000 0.300000 0.000000
vt 5.680000 0.300000 0.000000
vt -0.000000 0.000000 0.000000
vt 0.319998 0.000000 0.000000
vt -0.000000 0.300000 0.000000
vt 0.319998 0.300000 0.000000
vt 8.220000 9.999999 0.000000
vt 2.840000 9.999999 0.000000
vt 8.220000 9.680002 0.000000
vt 2.840000 9.680002 0.000000
vt 5.000000 -0.000001 0.000000
vt -5.000000 -0.000001 0.000000
vt -2.840000 -9.680003 0.000000
vt -8.220000 -9.680003 0.000000
vt -15.000001 -0.000001 0.000000
vt -13.640000 -9.680003 0.000000
vt -19.270000 -9.680003 0.000000
vt -24.680002 -3.220001 0.000000
vt -24.680002 -5.340001 0.000000
vt -2.840000 9.680002 0.000000
vt -8.220000 9.679999 0.000000
vt -13.640000 9.679999 0.000000
vt -19.270000 9.679999 0.000000
vt -19.270000 9.999999 0.000000
vt -13.640000 9.999999 0.000000
vt -2.840000 9.999999 0.000000
vt -8.220000 9.999999 0.000000
vt -24.680002 9.679998 0.000000
vt -24.680002 7.569999 0.000000
vt -24.680002 5.339999 0.000000
vt -24.680002 3.219999 0.000000
vt -25.000002 7.569999 0.000000
vt -25.000002 5.339999 0.000000
vt -25.000002 3.219999 0.000000
vt -24.680002 1.139999 0.000000
vt -25.000002 1.139999 0.000000
vt -24.680002 -1.140001 0.000000
vt -25.000002 -1.140001 0.000000
vt -25.000002 -3.220001 0.000000
vt -24.680002 -7.570001 0.000000
vt -25.000002 -5.340001 0.000000
vt -25.000002 -7.570001 0.000000
vt -24.680002 -9.680001 0.000000
vt -19.270000 -10.000001 0.000000
vt -25.000002 -10.000001 0.000000
vt -25.000002 -9.680001 0.000000
vt -13.640000 -10.000001 0.000000
vt -8.220000 -10.000001 0.000000
vt -2.840000 -10.000001 0.000000
vt 2.840000 -10.000001 0.000000
vt 2.840000 -9.680003 0.000000
vt 8.220000 -9.680001 0.000000
vt 15.000001 -0.000001 0.000000
vt 13.640000 -9.680001 0.000000
vt 19.270000 -9.680001 0.000000
vt 8.220000 -10.000001 0.000000
vt 13.640000 -10.000001 0.000000
vt 19.270000 -10.000001 0.000000
vt 24.680002 -10.000001 0.000000
vt 24.680002 -7.570001 0.000000
vt 24.680002 -5.340001 0.000000
vt 25.000002 -7.570001 0.000000
vt 25.000002 -5.340001 0.000000
vt 24.680002 -3.220001 0.000000
vt 24.680002 -1.140001 0.000000
vt 25.000002 -3.220001 0.000000
vt 25.000002 -1.140001 0.000000
vt 24.680002 1.139999 0.000000
vt 24.680002 3.219999 0.000000
vt 19.270000 9.680002 0.000000
vt 24.680002 5.339999 0.000000
vt 24.680000 7.569999 0.000000
vt 25.000002 7.569999 0.000000
vt 25.000002 5.339999 0.000000
vt 25.000002 1.139999 0.000000
vt 25.000002 3.219999 0.000000
vt 24.680000 9.680002 0.000000
vt 19.270000 9.999999 0.000000
vt 13.640000 9.999999 0.000000
vt 13.640000 9.680002 0.000000
vt -9.999999 -2.840000 0.000000
vt -9.680002 -8.220000 0.000000
vt -9.680002 -2.840000 0.000000
vt 0.000001 -5.000000 0.000000
vt 0.000001 5.000000 0.000000
vt 9.680003 2.840000 0.000000
vt 9.680003 8.220000 0.000000
vt -9.999999 -8.220000 0.000000
vt 0.000001 -15.000001 0.000000
vt -9.680002 -13.640000 0.000000
vt -9.680002 -19.270000 0.000000
vt -9.999999 -13.640000 0.000000
vt -9.999999 -19.270000 0.000000
vt -9.680002 -24.680000 0.000000
vt -7.569999 -24.680000 0.000000
vt -5.339999 -24.680002 0.000000
vt -3.219999 -24.680002 0.000000
vt -7.569999 -25.000002 0.000000
vt -5.339999 -25.000002 0.000000
vt -3.219999 -25.000002 0.000000
vt -1.139999 -25.000002 0.000000
vt -1.139999 -24.680002 0.000000
vt 1.140001 -24.680002 0.000000
vt 3.220001 -24.680002 0.000000
vt 3.220001 -25.000002 0.000000
vt 1.140001 -25.000002 0.000000
vt 9.680001 -19.270000 0.000000
vt 5.340001 -24.680002 0.000000
vt 7.570001 -24.680002 0.000000
vt 7.570001 -25.000002 0.000000
vt 5.340001 -25.000002 0.000000
vt 10.000001 -24.680002 0.000000
vt 10.000001 -19.270000 0.000000
vt 9.680001 -13.640000 0.000000
vt 9.680001 -8.220000 0.000000
vt 9.680003 -2.840000 0.000000
vt 10.000001 -2.840000 0.000000
vt 10.000001 2.840000 0.000000
vt 10.000001 -13.640000 0.000000
vt 10.000001 -8.220000 0.000000
vt 10.000001 8.220000 0.000000
vt 9.680003 13.640000 0.000000
vt 0.000001 15.000001 0.000000
vt -9.679999 8.220000 0.000000
vt -9.680002 2.840000 0.000000
vt -9.999999 8.220000 0.000000
vt -9.999999 2.840000 0.000000
vt 10.000001 13.640000 0.000000
vt 9.680003 19.270000 0.000000
vt 3.220001 24.680002 0.000000
vt 1.140001 24.680002 0.000000
vt 1.140001 25.000002 0.000000
vt 3.220001 25.000002 0.000000
vt 10.000001 19.270000 0.000000
vt 9.680001 24.680002 0.000000
vt 7.570001 24.680002 0.000000
vt 5.340001 24.680002 0.000000
vt 5.340001 25.000002 0.000000
vt 7.570001 25.000002 0.000000
vt 10.000001 25.000002 0.000000
vt 9.680001 25.000002 0.000000
vt -1.139999 24.680002 0.000000
vt -3.219999 24.680002 0.000000
vt -9.679999 19.270000 0.000000
vt -5.339999 24.680002 0.000000
vt -7.569999 24.680002 0.000000
vt -7.569999 25.000002 0.000000
vt -5.339999 25.000002 0.000000
vt -1.139999 25.000002 0.000000
vt -3.219999 25.000002 0.000000
vt -9.679998 24.680002 0.000000
vt -9.679999 13.640000 0.000000
vt -9.999999 19.270000 0.000000
vt -9.999999 13.640000 0.000000
vn 1.000000 0.000000 0.000000
vn 1.000000 0.000000 0.000000
vn 1.000000 0.000000 0.000000
vn 1.000000 0.000000 0.000000
vn 0.000000 0.000000 1.000000
vn 0.000000 0.000000 1.000000
vn 0.000000 0.000000 1.000000
vn 0.000000 0.000000 1.000000
vn 1.000000 0.000000 0.000000
vn 1.000000 0.000000 0.000000
vn 1.000000 0.000000 0.000000
vn 1.000000 0.000000 0.000000
vn 0.000000 0.000000 -1.000000
vn 0.000000 0.000000 -1.000000
vn 0.000000 0.000000 -1.000000
vn 0.000000 0.000000 -1.000000
vn 1.000000 0.000000 0.000000
vn 1.000000 0.000000 0.000000
vn 1.000000 0.000000 0.000000
vn 1.000000 0.000000 0.000000
vn 0.000000 0.000000 1.000000
vn 0.000000 0.000000 1.000000
vn 0.000000 0.000000 1.000000
vn 0.000000 0.000000 1.000000
vn 1.000000 0.000000 0.000000
vn 1.000000 0.000000 0.000000
vn 1.000000 0.000000 0.000000
vn 1.000000 0.000000 0.000000
vn 0.000000 0.000000 1.000000
vn 0.000000 0.000000 1.000000
vn 0.000000 0.000000 1.000000
vn 0.000000 0.000000 1.000000
vn 1.000000 0.000000 0.000000
vn 1.000000 0.000000 0.000000
vn 1.000000 0.000000 0.000000
vn 1.000000 0.000000 0.000000
vn 0.000000 0.000000 1.000000
vn 0.000000 0.000000 1.000000
vn 0.000000 0.000000 1.000000
vn 0.000000 0.000000 1.000000
vn -1.000000 0.000000 0.000000
vn -1.000000 0.000000 0.000000
vn -1.000000 0.000000 0.000000
vn -1.000000 0.000000 0.000000
vn 0.000000 0.000000 1.000000
vn 0.000000 0.000000 1.000000
vn 0.000000 0.000000 1.000000
vn 0.000000 0.000000 1.000000
vn 1.000000 0.000000 0.000000
vn 1.000000 0.000000 0.000000
vn 1.000000 0.000000 0.000000
vn 1.000000 0.000000 0.000000
vn 0.000000 0.000000 1.000000
vn 0.000000 0.000000 1.000000
vn 0.000000 0.000000 1.000000
vn 0.000000 0.000000 1.000000
vn -1.000000 0.000000 0.000000
vn -1.000000 0.000000 0.000000
vn -1.000000 0.000000 0.000000
vn -1.000000 0.000000 0.000000
vn 0.000000 0.000000 1.000000
vn 0.000000 0.000000 1.000000
vn 0.000000 0.000000 1.000000
vn 0.000000 0.000000 1.000000
vn 1.000000 0.000000 0.000000
vn 1.000000 0.000000 0.000000
vn 1.000000 0.000000 0.000000
vn 1.000000 0.000000 0.000000
vn 0.000000 0.000000 1.000000
vn 0.000000 0.000000 1.000000
vn 0.000000 0.000000 1.000000
vn 0.000000 0.000000 1.000000
vn -1.000000 0.000000 0.000000
vn -1.000000 0.000000 0.000000
vn -1.000000 0.000000 0.000000
vn -1.000000 0.000000 0.000000
vn 0.000000 0.000000 1.000000
vn 0.000000 0.000000 1.000000
vn 0.000000 0.000000 1.000000
vn 0.000000 0.000000 1.000000
vn 1.000000 0.000000 0.000000
vn 1.000000 0.000000 0.000000
vn 1.000000 0.000000 0.000000
vn 1.000000 0.000000 0.000000
vn 0.000000 0.000000 1.000000
vn 0.000000 0.000000 1.000000
vn 0.000000 0.000000 1.000000
vn 0.000000 0.000000 1.000000
vn -1.000000 0.000000 0.000000
vn -1.000000 0.000000 0.000000
vn -1.000000 0.000000 0.000000
vn -1.000000 0.000000 0.000000
vn 0.000000 0.000000 1.000000
vn 0.000000 0.000000 1.000000
vn 0.000000 0.000000 1.000000
vn 0.000000 0.000000 1.000000
vn -1.000000 0.000000 0.000000
vn -1.000000 0.000000 0.000000
vn -1.000000 0.000000 0.000000
vn -1.000000 0.000000 0.000000
vn 0.000000 0.000000 -1.000000
vn 0.000000 0.000000 -1.000000
vn 0.000000 0.000000 -1.000000
vn 0.000000 0.000000 -1.000000
vn -1.000000 0.000000 0.000000
vn -1.000000 0.000000 0.000000
vn -1.000000 0.000000 0.000000
vn -1.000000 0.000000 0.000000
vn 0.000000 0.000000 1.000000
vn 0.000000 0.000000 1.000000
vn 0.000000 0.000000 1.000000
vn 0.000000 0.000000 1.000000
vn -1.000000 0.000000 0.000000
vn -1.000000 0.000000 0.000000
vn -1.000000 0.000000 0.000000
vn -1.000000 0.000000 0.000000
vn 0.000000 0.000000 -1.000000
vn 0.000000 0.000000 -1.000000
vn 0.000000 0.000000 -1.000000
vn 0.000000 0.000000 -1.000000
vn -1.000000 0.000000 0.000000
vn -1.000000 0.000000 0.000000
vn -1.000000 0.000000 0.000000
vn -1.000000 0.000000 0.000000
vn 0.000000 0.000000 1.000000
vn 0.000000 0.000000 1.000000
vn 0.000000 0.000000 1.000000
vn 0.000000 0.000000 1.000000
vn -1.000000 0.000000 0.000000
vn -1.000000 0.000000 0.000000
vn -1.000000 0.000000 0.000000
vn -1.000000 0.000000 0.000000
vn 0.000000 0.000000 -1.000000
vn 0.000000 0.000000 -1.000000
vn 0.000000 0.000000 -1.000000
vn 0.000000 0.000000 -1.000000
vn -1.000000 0.000000 0.000000
vn -1.000000 0.000000 0.000000
vn -1.000000 0.000000 0.000000
vn -1.000000 0.000000 0.000000
vn 0.000000 0.000000 1.000000
vn 0.000000 0.000000 1.000000
vn 0.000000 0.000000 1.000000
vn 0.000000 0.000000 1.000000
vn -1.000000 0.000000 0.000000
vn -1.000000 0.000000 0.000000
vn -1.000000 0.000000 0.000000
vn -1.000000 0.000000 0.000000
vn 0.000000 0.000000 -1.000000
vn 0.000000 0.000000 -1.000000
vn 0.000000 0.000000 -1.000000
vn 0.000000 0.000000 -1.000000
vn -1.000000 0.000000 0.000000
vn -1.000000 0.000000 0.000000
vn -1.000000 0.000000 0.000000
vn -1.000000 0.000000 0.000000
vn 0.000000 0.000000 1.000000
vn 0.000000 0.000000 1.000000
vn 0.000000 0.000000 1.000000
vn 0.000000 0.000000 1.000000
vn -1.000000 0.000000 0.000000
vn -1.000000 0.000000 0.000000
vn -1.000000 0.000000 0.000000
vn -1.000000 0.000000 0.000000
vn -0.000000 0.000000 -1.000000
vn -0.000000 0.000000 -1.000000
vn -0.000000 0.000000 -1.000000
vn -0.000000 0.000000 -1.000000
vn 1.000000 0.000000 0.000000
vn 1.000000 0.000000 0.000000
vn 1.000000 0.000000 0.000000
vn 1.000000 0.000000 0.000000
vn -0.000000 0.000000 -1.000000
vn -0.000000 0.000000 -1.000000
vn -0.000000 0.000000 -1.000000
vn -0.000000 0.000000 -1.000000
vn -1.000000 0.000000 0.000000
vn -1.000000 0.000000 0.000000
vn -1.000000 0.000000 0.000000
vn -1.000000 0.000000 0.000000
vn -0.000000 0.000000 -1.000000
vn -0.000000 0.000000 -1.000000
vn -0.000000 0.000000 -1.000000
vn -0.000000 0.000000 -1.000000
vn 1.000000 0.000000 0.000000
vn 1.000000 0.000000 0.000000
vn 1.000000 0.000000 0.000000
vn 1.000000 0.000000 0.000000
vn 0.000000 0.000000 -1.000000
vn 0.000000 0.000000 -1.000000
vn 0.000000 0.000000 -1.000000
vn 0.000000 0.000000 -1.000000
vn -1.000000 0.000000 0.000000
vn -1.000000 0.000000 0.000000
vn -1.000000 0.000000 0.000000
vn -1.000000 0.000000 0.000000
vn -0.000000 0.000000 -1.000000
vn -0.000000 0.000000 -1.000000
vn -0.000000 0.000000 -1.000000
vn -0.000000 0.000000 -1.000000
vn 1.000000 0.000000 0.000000
vn 1.000000 0.000000 0.000000
vn 1.000000 0.000000 0.000000
vn 1.000000 0.000000 0.000000
vn -0.000000 0.000000 -1.000000
vn -0.000000 0.000000 -1.000000
vn -0.000000 0.000000 -1.000000
vn -0.000000 0.000000 -1.000000
vn -1.000000 0.000000 0.000000
vn -1.000000 0.000000 0.000000
vn -1.000000 0.000000 0.000000
vn -1.000000 0.000000 0.000000
vn -0.000000 0.000000 -1.000000
vn -0.000000 0.000000 -1.000000
vn -0.000000 0.000000 -1.000000
vn -0.000000 0.000000 -1.000000
vn 1.000000 0.000000 0.000000
vn 1.000000 0.000000 0.000000
vn 1.000000 0.000000 0.000000
vn 1.000000 0.000000 0.000000
vn 0.000000 0.000000 -1.000000
vn 0.000000 0.000000 -1.000000
vn 0.000000 0.000000 -1.000000
vn 0.000000 0.000000 -1.000000
vn -1.000000 0.000000 0.000000
vn -1.000000 0.000000 0.000000
vn -1.000000 0.000000 0.000000
vn -1.000000 0.000000 0.000000
vn -0.000000 0.000000 -1.000000
vn -0.000000 0.000000 -1.000000
vn -0.000000 0.000000 -1.000000
vn -0.000000 0.000000 -1.000000
vn 1.000000 0.000000 0.000000
vn 1.000000 0.000000 0.000000
vn 1.000000 0.000000 0.000000
vn 1.000000 0.000000 0.000000
vn 0.000000 0.000000 -1.000000
vn 0.000000 0.000000 -1.000000
vn 0.000000 0.000000 -1.000000
vn 0.000000 0.000000 -1.000000
vn 1.000000 0.000000 -0.000000
vn 1.000000 0.000000 -0.000000
vn 1.000000 0.000000 -0.000000
vn 1.000000 0.000000 -0.000000
vn 0.000000 0.000000 -1.000000
vn 0.000000 0.000000 -1.000000
vn 0.000000 0.000000 -1.000000
vn 0.000000 0.000000 -1.000000
vn 1.000000 0.000000 0.000000
vn 1.000000 0.000000 0.000000
vn 1.000000 0.000000 0.000000
vn 1.000000 0.000000 0.000000
vn 0.000000 0.000000 1.000000
vn 0.000000 0.000000 1.000000
vn 0.000000 0.000000 1.000000
vn 0.000000 0.000000 1.000000
vn 1.000000 0.000000 0.000000
vn 1.000000 0.000000 0.000000
vn 1.000000 0.000000 0.000000
vn 1.000000 0.000000 0.000000
vn 0.000000 0.000000 -1.000000
vn 0.000000 0.000000 -1.000000
vn 0.000000 0.000000 -1.000000
vn 0.000000 0.000000 -1.000000
vn 1.000000 0.000000 0.000000
vn 1.000000 0.000000 0.000000
vn 1.000000 0.000000 0.000000
vn 1.000000 0.000000 0.000000
vn 0.000000 0.000000 1.000000
vn 0.000000 0.000000 1.000000
vn 0.000000 0.000000 1.000000
vn 0.000000 0.000000 1.000000
vn 1.000000 0.000000 0.000000
vn 1.000000 0.000000 0.000000
vn 1.000000 0.000000 0.000000
vn 1.000000 0.000000 0.000000
vn 0.000000 0.000000 -1.000000
vn 0.000000 0.000000 -1.000000
vn 0.000000 0.000000 -1.000000
vn 0.000000 0.000000 -1.000000
vn 0.000000 1.000000 0.000000
vn 0.000000 1.000000 0.000000
vn 0.000000 1.000000 0.000000
vn 0.000000 1.000000 0.000000
vn 0.000000 1.000000 0.000000
vn 0.000000 1.000000 0.000000
vn 0.000000 1.000000 0.000000
vn 0.000000 1.000000 0.000000
vn 0.000000 1.000000 0.000000
vn 0.000000 1.000000 0.000000
vn 0.000000 1.000000 0.000000
vn 0.000000 1.000000 0.000000
vn 0.000000 1.000000 0.000000
vn 0.000000 1.000000 0.000000
vn 0.000000 1.000000 0.000000
vn 0.000000 1.000000 0.000000
vn 0.000000 1.000000 0.000000
vn 0.000000 1.000000 0.000000
vn 0.000000 1.000000 0.000000
vn 0.000000 1.000000 0.000000
vn 0.000000 1.000000 0.000000
vn 0.000000 1.000000 0.000000
vn 0.000000 1.000000 0.000000
vn 0.000000 1.000000 0.000000
vn 0.000000 1.000000 0.000000
vn 0.000000 1.000000 0.000000
vn 0.000000 1.000000 0.000000
vn 0.000000 1.000000 0.000000
vn 0.000000 1.000000 0.000000
vn 0.000000 1.000000 0.000000
vn 0.000000 1.000000 0.000000
vn 0.000000 1.000000 0.000000
vn 0.000000 1.000000 0.000000
vn 0.000000 1.000000 0.000000
vn 0.000000 1.000000 0.000000
vn 0.000000 1.000000 0.000000
vn 0.000000 1.000000 0.000000
vn 0.000000 1.000000 0.000000
vn 0.000000 1.000000 0.000000
vn 0.000000 1.000000 0.000000
vn 0.000000 1.000000 0.000000
vn 0.000000 1.000000 0.000000
vn 0.000000 1.000000 0.000000
vn 0.000000 1.000000 0.000000
vn 0.000000 1.000000 0.000000
vn 0.000000 1.000000 0.000000
vn 0.000000 1.000000 0.000000
vn 0.000000 1.000000 0.000000
vn 0.000000 1.000000 0.000000
vn 0.000000 1.000000 0.000000
vn 0.000000 1.000000 0.000000
vn 0.000000 1.000000 0.000000
vn 0.000000 1.000000 0.000000
vn 0.000000 1.000000 0.000000
vn 0.000000 1.000000 0.000000
vn 0.000000 1.000000 0.000000
vn 0.000000 1.000000 0.000000
vn 0.000000 1.000000 0.000000
vn 0.000000 1.000000 0.000000
vn 0.000000 1.000000 0.000000
vn 0.000000 1.000000 0.000000
vn 0.000000 1.000000 0.000000
vn 0.000000 1.000000 0.000000
vn 0.000000 1.000000 0.000000
vn 0.000000 1.000000 0.000000
vn 0.000000 1.000000 0.000000
vn 0.000000 1.000000 0.000000
vn 0.000000 1.000000 0.000000
vn 0.000000 1.000000 0.000000
vn 0.000000 1.000000 0.000000
vn 0.000000 1.000000 0.000000
vn 0.000000 1.000000 0.000000
vn 0.000000 1.000000 0.000000
vn 0.000000 1.000000 0.000000
vn -0.000000 -1.000000 -0.000000
vn -0.000000 -1.000000 -0.000000
vn -0.000000 -1.000000 -0.000000
vn -0.000000 -1.000000 -0.000000
vn -0.000000 -1.000000 -0.000000
vn -0.000000 -1.000000 -0.000000
vn -0.000000 -1.000000 -0.000000
vn -0.000000 -1.000000 -0.000000
vn -0.000000 -1.000000 -0.000000
vn -0.000000 -1.000000 -0.000000
vn -0.000000 -1.000000 -0.000000
vn -0.000000 -1.000000 -0.000000
vn -0.000000 -1.000000 -0.000000
vn -0.000000 -1.000000 -0.000000
vn -0.000000 -1.000000 -0.000000
vn -0.000000 -1.000000 -0.000000
vn -0.000000 -1.000000 -0.000000
vn -0.000000 -1.000000 -0.000000
vn -0.000000 -1.000000 -0.000000
vn -0.000000 -1.000000 -0.000000
vn -0.000000 -1.000000 -0.000000
vn -0.000000 -1.000000 -0.000000
vn -0.000000 -1.000000 -0.000000
vn -0.000000 -1.000000 -0.000000
vn -0.000000 -1.000000 -0.000000
vn -0.000000 -1.000000 -0.000000
vn -0.000000 -1.000000 -0.000000
vn -0.000000 -1.000000 -0.000000
vn -0.000000 -1.000000 -0.000000
vn -0.000000 -1.000000 -0.000000
vn -0.000000 -1.000000 -0.000000
vn -0.000000 -1.000000 -0.000000
vn -0.000000 -1.000000 -0.000000
vn -0.000000 -1.000000 -0.000000
vn -0.000000 -1.000000 -0.000000
vn -0.000000 -1.000000 -0.000000
vn -0.000000 -1.000000 -0.000000
vn -0.000000 -1.000000 -0.000000
vn -0.000000 -1.000000 -0.000000
vn -0.000000 -1.000000 -0.000000
vn -0.000000 -1.000000 -0.000000
vn -0.000000 -1.000000 -0.000000
vn -0.000000 -1.000000 -0.000000
vn -0.000000 -1.000000 -0.000000
vn -0.000000 -1.000000 -0.000000
vn -0.000000 -1.000000 -0.000000
vn -0.000000 -1.000000 -0.000000
vn -0.000000 -1.000000 -0.000000
vn -0.000000 -1.000000 -0.000000
vn -0.000000 -1.000000 -0.000000
vn -0.000000 -1.000000 -0.000000
vn -0.000000 -1.000000 -0.000000
vn -0.000000 -1.000000 -0.000000
vn -0.000000 -1.000000 -0.000000
vn -0.000000 -1.000000 -0.000000
vn -0.000000 -1.000000 -0.000000
vn -0.000000 -1.000000 -0.000000
vn -0.000000 -1.000000 -0.000000
vn -0.000000 -1.000000 -0.000000
vn -0.000000 -1.000000 -0.000000
vn -0.000000 -1.000000 -0.000000
vn -0.000000 -1.000000 -0.000000
vn -0.000000 -1.000000 -0.000000
vn -0.000000 -1.000000 -0.000000
vn -0.000000 -1.000000 -0.000000
vn -0.000000 -1.000000 -0.000000
vn -0.000000 -1.000000 -0.000000
vn -0.000000 -1.000000 -0.000000
vn -0.000000 -1.000000 -0.000000
vn -0.000000 -1.000000 -0.000000
vn -0.000000 -1.000000 -0.000000
vn -0.000000 -1.000000 -0.000000
vn -0.000000 -1.000000 -0.000000
vn -0.000000 -1.000000 -0.000000
f 1466/3466/3434 1467/3467/3435 1469/3468/3436
f 1469/3468/3436 1467/3467/3435 1468/3469/3437
f 1470/3470/3438 1466/3471/3439 1471/3472/3440
f 1471/3472/3440 1466/3471/3439 1469/3473/3441
f 1472/3474/3442 1470/3475/3443 1473/3476/3444
f 1473/3476/3444 1470/3475/3443 1471/3477/3445
f 1474/3478/3446 1472/3479/3447 1475/3480/3448
f 1475/3480/3448 1472/3479/3447 1473/3481/3449
f 1476/3482/3450 1474/3483/3451 1477/3484/3452
f 1477/3484/3452 1474/3483/3451 1475/3485/3453
f 1478/3486/3454 1476/3487/3455 1479/3488/3456
f 1479/3488/3456 1476/3487/3455 1477/3489/3457
f 1480/3490/3458 1478/3491/3459 1481/3492/3460
f 1481/3492/3460 1478/3491/3459 1479/3493/3461
f 1482/3494/3462 1480/3495/3463 1483/3496/3464
f 1483/3496/3464 1480/3495/3463 1481/3497/3465
f 1484/3498/3466 1482/3499/3467 1485/3500/3468
f 1485/3500/3468 1482/3499/3467 1483/3501/3469
f 1486/3502/3470 1484/3503/3471 1487/3504/3472
f 1487/3504/3472 1484/3503/3471 1485/3505/3473
f 1488/3506/3474 1486/3507/3475 1489/3508/3476
f 1489/3508/3476 1486/3507/3475 1487/3509/3477
f 1490/3510/3478 1488/3511/3479 1491/3512/3480
f 1491/3512/3480 1488/3511/3479 1489/3513/3481
f 1492/3514/3482 1490/3515/3483 1493/3516/3484
f 1493/3516/3484 1490/3515/3483 1491/3517/3485
f 1494/3518/3486 1492/3519/3487 1495/3520/3488
f 1495/3520/3488 1492/3519/3487 1493/3521/3489
f 1496/3522/3490 1494/3523/3491 1497/3524/3492
f 1497/3524/3492 1494/3523/3491 1495/3525/3493
f 1498/3526/3494 1496/3527/3495 1499/3528/3496
f 1499/3528/3496 1496/3527/3495 1497/3529/3497
f 1500/3530/3498 1498/3531/3499 1501/3532/3500
f 1501/3532/3500 1498/3531/3499 1499/3533/3501
f 1502/3534/3502 1500/3535/3503 1503/3536/3504
f 1503/3536/3504 1500/3535/3503 1501/3537/3505
f 1504/3538/3506 1502/3539/3507 1505/3540/3508
f 1505/3540/3508 1502/3539/3507 1503/3541/3509
f 1506/3542/3510 1504/3543/3511 1507/3544/3512
f 1507/3544/3512 1504/3543/3511 1505/3545/3513
f 1508/3546/3514 1506/3547/3515 1509/3548/3516
f 1509/3548/3516 1506/3547/3515 1507/3549/3517
f 1510/3550/3518 1508/3551/3519 1511/3552/3520
f 1511/3552/3520 1508/3551/3519 1509/3553/3521
f 1512/3554/3522 1510/3555/3523 1513/3556/3524
f 1513/3556/3524 1510/3555/3523 1511/3557/3525
f 1514/3558/3526 1512/3559/3527 1515/3560/3528
f 1515/3560/3528 1512/3559/3527 1513/3561/3529
f 1516/3562/3530 1514/3563/3531 1517/3564/3532
f 1517/3564/3532 1514/3563/3531 1515/3565/3533
f 1518/3566/3534 1516/3567/3535 1519/3568/3536
f 1519/3568/3536 1516/3567/3535 1517/3569/3537
f 1520/3570/3538 1518/3571/3539 1521/3572/3540
f 1521/3572/3540 1518/3571/3539 1519/3573/3541
f 1522/3574/3542 1520/3575/3543 1523/3576/3544
f 1523/3576/3544 1520/3575/3543 1521/3577/3545
f 1524/3578/3546 1522/3579/3547 1525/3580/3548
f 1525/3580/3548 1522/3579/3547 1523/3581/3549
f 1526/3582/3550 1524/3583/3551 1527/3584/3552
f 1527/3584/3552 1524/3583/3551 1525/3585/3553
f 1528/3586/3554 1526/3587/3555 1529/3588/3556
f 1529/3588/3556 1526/3587/3555 1527/3589/3557
f 1530/3590/3558 1528/3591/3559 1531/3592/3560
f 1531/3592/3560 1528/3591/3559 1529/3593/3561
f 1532/3594/3562 1530/3595/3563 1533/3596/3564
f 1533/3596/3564 1530/3595/3563 1531/3597/3565
f 1534/3598/3566 1532/3599/3567 1535/3600/3568
f 1535/3600/3568 1532/3599/3567 1533/3601/3569
f 1536/3602/3570 1534/3603/3571 1537/3604/3572
f 1537/3604/3572 1534/3603/3571 1535/3605/3573
f 1538/3606/3574 1536/3607/3575 1539/3608/3576
f 1539/3608/3576 1536/3607/3575 1537/3609/3577
f 1540/3610/3578 1538/3611/3579 1541/3612/3580
f 1541/3612/3580 1538/3611/3579 1539/3613/3581
f 1542/3614/3582 1540/3615/3583 1543/3616/3584
f 1543/3616/3584 1540/3615/3583 1541/3617/3585
f 1544/3618/3586 1542/3619/3587 1545/3620/3588
f 1545/3620/3588 1542/3619/3587 1543/3621/3589
f 1546/3622/3590 1544/3623/3591 1547/3624/3592
f 1547/3624/3592 1544/3623/3591 1545/3625/3593
f 1548/3626/3594 1546/3627/3595 1549/3628/3596
f 1549/3628/3596 1546/3627/3595 1547/3629/3597
f 1550/3630/3598 1548/3631/3599 1551/3632/3600
f 1551/3632/3600 1548/3631/3599 1549/3633/3601
f 1552/3634/3602 1550/3635/3603 1553/3636/3604
f 1553/3636/3604 1550/3635/3603 1551/3637/3605
f 1554/3638/3606 1552/3639/3607 1555/3640/3608
f 1555/3640/3608 1552/3639/3607 1553/3641/3609
f 1556/3642/3610 1554/3643/3611 1557/3644/3612
f 1557/3644/3612 1554/3643/3611 1555/3645/3613
f 1558/3646/3614 1556/3647/3615 1559/3648/3616
f 1559/3648/3616 1556/3647/3615 1557/3649/3617
f 1560/3650/3618 1558/3651/3619 1561/3652/3620
f 1561/3652/3620 1558/3651/3619 1559/3653/3621
f 1562/3654/3622 1560/3655/3623 1563/3656/3624
f 1563/3656/3624 1560/3655/3623 1561/3657/3625
f 1564/3658/3626 1562/3659/3627 1565/3660/3628
f 1565/3660/3628 1562/3659/3627 1563/3661/3629
f 1566/3662/3630 1564/3663/3631 1567/3664/3632
f 1567/3664/3632 1564/3663/3631 1565/3665/3633
f 1568/3666/3634 1566/3667/3635 1569/3668/3636
f 1569/3668/3636 1566/3667/3635 1567/3669/3637
f 1570/3670/3638 1568/3671/3639 1571/3672/3640
f 1571/3672/3640 1568/3671/3639 1569/3673/3641
f 1572/3674/3642 1570/3675/3643 1573/3676/3644
f 1573/3676/3644 1570/3675/3643 1571/3677/3645
f 1574/3678/3646 1572/3679/3647 1575/3680/3648
f 1575/3680/3648 1572/3679/3647 1573/3681/3649
f 1576/3682/3650 1574/3683/3651 1577/3684/3652
f 1577/3684/3652 1574/3683/3651 1575/3685/3653
f 1578/3686/3654 1576/3687/3655 1579/3688/3656
f 1579/3688/3656 1576/3687/3655 1577/3689/3657
f 1580/3690/3658 1578/3691/3659 1581/3692/3660
f 1581/3692/3660 1578/3691/3659 1579/3693/3661
f 1582/3694/3662 1580/3695/3663 1583/3696/3664
f 1583/3696/3664 1580/3695/3663 1581/3697/3665
f 1584/3698/3666 1582/3699/3667 1585/3700/3668
f 1585/3700/3668 1582/3699/3667 1583/3701/3669
f 1586/3702/3670 1584/3703/3671 1587/3704/3672
f 1587/3704/3672 1584/3703/3671 1585/3705/3673
f 1588/3706/3674 1586/3707/3675 1589/3708/3676
f 1589/3708/3676 1586/3707/3675 1587/3709/3677
f 1590/3710/3678 1588/3711/3679 1591/3712/3680
f 1591/3712/3680 1588/3711/3679 1589/3713/3681
f 1592/3714/3682 1590/3715/3683 1593/3716/3684
f 1593/3716/3684 1590/3715/3683 1591/3717/3685
f 1594/3718/3686 1592/3719/3687 1595/3720/3688
f 1595/3720/3688 1592/3719/3687 1593/3721/3689
f 1596/3722/3690 1594/3723/3691 1597/3724/3692
f 1597/3724/3692 1594/3723/3691 1595/3725/3693
f 1598/3726/3694 1596/3727/3695 1599/3728/3696
f 1599/3728/3696 1596/3727/3695 1597/3729/3697
f 1600/3730/3698 1598/3731/3699 1601/3732/3700
f 1601/3732/3700 1598/3731/3699 1599/3733/3701
f 1602/3734/3702 1600/3735/3703 1603/3736/3704
f 1603/3736/3704 1600/3735/3703 1601/3737/3705
f 1604/3738/3706 1602/3739/3707 1605/3740/3708
f 1605/3740/3708 1602/3739/3707 1603/3741/3709
f 1467/3742/3710 1604/3743/3711 1468/3744/3712
f 1468/3744/3712 1604/3743/3711 1605/3745/3713
f 1469/3746/3714 1468/3747/3715 1471/3748/3716
f 1471/3748/3716 1468/3747/3715 1605/3749/3717
f 1471/3748/3716 1605/3749/3717 1608/3750/3718
f 1608/3750/3718 1605/3749/3717 1607/3751/3719
f 1608/3750/3718 1607/3751/3719 1535/3752/3720
f 1535/3752/3720 1607/3751/3719 1537/3753/3721
f 1537/3753/3721 1607/3751/3719 1606/3754/3722
f 1537/3753/3721 1606/3754/3722 1543/3755/3723
f 1543/3755/3723 1606/3754/3722 1545/3756/3724
f 1545/3756/3724 1606/3754/3722 1563/3757/3725
f 1545/3756/3724 1563/3757/3725 1561/3758/3726
f 1605/3749/3717 1603/3759/3727 1607/3751/3719
f 1607/3751/3719 1603/3759/3727 1597/3760/3728
f 1607/3751/3719 1597/3760/3728 1606/3754/3722
f 1606/3754/3722 1597/3760/3728 1595/3761/3729
f 1606/3754/3722 1595/3761/3729 1589/3762/3730
f 1589/3762/3730 1595/3761/3729 1591/3763/3731
f 1591/3763/3731 1595/3761/3729 1593/3764/3732
f 1601/3765/3733 1599/3766/3734 1603/3759/3727
f 1603/3759/3727 1599/3766/3734 1597/3760/3728
f 1587/3767/3735 1585/3768/3736 1589/3762/3730
f 1589/3762/3730 1585/3768/3736 1579/3769/3737
f 1589/3762/3730 1579/3769/3737 1577/3770/3738
f 1585/3768/3736 1583/3771/3739 1579/3769/3737
f 1579/3769/3737 1583/3771/3739 1581/3772/3740
f 1575/3773/3741 1571/3774/3742 1577/3770/3738
f 1577/3770/3738 1571/3774/3742 1606/3754/3722
f 1577/3770/3738 1606/3754/3722 1589/3762/3730
f 1575/3773/3741 1573/3775/3743 1571/3774/3742
f 1571/3774/3742 1569/3776/3744 1606/3754/3722
f 1606/3754/3722 1569/3776/3744 1563/3757/3725
f 1569/3776/3744 1567/3777/3745 1563/3757/3725
f 1563/3757/3725 1567/3777/3745 1565/3778/3746
f 1545/3756/3724 1561/3758/3726 1555/3779/3747
f 1555/3779/3747 1561/3758/3726 1559/3780/3748
f 1555/3779/3747 1559/3780/3748 1557/3781/3749
f 1555/3779/3747 1553/3782/3750 1545/3756/3724
f 1545/3756/3724 1553/3782/3750 1547/3783/3751
f 1547/3783/3751 1553/3782/3750 1549/3784/3752
f 1549/3784/3752 1553/3782/3750 1551/3785/3753
f 1541/3786/3754 1539/3787/3755 1543/3755/3723
f 1543/3755/3723 1539/3787/3755 1537/3753/3721
f 1533/3788/3756 1531/3789/3757 1535/3752/3720
f 1535/3752/3720 1531/3789/3757 1529/3790/3758
f 1535/3752/3720 1529/3790/3758 1608/3750/3718
f 1608/3750/3718 1529/3790/3758 1527/3791/3759
f 1608/3750/3718 1527/3791/3759 1609/3792/3760
f 1609/3792/3760 1527/3791/3759 1521/3793/3761
f 1609/3792/3760 1521/3793/3761 1519/3794/3762
f 1525/3795/3763 1523/3796/3764 1527/3791/3759
f 1527/3791/3759 1523/3796/3764 1521/3793/3761
f 1517/3797/3765 1515/3798/3766 1519/3794/3762
f 1519/3794/3762 1515/3798/3766 1513/3799/3767
f 1519/3794/3762 1513/3799/3767 1507/3800/3768
f 1507/3800/3768 1513/3799/3767 1511/3801/3769
f 1507/3800/3768 1511/3801/3769 1509/3802/3770
f 1507/3800/3768 1505/3803/3771 1519/3794/3762
f 1519/3794/3762 1505/3803/3771 1609/3792/3760
f 1609/3792/3760 1505/3803/3771 1499/3804/3772
f 1499/3804/3772 1505/3803/3771 1503/3805/3773
f 1499/3804/3772 1503/3805/3773 1501/3806/3774
f 1499/3804/3772 1497/3807/3775 1609/3792/3760
f 1609/3792/3760 1497/3807/3775 1491/3808/3776
f 1609/3792/3760 1491/3808/3776 1479/3809/3777
f 1479/3809/3777 1491/3808/3776 1489/3810/3778
f 1479/3809/3777 1489/3810/3778 1483/3811/3779
f 1483/3811/3779 1489/3810/3778 1485/3812/3780
f 1485/3812/3780 1489/3810/3778 1487/3813/3781
f 1497/3807/3775 1495/3814/3782 1491/3808/3776
f 1491/3808/3776 1495/3814/3782 1493/3815/3783
f 1483/3811/3779 1481/3816/3784 1479/3809/3777
f 1477/3817/3785 1475/3818/3786 1479/3809/3777
f 1479/3809/3777 1475/3818/3786 1473/3819/3787
f 1479/3809/3777 1473/3819/3787 1609/3792/3760
f 1609/3792/3760 1473/3819/3787 1471/3748/3716
f 1609/3792/3760 1471/3748/3716 1608/3750/3718
f 1467/3820/3788 1470/3821/3789 1604/3822/3790
f 1604/3822/3790 1470/3821/3789 1611/3823/3791
f 1604/3822/3790 1611/3823/3791 1610/3824/3792
f 1610/3824/3792 1611/3823/3791 1534/3825/3793
f 1610/3824/3792 1534/3825/3793 1536/3826/3794
f 1467/3820/3788 1466/3827/3795 1470/3821/3789
f 1611/3823/3791 1470/3821/3789 1612/3828/3796
f 1612/3828/3796 1470/3821/3789 1472/3829/3797
f 1612/3828/3796 1472/3829/3797 1478/3830/3798
f 1478/3830/3798 1472/3829/3797 1474/3831/3799
f 1478/3830/3798 1474/3831/3799 1476/3832/3800
f 1480/3833/3801 1482/3834/3802 1478/3830/3798
f 1478/3830/3798 1482/3834/3802 1488/3835/3803
f 1478/3830/3798 1488/3835/3803 1490/3836/3804
f 1482/3834/3802 1484/3837/3805 1488/3835/3803
f 1488/3835/3803 1484/3837/3805 1486/3838/3806
f 1492/3839/3807 1494/3840/3808 1490/3836/3804
f 1490/3836/3804 1494/3840/3808 1496/3841/3809
f 1490/3836/3804 1496/3841/3809 1612/3828/3796
f 1612/3828/3796 1496/3841/3809 1498/3842/3810
f 1612/3828/3796 1498/3842/3810 1504/3843/3811
f 1504/3843/3811 1498/3842/3810 1502/3844/3812
f 1502/3844/3812 1498/3842/3810 1500/3845/3813
f 1612/3828/3796 1504/3843/3811 1518/3846/3814
f 1518/3846/3814 1504/3843/3811 1506/3847/3815
f 1518/3846/3814 1506/3847/3815 1512/3848/3816
f 1512/3848/3816 1506/3847/3815 1510/3849/3817
f 1510/3849/3817 1506/3847/3815 1508/3850/3818
f 1512/3848/3816 1514/3851/3819 1518/3846/3814
f 1518/3846/3814 1514/3851/3819 1516/3852/3820
f 1518/3846/3814 1520/3853/3821 1612/3828/3796
f 1612/3828/3796 1520/3853/3821 1526/3854/3822
f 1612/3828/3796 1526/3854/3822 1611/3823/3791
f 1611/3823/3791 1526/3854/3822 1528/3855/3823
f 1611/3823/3791 1528/3855/3823 1534/3825/3793
f 1534/3825/3793 1528/3855/3823 1530/3856/3824
f 1534/3825/3793 1530/3856/3824 1532/3857/3825
f 1520/3853/3821 1522/3858/3826 1526/3854/3822
f 1526/3854/3822 1522/3858/3826 1524/3859/3827
f 1538/3860/3828 1542/3861/3829 1536/3826/3794
f 1536/3826/3794 1542/3861/3829 1613/3862/3830
f 1536/3826/3794 1613/3862/3830 1610/3824/3792
f 1610/3824/3792 1613/3862/3830 1596/3863/3831
f 1610/3824/3792 1596/3863/3831 1602/3864/3832
f 1602/3864/3832 1596/3863/3831 1598/3865/3833
f 1602/3864/3832 1598/3865/3833 1600/3866/3834
f 1538/3860/3828 1540/3867/3835 1542/3861/3829
f 1542/3861/3829 1544/3868/3836 1613/3862/3830
f 1613/3862/3830 1544/3868/3836 1562/3869/3837
f 1613/3862/3830 1562/3869/3837 1568/3870/3838
f 1568/3870/3838 1562/3869/3837 1566/3871/3839
f 1566/3871/3839 1562/3869/3837 1564/3872/3840
f 1546/3873/3841 1552/3874/3842 1544/3868/3836
f 1544/3868/3836 1552/3874/3842 1554/3875/3843
f 1544/3868/3836 1554/3875/3843 1560/3876/3844
f 1560/3876/3844 1554/3875/3843 1558/3877/3845
f 1558/3877/3845 1554/3875/3843 1556/3878/3846
f 1546/3873/3841 1548/3879/3847 1552/3874/3842
f 1552/3874/3842 1548/3879/3847 1550/3880/3848
f 1560/3876/3844 1562/3869/3837 1544/3868/3836
f 1568/3870/3838 1570/3881/3849 1613/3862/3830
f 1613/3862/3830 1570/3881/3849 1576/3882/3850
f 1613/3862/3830 1576/3882/3850 1588/3883/3851
f 1588/3883/3851 1576/3882/3850 1578/3884/3852
f 1588/3883/3851 1578/3884/3852 1584/3885/3853
f 1584/3885/3853 1578/3884/3852 1582/3886/3854
f 1582/3886/3854 1578/3884/3852 1580/3887/3855
f 1572/3888/3856 1574/3889/3857 1570/3881/3849
f 1570/3881/3849 1574/3889/3857 1576/3882/3850
f 1584/3885/3853 1586/3890/3858 1588/3883/3851
f 1613/3862/3830 1588/3883/3851 1594/3891/3859
f 1594/3891/3859 1588/3883/3851 1590/3892/3860
f 1594/3891/3859 1590/3892/3860 1592/3893/3861
f 1594/3891/3859 1596/3863/3831 1613/3862/3830
f 1602/3864/3832 1604/3822/3790 1610/3824/3792
f 1478/3830/3798 1490/3836/3804 1612/3828/3796
g Body14

v -66.899999 64.900000 33.219999
v -66.899999 64.900000 27.839999
v -66.899999 64.600000 27.839999
v -66.899999 64.600000 33.219999
v -66.580001 64.900000 33.219999
v -66.580001 64.600000 33.219999
v -66.580001 64.900000 38.639999
v -66.580001 64.600000 38.639999
v -66.899999 64.900000 38.639999
v -66.899999 64.600000 38.639999
v -66.899999 64.900000 44.269999
v -66.899999 64.600000 44.269999
v -66.580001 64.900000 44.269999
v -66.580001 64.600000 44.269999
v -66.580001 64.900000 49.679999
v -66.580001 64.600000 49.679999
v -64.469998 64.900000 49.679999
v -64.469998 64.600000 49.679999
v -64.469998 64.900000 50.000001
v -64.469998 64.600000 50.000001
v -62.239998 64.900000 50.000001
v -62.239998 64.600000 50.000001
v -62.239998 64.900000 49.680001
v -62.239998 64.600000 49.680001
v -60.119998 64.900000 49.680001
v -60.119998 64.600000 49.680001
v -60.119998 64.900000 50.000001
v -60.119998 64.600000 50.000001
v -58.039998 64.900000 50.000001
v -58.039998 64.600000 50.000001
v -58.039998 64.900000 49.680001
v -58.039998 64.600000 49.680001
v -55.759998 64.900000 49.680001
v -55.759998 64.600000 49.680001
v -55.759998 64.900000 50.000001
v -55.759998 64.600000 50.000001
v -53.679998 64.900000 50.000001
v -53.679998 64.600000 50.000001
v -53.679998 64.900000 49.680001
v -53.679998 64.600000 49.680001
v -51.559998 64.900000 49.680001
v -51.559998 64.600000 49.680001
v -51.559998 64.900000 50.000001
v -51.559998 64.600000 50.000001
v -49.329998 64.900000 50.000001
v -49.329998 64.600000 50.000001
v -49.329998 64.900000 49.680001
v -49.329998 64.600000 49.680001
v -46.899999 64.900000 49.680001
v -46.899999 64.600000 49.680001
v -46.899999 64.900000 44.269999
v -46.899999 64.600000 44.269999
v -47.219999 64.900000 44.269999
v -47.219999 64.600000 44.269999
v -47.219999 64.900000 38.639999
v -47.219999 64.600000 38.639999
v -46.899999 64.900000 38.639999
v -46.899999 64.600000 38.639999
v -46.899999 64.900000 33.219999
v -46.899999 64.600000 33.219999
v -47.219999 64.900000 33.219999
v -47.219999 64.600000 33.219999
v -47.219996 64.900000 27.839999
v -47.219996 64.600000 27.839999
v -46.899999 64.900000 27.839999
v -46.899999 64.600000 27.839999
v -46.899999 64.900000 22.159999
v -46.899999 64.600000 22.159999
v -47.219996 64.900000 22.159999
v -47.219996 64.600000 22.159999
v -47.219996 64.900000 16.779999
v -47.219996 64.600000 16.779999
v -46.899999 64.900000 16.779999
v -46.899999 64.600000 16.779999
v -46.899999 64.900000 11.359999
v -46.899999 64.600000 11.359999
v -47.219996 64.900000 11.359999
v -47.219996 64.600000 11.359999
v -47.219996 64.900000 5.729999
v -47.219996 64.600000 5.729999
v -46.899999 64.900000 5.729999
v -46.899999 64.600000 5.729999
v -46.899999 64.900000 -0.000003
v -46.899999 64.600000 -0.000003
v -47.219999 64.900000 -0.000003
v -47.219999 64.600000 -0.000003
v -47.219999 64.900000 0.319997
v -47.219999 64.600000 0.319997
v -49.329998 64.900000 0.319997
v -49.329998 64.600000 0.319997
v -49.329998 64.900000 -0.000003
v -49.329998 64.600000 -0.000003
v -51.559998 64.900000 -0.000003
v -51.559998 64.600000 -0.000003
v -51.559998 64.900000 0.319997
v -51.559998 64.600000 0.319997
v -53.679998 64.900000 0.319997
v -53.679998 64.600000 0.319997
v -53.679998 64.900000 -0.000003
v -53.679998 64.600000 -0.000003
v -55.759998 64.900000 -0.000003
v -55.759998 64.600000 -0.000003
v -55.759998 64.900000 0.319997
v -55.759998 64.600000 0.319997
v -58.039998 64.900000 0.319997
v -58.039998 64.600000 0.319997
v -58.039998 64.900000 -0.000003
v -58.039998 64.600000 -0.000003
v -60.119998 64.900000 -0.000003
v -60.119998 64.600000 -0.000003
v -60.119998 64.900000 0.319997
v -60.119998 64.600000 0.319997
v -62.239998 64.900000 0.319997
v -62.239998 64.600000 0.319997
v -62.239998 64.900000 -0.000003
v -62.239998 64.600000 -0.000003
v -64.469998 64.900000 -0.000003
v -64.469998 64.600000 -0.000003
v -64.469998 64.900000 0.319997
v -64.469998 64.600000 0.319997
v -66.579998 64.900000 0.319997
v -66.579998 64.600000 0.319997
v -66.579999 64.900000 5.729999
v -66.579999 64.600000 5.729999
v -66.899999 64.900000 5.729999
v -66.899999 64.600000 5.729999
v -66.899999 64.900000 11.359999
v -66.899999 64.600000 11.359999
v -66.579999 64.900000 11.359999
v -66.579999 64.600000 11.359999
v -66.579999 64.900000 16.779999
v -66.579999 64.600000 16.779999
v -66.899999 64.900000 16.779999
v -66.899999 64.600000 16.779999
v -66.899999 64.900000 22.159999
v -66.899999 64.600000 22.159999
v -66.580001 64.900000 22.159999
v -66.580001 64.600000 22.159999
v -66.580001 64.900000 27.839999
v -66.580001 64.600000 27.839999
v -56.899999 64.600000 9.999998
v -56.899999 64.600000 19.999999
v -56.899999 64.600000 29.999999
v -56.899999 64.600000 40.000000
v -56.899999 64.900000 19.999999
v -56.899999 64.900000 29.999999
v -56.899999 64.900000 40.000000
v -56.899999 64.900000 9.999998
vt 0.000000 -0.000000 0.000000
vt 5.380000 0.000000 0.000000
vt 0.000000 0.300000 0.000000
vt 5.380000 0.300000 0.000000
vt 0.000000 0.000000 0.000000
vt 0.319998 0.000000 0.000000
vt -0.000000 0.300000 0.000000
vt 0.319998 0.300000 0.000000
vt 0.000000 -0.000000 0.000000
vt 5.420000 0.000000 0.000000
vt 0.000000 0.300000 0.000000
vt 5.420000 0.300000 0.000000
vt 0.000000 0.000000 0.000000
vt 0.319998 -0.000000 0.000000
vt 0.000000 0.300000 0.000000
vt 0.319998 0.300000 0.000000
vt 0.000000 -0.000000 0.000000
vt 5.630000 0.000000 0.000000
vt 0.000000 0.300000 0.000000
vt 5.630000 0.300000 0.000000
vt 0.000000 0.000000 0.000000
vt 0.319998 0.000000 0.000000
vt -0.000000 0.300000 0.000000
vt 0.319998 0.300000 0.000000
vt 0.000000 -0.000000 0.000000
vt 5.410000 0.000000 0.000000
vt 0.000000 0.300000 0.000000
vt 5.410000 0.300000 0.000000
vt 0.000000 0.000000 0.000000
vt 2.110003 0.000000 0.000000
vt -0.000000 0.300000 0.000000
vt 2.110003 0.300000 0.000000
vt 0.000000 -0.000000 0.000000
vt 0.320002 0.000000 0.000000
vt 0.000000 0.300000 0.000000
vt 0.320002 0.300000 0.000000
vt 0.000000 0.000000 0.000000
vt 2.230000 0.000000 0.000000
vt -0.000000 0.300000 0.000000
vt 2.230000 0.300000 0.000000
vt 0.000000 0.000000 0.000000
vt 0.320000 0.000000 0.000000
vt 0.000000 0.300000 0.000000
vt 0.320000 0.300000 0.000000
vt 0.000000 0.000000 0.000000
vt 2.120000 0.000000 0.000000
vt -0.000000 0.300000 0.000000
vt 2.120000 0.300000 0.000000
vt 0.000000 -0.000000 0.000000
vt 0.320000 0.000000 0.000000
vt 0.000000 0.300000 0.000000
vt 0.320000 0.300000 0.000000
vt 0.000000 0.000000 0.000000
vt 2.080000 0.000000 0.000000
vt -0.000000 0.300000 0.000000
vt 2.080000 0.300000 0.000000
vt 0.000000 0.000000 0.000000
vt 0.320000 0.000000 0.000000
vt 0.000000 0.300000 0.000000
vt 0.320000 0.300000 0.000000
vt 0.000000 0.000000 0.000000
vt 2.280000 0.000000 0.000000
vt -0.000000 0.300000 0.000000
vt 2.280000 0.300000 0.000000
vt 0.000000 -0.000000 0.000000
vt 0.320000 0.000000 0.000000
vt 0.000000 0.300000 0.000000
vt 0.320000 0.300000 0.000000
vt 0.000000 0.000000 0.000000
vt 2.080000 0.000000 0.000000
vt -0.000000 0.300000 0.000000
vt 2.080000 0.300000 0.000000
vt 0.000000 0.000000 0.000000
vt 0.320000 0.000000 0.000000
vt 0.000000 0.300000 0.000000
vt 0.320000 0.300000 0.000000
vt 0.000000 0.000000 0.000000
vt 2.120000 0.000000 0.000000
vt -0.000000 0.300000 0.000000
vt 2.120000 0.300000 0.000000
vt 0.000000 -0.000000 0.000000
vt 0.320000 0.000000 0.000000
vt 0.000000 0.300000 0.000000
vt 0.320000 0.300000 0.000000
vt 0.000000 0.000000 0.000000
vt 2.230000 0.000000 0.000000
vt -0.000000 0.300000 0.000000
vt 2.230000 0.300000 0.000000
vt 0.000000 0.000000 0.000000
vt 0.320000 0.000000 0.000000
vt 0.000000 0.300000 0.000000
vt 0.320000 0.300000 0.000000
vt 0.000000 0.000000 0.000000
vt 2.430000 0.000000 0.000000
vt -0.000000 0.300000 0.000000
vt 2.430000 0.300000 0.000000
vt 0.000000 0.000000 0.000000
vt 5.410002 0.000000 0.000000
vt 0.000000 0.300000 0.000000
vt 5.410002 0.300000 0.000000
vt 0.000000 -0.000000 0.000000
vt 0.320000 -0.000000 0.000000
vt 0.000000 0.300000 0.000000
vt 0.320000 0.300000 0.000000
vt 0.000000 0.000000 0.000000
vt 5.630000 0.000000 0.000000
vt 0.000000 0.300000 0.000000
vt 5.630000 0.300000 0.000000
vt 0.000000 0.000000 0.000000
vt 0.320000 0.000000 0.000000
vt -0.000000 0.300000 0.000000
vt 0.320000 0.300000 0.000000
vt 0.000000 0.000000 0.000000
vt 5.420000 0.000000 0.000000
vt 0.000000 0.300000 0.000000
vt 5.420000 0.300000 0.000000
vt 0.000000 -0.000000 0.000000
vt 0.320000 -0.000000 0.000000
vt 0.000000 0.300000 0.000000
vt 0.320000 0.300000 0.000000
vt 0.000000 0.000000 0.000000
vt 5.380000 0.000000 0.000000
vt -0.000000 0.300000 0.000000
vt 5.380000 0.300000 0.000000
vt 0.000000 0.000000 0.000000
vt 0.319998 0.000000 0.000000
vt -0.000000 0.300000 0.000000
vt 0.319998 0.300000 0.000000
vt 0.000000 0.000000 0.000000
vt 5.680000 0.000000 0.000000
vt 0.000000 0.300000 0.000000
vt 5.680000 0.300000 0.000000
vt 0.000000 -0.000000 0.000000
vt 0.319998 -0.000000 0.000000
vt 0.000000 0.300000 0.000000
vt 0.319998 0.300000 0.000000
vt 0.000000 0.000000 0.000000
vt 5.380000 0.000000 0.000000
vt 0.000000 0.300000 0.000000
vt 5.380000 0.300000 0.000000
vt 0.000000 0.000000 0.000000
vt 0.319998 0.000000 0.000000
vt -0.000000 0.300000 0.000000
vt 0.319998 0.300000 0.000000
vt 0.000000 0.000000 0.000000
vt 5.420000 0.000000 0.000000
vt 0.000000 0.300000 0.000000
vt 5.420000 0.300000 0.000000
vt 0.000000 -0.000000 0.000000
vt 0.319998 -0.000000 0.000000
vt 0.000000 0.300000 0.000000
vt 0.319998 0.300000 0.000000
vt 0.000000 0.000000 0.000000
vt 5.630000 0.000000 0.000000
vt 0.000000 0.300000 0.000000
vt 5.630000 0.300000 0.000000
vt 0.000000 0.000000 0.000000
vt 0.319998 0.000000 0.000000
vt -0.000000 0.300000 0.000000
vt 0.319998 0.300000 0.000000
vt 0.000000 0.000000 0.000000
vt 5.730002 0.000000 0.000000
vt 0.000000 0.300000 0.000000
vt 5.730002 0.300000 0.000000
vt 0.000000 0.000000 0.000000
vt 0.320000 -0.000000 0.000000
vt 0.000000 0.300000 0.000000
vt 0.320000 0.300000 0.000000
vt 0.000000 -0.000000 0.000000
vt 0.320000 0.000000 0.000000
vt 0.000000 0.300000 0.000000
vt 0.320000 0.300000 0.000000
vt 0.000000 0.000000 0.000000
vt 2.110000 -0.000000 0.000000
vt 0.000000 0.300000 0.000000
vt 2.110000 0.300000 0.000000
vt 0.000000 0.000000 0.000000
vt 0.320000 0.000000 0.000000
vt 0.000000 0.300000 0.000000
vt 0.320000 0.300000 0.000000
vt 0.000000 0.000000 0.000000
vt 2.230000 -0.000000 0.000000
vt 0.000000 0.300000 0.000000
vt 2.230000 0.300000 0.000000
vt 0.000000 -0.000000 0.000000
vt 0.320000 0.000000 0.000000
vt -0.000000 0.300000 0.000000
vt 0.320000 0.300000 0.000000
vt 0.000000 -0.000000 0.000000
vt 2.120000 -0.000000 0.000000
vt 0.000000 0.300000 0.000000
vt 2.120000 0.300000 0.000000
vt 0.000000 0.000000 0.000000
vt 0.320000 0.000000 0.000000
vt 0.000000 0.300000 0.000000
vt 0.320000 0.300000 0.000000
vt 0.000000 0.000000 0.000000
vt 2.080000 -0.000000 0.000000
vt 0.000000 0.300000 0.000000
vt 2.080000 0.300000 0.000000
vt 0.000000 -0.000000 0.000000
vt 0.320000 0.000000 0.000000
vt -0.000000 0.300000 0.000000
vt 0.320000 0.300000 0.000000
vt 0.000000 0.000000 0.000000
vt 2.280000 -0.000000 0.000000
vt 0.000000 0.300000 0.000000
vt 2.280000 0.300000 0.000000
vt 0.000000 0.000000 0.000000
vt 0.320000 0.000000 0.000000
vt 0.000000 0.300000 0.000000
vt 0.320000 0.300000 0.000000
vt 0.000000 0.000000 0.000000
vt 2.080000 -0.000000 0.000000
vt 0.000000 0.300000 0.000000
vt 2.080000 0.300000 0.000000
vt 0.000000 -0.000000 0.000000
vt 0.320000 0.000000 0.000000
vt -0.000000 0.300000 0.000000
vt 0.320000 0.300000 0.000000
vt 0.000000 -0.000000 0.000000
vt 2.120000 -0.000000 0.000000
vt 0.000000 0.300000 0.000000
vt 2.120000 0.300000 0.000000
vt 0.000000 0.000000 0.000000
vt 0.320000 0.000000 0.000000
vt 0.000000 0.300000 0.000000
vt 0.320000 0.300000 0.000000
vt 0.000000 0.000000 0.000000
vt 2.230000 -0.000000 0.000000
vt 0.000000 0.300000 0.000000
vt 2.230000 0.300000 0.000000
vt 0.000000 -0.000000 0.000000
vt 0.320000 0.000000 0.000000
vt -0.000000 0.300000 0.000000
vt 0.320000 0.300000 0.000000
vt 0.000000 0.000000 0.000000
vt 2.110000 -0.000000 0.000000
vt 0.000000 0.300000 0.000000
vt 2.110000 0.300000 0.000000
vt 0.000000 0.000000 0.000000
vt 5.410002 -0.000000 0.000000
vt 0.000000 0.300000 0.000000
vt 5.410002 0.300000 0.000000
vt 0.000000 -0.000000 0.000000
vt 0.320000 -0.000000 0.000000
vt 0.000000 0.300000 0.000000
vt 0.320000 0.300000 0.000000
vt 0.000000 -0.000000 0.000000
vt 5.630000 0.000000 0.000000
vt 0.000000 0.300000 0.000000
vt 5.630000 0.300000 0.000000
vt 0.000000 0.000000 0.000000
vt 0.320000 0.000000 0.000000
vt -0.000000 0.300000 0.000000
vt 0.320000 0.300000 0.000000
vt 0.000000 -0.000000 0.000000
vt 5.420000 0.000000 0.000000
vt 0.000000 0.300000 0.000000
vt 5.420000 0.300000 0.000000
vt 0.000000 -0.000000 0.000000
vt 0.320000 -0.000000 0.000000
vt 0.000000 0.300000 0.000000
vt 0.320000 0.300000 0.000000
vt 0.000000 -0.000000 0.000000
vt 5.380000 0.000000 0.000000
vt 0.000000 0.300000 0.000000
vt 5.380000 0.300000 0.000000
vt 0.000000 0.000000 0.000000
vt 0.319998 0.000000 0.000000
vt -0.000000 0.300000 0.000000
vt 0.319998 0.300000 0.000000
vt 0.000000 -0.000000 0.000000
vt 5.680000 0.000000 0.000000
vt 0.000000 0.300000 0.000000
vt 5.680000 0.300000 0.000000
vt 0.000000 -0.000000 0.000000
vt 0.319998 -0.000000 0.000000
vt 0.000000 0.300000 0.000000
vt 0.319998 0.300000 0.000000
vt 8.220000 9.999999 0.000000
vt 2.840000 9.999999 0.000000
vt 8.220000 9.680002 0.000000
vt 2.840000 9.680002 0.000000
vt 5.000000 -0.000001 0.000000
vt -5.000000 -0.000001 0.000000
vt -2.840000 -9.680003 0.000000
vt -8.220000 -9.680003 0.000000
vt -15.000001 -0.000001 0.000000
vt -13.640000 -9.680003 0.000000
vt -19.270000 -9.680003 0.000000
vt -24.680002 -3.220001 0.000000
vt -24.680002 -5.340001 0.000000
vt -2.840000 9.680002 0.000000
vt -8.220000 9.679999 0.000000
vt -13.640000 9.679999 0.000000
vt -19.270000 9.679999 0.000000
vt -19.270000 9.999999 0.000000
vt -13.640000 9.999999 0.000000
vt -2.840000 9.999999 0.000000
vt -8.220000 9.999999 0.000000
vt -24.680002 9.679998 0.000000
vt -24.680002 7.569999 0.000000
vt -24.680002 5.339999 0.000000
vt -24.680002 3.219999 0.000000
vt -25.000002 7.569999 0.000000
vt -25.000002 5.339999 0.000000
vt -25.000002 3.219999 0.000000
vt -24.680002 1.139999 0.000000
vt -25.000002 1.139999 0.000000
vt -24.680002 -1.140001 0.000000
vt -25.000002 -1.140001 0.000000
vt -25.000002 -3.220001 0.000000
vt -24.680002 -7.570001 0.000000
vt -25.000002 -5.340001 0.000000
vt -25.000002 -7.570001 0.000000
vt -24.680002 -9.680001 0.000000
vt -19.270000 -10.000001 0.000000
vt -25.000002 -10.000001 0.000000
vt -25.000002 -9.680001 0.000000
vt -13.640000 -10.000001 0.000000
vt -8.220000 -10.000001 0.000000
vt -2.840000 -10.000001 0.000000
vt 2.840000 -10.000001 0.000000
vt 2.840000 -9.680003 0.000000
vt 8.220000 -9.680001 0.000000
vt 15.000001 -0.000001 0.000000
vt 13.640000 -9.680001 0.000000
vt 19.270000 -9.680001 0.000000
vt 8.220000 -10.000001 0.000000
vt 13.640000 -10.000001 0.000000
vt 19.270000 -10.000001 0.000000
vt 24.680002 -10.000001 0.000000
vt 24.680002 -7.570001 0.000000
vt 24.680002 -5.340001 0.000000
vt 25.000002 -7.570001 0.000000
vt 25.000002 -5.340001 0.000000
vt 24.680002 -3.220001 0.000000
vt 24.680002 -1.140001 0.000000
vt 25.000002 -3.220001 0.000000
vt 25.000002 -1.140001 0.000000
vt 24.680002 1.139999 0.000000
vt 24.680002 3.219999 0.000000
vt 19.270000 9.680002 0.000000
vt 24.680002 5.339999 0.000000
vt 24.680000 7.569999 0.000000
vt 25.000002 7.569999 0.000000
vt 25.000002 5.339999 0.000000
vt 25.000002 1.139999 0.000000
vt 25.000002 3.219999 0.000000
vt 24.680000 9.680002 0.000000
vt 19.270000 9.999999 0.000000
vt 13.640000 9.999999 0.000000
vt 13.640000 9.680002 0.000000
vt -9.999999 -2.840000 0.000000
vt -9.680002 -8.220000 0.000000
vt -9.680002 -2.840000 0.000000
vt 0.000001 -5.000000 0.000000
vt 0.000001 5.000000 0.000000
vt 9.680003 2.840000 0.000000
vt 9.680003 8.220000 0.000000
vt -9.999999 -8.220000 0.000000
vt 0.000001 -15.000001 0.000000
vt -9.680002 -13.640000 0.000000
vt -9.680002 -19.270000 0.000000
vt -9.999999 -13.640000 0.000000
vt -9.999999 -19.270000 0.000000
vt -9.680002 -24.680000 0.000000
vt -7.569999 -24.680000 0.000000
vt -5.339999 -24.680002 0.000000
vt -3.219999 -24.680002 0.000000
vt -7.569999 -25.000002 0.000000
vt -5.339999 -25.000002 0.000000
vt -3.219999 -25.000002 0.000000
vt -1.139999 -25.000002 0.000000
vt -1.139999 -24.680002 0.000000
vt 1.140001 -24.680002 0.000000
vt 3.220001 -24.680002 0.000000
vt 3.220001 -25.000002 0.000000
vt 1.140001 -25.000002 0.000000
vt 9.680001 -19.270000 0.000000
vt 5.340001 -24.680002 0.000000
vt 7.570001 -24.680002 0.000000
vt 7.570001 -25.000002 0.000000
vt 5.340001 -25.000002 0.000000
vt 10.000001 -24.680002 0.000000
vt 10.000001 -19.270000 0.000000
vt 9.680001 -13.640000 0.000000
vt 9.680001 -8.220000 0.000000
vt 9.680003 -2.840000 0.000000
vt 10.000001 -2.840000 0.000000
vt 10.000001 2.840000 0.000000
vt 10.000001 -13.640000 0.000000
vt 10.000001 -8.220000 0.000000
vt 10.000001 8.220000 0.000000
vt 9.680003 13.640000 0.000000
vt 0.000001 15.000001 0.000000
vt -9.679999 8.220000 0.000000
vt -9.680002 2.840000 0.000000
vt -9.999999 8.220000 0.000000
vt -9.999999 2.840000 0.000000
vt 10.000001 13.640000 0.000000
vt 9.680003 19.270000 0.000000
vt 3.220001 24.680002 0.000000
vt 1.140001 24.680002 0.000000
vt 1.140001 25.000002 0.000000
vt 3.220001 25.000002 0.000000
vt 10.000001 19.270000 0.000000
vt 9.680001 24.680002 0.000000
vt 7.570001 24.680002 0.000000
vt 5.340001 24.680002 0.000000
vt 5.340001 25.000002 0.000000
vt 7.570001 25.000002 0.000000
vt 10.000001 25.000002 0.000000
vt 9.680001 25.000002 0.000000
vt -1.139999 24.680002 0.000000
vt -3.219999 24.680002 0.000000
vt -9.679999 19.270000 0.000000
vt -5.339999 24.680002 0.000000
vt -7.569999 24.680002 0.000000
vt -7.569999 25.000002 0.000000
vt -5.339999 25.000002 0.000000
vt -1.139999 25.000002 0.000000
vt -3.219999 25.000002 0.000000
vt -9.679998 24.680002 0.000000
vt -9.679999 13.640000 0.000000
vt -9.999999 19.270000 0.000000
vt -9.999999 13.640000 0.000000
vn -1.000000 0.000000 0.000000
vn -1.000000 0.000000 0.000000
vn -1.000000 0.000000 0.000000
vn -1.000000 0.000000 0.000000
vn 0.000000 0.000000 1.000000
vn 0.000000 0.000000 1.000000
vn 0.000000 0.000000 1.000000
vn 0.000000 0.000000 1.000000
vn -1.000000 0.000000 0.000000
vn -1.000000 0.000000 0.000000
vn -1.000000 0.000000 0.000000
vn -1.000000 0.000000 0.000000
vn 0.000000 0.000000 -1.000000
vn 0.000000 0.000000 -1.000000
vn 0.000000 0.000000 -1.000000
vn 0.000000 0.000000 -1.000000
vn -1.000000 0.000000 0.000000
vn -1.000000 0.000000 0.000000
vn -1.000000 0.000000 0.000000
vn -1.000000 0.000000 0.000000
vn 0.000000 0.000000 1.000000
vn 0.000000 0.000000 1.000000
vn 0.000000 0.000000 1.000000
vn 0.000000 0.000000 1.000000
vn -1.000000 0.000000 0.000000
vn -1.000000 0.000000 0.000000
vn -1.000000 0.000000 0.000000
vn -1.000000 0.000000 0.000000
vn 0.000000 0.000000 1.000000
vn 0.000000 0.000000 1.000000
vn 0.000000 0.000000 1.000000
vn 0.000000 0.000000 1.000000
vn -1.000000 0.000000 0.000000
vn -1.000000 0.000000 0.000000
vn -1.000000 0.000000 0.000000
vn -1.000000 0.000000 0.000000
vn 0.000000 0.000000 1.000000
vn 0.000000 0.000000 1.000000
vn 0.000000 0.000000 1.000000
vn 0.000000 0.000000 1.000000
vn 1.000000 -0.000000 0.000000
vn 1.000000 -0.000000 0.000000
vn 1.000000 -0.000000 0.000000
vn 1.000000 -0.000000 0.000000
vn 0.000000 0.000000 1.000000
vn 0.000000 0.000000 1.000000
vn 0.000000 0.000000 1.000000
vn 0.000000 0.000000 1.000000
vn -1.000000 0.000000 0.000000
vn -1.000000 0.000000 0.000000
vn -1.000000 0.000000 0.000000
vn -1.000000 0.000000 0.000000
vn 0.000000 0.000000 1.000000
vn 0.000000 0.000000 1.000000
vn 0.000000 0.000000 1.000000
vn 0.000000 0.000000 1.000000
vn 1.000000 -0.000000 0.000000
vn 1.000000 -0.000000 0.000000
vn 1.000000 -0.000000 0.000000
vn 1.000000 -0.000000 0.000000
vn -0.000000 0.000000 1.000000
vn -0.000000 0.000000 1.000000
vn -0.000000 0.000000 1.000000
vn -0.000000 0.000000 1.000000
vn -1.000000 0.000000 0.000000
vn -1.000000 0.000000 0.000000
vn -1.000000 0.000000 0.000000
vn -1.000000 0.000000 0.000000
vn 0.000000 0.000000 1.000000
vn 0.000000 0.000000 1.000000
vn 0.000000 0.000000 1.000000
vn 0.000000 0.000000 1.000000
vn 1.000000 -0.000000 0.000000
vn 1.000000 -0.000000 0.000000
vn 1.000000 -0.000000 0.000000
vn 1.000000 -0.000000 0.000000
vn 0.000000 0.000000 1.000000
vn 0.000000 0.000000 1.000000
vn 0.000000 0.000000 1.000000
vn 0.000000 0.000000 1.000000
vn -1.000000 0.000000 0.000000
vn -1.000000 0.000000 0.000000
vn -1.000000 0.000000 0.000000
vn -1.000000 0.000000 0.000000
vn 0.000000 0.000000 1.000000
vn 0.000000 0.000000 1.000000
vn 0.000000 0.000000 1.000000
vn 0.000000 0.000000 1.000000
vn 1.000000 -0.000000 0.000000
vn 1.000000 -0.000000 0.000000
vn 1.000000 -0.000000 0.000000
vn 1.000000 -0.000000 0.000000
vn 0.000000 0.000000 1.000000
vn 0.000000 0.000000 1.000000
vn 0.000000 0.000000 1.000000
vn 0.000000 0.000000 1.000000
vn 1.000000 -0.000000 0.000000
vn 1.000000 -0.000000 0.000000
vn 1.000000 -0.000000 0.000000
vn 1.000000 -0.000000 0.000000
vn 0.000000 0.000000 -1.000000
vn 0.000000 0.000000 -1.000000
vn 0.000000 0.000000 -1.000000
vn 0.000000 0.000000 -1.000000
vn 1.000000 -0.000000 0.000000
vn 1.000000 -0.000000 0.000000
vn 1.000000 -0.000000 0.000000
vn 1.000000 -0.000000 0.000000
vn 0.000000 0.000000 1.000000
vn 0.000000 0.000000 1.000000
vn 0.000000 0.000000 1.000000
vn 0.000000 0.000000 1.000000
vn 1.000000 -0.000000 0.000000
vn 1.000000 -0.000000 0.000000
vn 1.000000 -0.000000 0.000000
vn 1.000000 -0.000000 0.000000
vn 0.000000 0.000000 -1.000000
vn 0.000000 0.000000 -1.000000
vn 0.000000 0.000000 -1.000000
vn 0.000000 0.000000 -1.000000
vn 1.000000 -0.000000 0.000000
vn 1.000000 -0.000000 0.000000
vn 1.000000 -0.000000 0.000000
vn 1.000000 -0.000000 0.000000
vn 0.000000 0.000000 1.000000
vn 0.000000 0.000000 1.000000
vn 0.000000 0.000000 1.000000
vn 0.000000 0.000000 1.000000
vn 1.000000 -0.000000 0.000000
vn 1.000000 -0.000000 0.000000
vn 1.000000 -0.000000 0.000000
vn 1.000000 -0.000000 0.000000
vn 0.000000 0.000000 -1.000000
vn 0.000000 0.000000 -1.000000
vn 0.000000 0.000000 -1.000000
vn 0.000000 0.000000 -1.000000
vn 1.000000 -0.000000 0.000000
vn 1.000000 -0.000000 0.000000
vn 1.000000 -0.000000 0.000000
vn 1.000000 -0.000000 0.000000
vn 0.000000 0.000000 1.000000
vn 0.000000 0.000000 1.000000
vn 0.000000 0.000000 1.000000
vn 0.000000 0.000000 1.000000
vn 1.000000 -0.000000 0.000000
vn 1.000000 -0.000000 0.000000
vn 1.000000 -0.000000 0.000000
vn 1.000000 -0.000000 0.000000
vn 0.000000 0.000000 -1.000000
vn 0.000000 0.000000 -1.000000
vn 0.000000 0.000000 -1.000000
vn 0.000000 0.000000 -1.000000
vn 1.000000 -0.000000 0.000000
vn 1.000000 -0.000000 0.000000
vn 1.000000 -0.000000 0.000000
vn 1.000000 -0.000000 0.000000
vn 0.000000 0.000000 1.000000
vn 0.000000 0.000000 1.000000
vn 0.000000 0.000000 1.000000
vn 0.000000 0.000000 1.000000
vn 1.000000 -0.000000 0.000000
vn 1.000000 -0.000000 0.000000
vn 1.000000 -0.000000 0.000000
vn 1.000000 -0.000000 0.000000
vn 0.000000 -0.000000 -1.000000
vn 0.000000 -0.000000 -1.000000
vn 0.000000 -0.000000 -1.000000
vn 0.000000 -0.000000 -1.000000
vn -1.000000 0.000000 0.000000
vn -1.000000 0.000000 0.000000
vn -1.000000 0.000000 0.000000
vn -1.000000 0.000000 0.000000
vn 0.000000 -0.000000 -1.000000
vn 0.000000 -0.000000 -1.000000
vn 0.000000 -0.000000 -1.000000
vn 0.000000 -0.000000 -1.000000
vn 1.000000 -0.000000 0.000000
vn 1.000000 -0.000000 0.000000
vn 1.000000 -0.000000 0.000000
vn 1.000000 -0.000000 0.000000
vn 0.000000 -0.000000 -1.000000
vn 0.000000 -0.000000 -1.000000
vn 0.000000 -0.000000 -1.000000
vn 0.000000 -0.000000 -1.000000
vn -1.000000 0.000000 0.000000
vn -1.000000 0.000000 0.000000
vn -1.000000 0.000000 0.000000
vn -1.000000 0.000000 0.000000
vn 0.000000 0.000000 -1.000000
vn 0.000000 0.000000 -1.000000
vn 0.000000 0.000000 -1.000000
vn 0.000000 0.000000 -1.000000
vn 1.000000 -0.000000 0.000000
vn 1.000000 -0.000000 0.000000
vn 1.000000 -0.000000 0.000000
vn 1.000000 -0.000000 0.000000
vn 0.000000 -0.000000 -1.000000
vn 0.000000 -0.000000 -1.000000
vn 0.000000 -0.000000 -1.000000
vn 0.000000 -0.000000 -1.000000
vn -1.000000 0.000000 0.000000
vn -1.000000 0.000000 0.000000
vn -1.000000 0.000000 0.000000
vn -1.000000 0.000000 0.000000
vn 0.000000 -0.000000 -1.000000
vn 0.000000 -0.000000 -1.000000
vn 0.000000 -0.000000 -1.000000
vn 0.000000 -0.000000 -1.000000
vn 1.000000 -0.000000 0.000000
vn 1.000000 -0.000000 0.000000
vn 1.000000 -0.000000 0.000000
vn 1.000000 -0.000000 0.000000
vn 0.000000 -0.000000 -1.000000
vn 0.000000 -0.000000 -1.000000
vn 0.000000 -0.000000 -1.000000
vn 0.000000 -0.000000 -1.000000
vn -1.000000 0.000000 0.000000
vn -1.000000 0.000000 0.000000
vn -1.000000 0.000000 0.000000
vn -1.000000 0.000000 0.000000
vn 0.000000 0.000000 -1.000000
vn 0.000000 0.000000 -1.000000
vn 0.000000 0.000000 -1.000000
vn 0.000000 0.000000 -1.000000
vn 1.000000 -0.000000 0.000000
vn 1.000000 -0.000000 0.000000
vn 1.000000 -0.000000 0.000000
vn 1.000000 -0.000000 0.000000
vn 0.000000 -0.000000 -1.000000
vn 0.000000 -0.000000 -1.000000
vn 0.000000 -0.000000 -1.000000
vn 0.000000 -0.000000 -1.000000
vn -1.000000 0.000000 0.000000
vn -1.000000 0.000000 0.000000
vn -1.000000 0.000000 0.000000
vn -1.000000 0.000000 0.000000
vn -0.000000 0.000000 -1.000000
vn -0.000000 0.000000 -1.000000
vn -0.000000 0.000000 -1.000000
vn -0.000000 0.000000 -1.000000
vn -1.000000 0.000000 -0.000000
vn -1.000000 0.000000 -0.000000
vn -1.000000 0.000000 -0.000000
vn -1.000000 0.000000 -0.000000
vn 0.000000 0.000000 -1.000000
vn 0.000000 0.000000 -1.000000
vn 0.000000 0.000000 -1.000000
vn 0.000000 0.000000 -1.000000
vn -1.000000 0.000000 0.000000
vn -1.000000 0.000000 0.000000
vn -1.000000 0.000000 0.000000
vn -1.000000 0.000000 0.000000
vn 0.000000 0.000000 1.000000
vn 0.000000 0.000000 1.000000
vn 0.000000 0.000000 1.000000
vn 0.000000 0.000000 1.000000
vn -1.000000 0.000000 0.000000
vn -1.000000 0.000000 0.000000
vn -1.000000 0.000000 0.000000
vn -1.000000 0.000000 0.000000
vn 0.000000 0.000000 -1.000000
vn 0.000000 0.000000 -1.000000
vn 0.000000 0.000000 -1.000000
vn 0.000000 0.000000 -1.000000
vn -1.000000 0.000000 0.000000
vn -1.000000 0.000000 0.000000
vn -1.000000 0.000000 0.000000
vn -1.000000 0.000000 0.000000
vn 0.000000 0.000000 1.000000
vn 0.000000 0.000000 1.000000
vn 0.000000 0.000000 1.000000
vn 0.000000 0.000000 1.000000
vn -1.000000 0.000000 0.000000
vn -1.000000 0.000000 0.000000
vn -1.000000 0.000000 0.000000
vn -1.000000 0.000000 0.000000
vn 0.000000 0.000000 -1.000000
vn 0.000000 0.000000 -1.000000
vn 0.000000 0.000000 -1.000000
vn 0.000000 0.000000 -1.000000
vn -0.000000 -1.000000 0.000000
vn -0.000000 -1.000000 0.000000
vn -0.000000 -1.000000 0.000000
vn -0.000000 -1.000000 0.000000
vn -0.000000 -1.000000 0.000000
vn -0.000000 -1.000000 0.000000
vn -0.000000 -1.000000 0.000000
vn -0.000000 -1.000000 0.000000
vn -0.000000 -1.000000 0.000000
vn -0.000000 -1.000000 0.000000
vn -0.000000 -1.000000 0.000000
vn -0.000000 -1.000000 0.000000
vn -0.000000 -1.000000 0.000000
vn -0.000000 -1.000000 0.000000
vn -0.000000 -1.000000 0.000000
vn -0.000000 -1.000000 0.000000
vn -0.000000 -1.000000 0.000000
vn -0.000000 -1.000000 0.000000
vn -0.000000 -1.000000 0.000000
vn -0.000000 -1.000000 0.000000
vn -0.000000 -1.000000 0.000000
vn -0.000000 -1.000000 0.000000
vn -0.000000 -1.000000 0.000000
vn -0.000000 -1.000000 0.000000
vn -0.000000 -1.000000 0.000000
vn -0.000000 -1.000000 0.000000
vn -0.000000 -1.000000 0.000000
vn -0.000000 -1.000000 0.000000
vn -0.000000 -1.000000 0.000000
vn -0.000000 -1.000000 0.000000
vn -0.000000 -1.000000 0.000000
vn -0.000000 -1.000000 0.000000
vn -0.000000 -1.000000 0.000000
vn -0.000000 -1.000000 0.000000
vn -0.000000 -1.000000 0.000000
vn -0.000000 -1.000000 0.000000
vn -0.000000 -1.000000 0.000000
vn -0.000000 -1.000000 0.000000
vn -0.000000 -1.000000 0.000000
vn -0.000000 -1.000000 0.000000
vn -0.000000 -1.000000 0.000000
vn -0.000000 -1.000000 0.000000
vn -0.000000 -1.000000 0.000000
vn -0.000000 -1.000000 0.000000
vn -0.000000 -1.000000 0.000000
vn -0.000000 -1.000000 0.000000
vn -0.000000 -1.000000 0.000000
vn -0.000000 -1.000000 0.000000
vn -0.000000 -1.000000 0.000000
vn -0.000000 -1.000000 0.000000
vn -0.000000 -1.000000 0.000000
vn -0.000000 -1.000000 0.000000
vn -0.000000 -1.000000 0.000000
vn -0.000000 -1.000000 0.000000
vn -0.000000 -1.000000 0.000000
vn -0.000000 -1.000000 0.000000
vn -0.000000 -1.000000 0.000000
vn -0.000000 -1.000000 0.000000
vn -0.000000 -1.000000 0.000000
vn -0.000000 -1.000000 0.000000
vn -0.000000 -1.000000 0.000000
vn -0.000000 -1.000000 0.000000
vn -0.000000 -1.000000 0.000000
vn -0.000000 -1.000000 0.000000
vn -0.000000 -1.000000 0.000000
vn -0.000000 -1.000000 0.000000
vn -0.000000 -1.000000 0.000000
vn -0.000000 -1.000000 0.000000
vn -0.000000 -1.000000 0.000000
vn -0.000000 -1.000000 0.000000
vn -0.000000 -1.000000 0.000000
vn -0.000000 -1.000000 0.000000
vn -0.000000 -1.000000 0.000000
vn -0.000000 -1.000000 0.000000
vn 0.000000 1.000000 -0.000000
vn 0.000000 1.000000 -0.000000
vn 0.000000 1.000000 -0.000000
vn 0.000000 1.000000 -0.000000
vn 0.000000 1.000000 -0.000000
vn 0.000000 1.000000 -0.000000
vn 0.000000 1.000000 -0.000000
vn 0.000000 1.000000 -0.000000
vn 0.000000 1.000000 -0.000000
vn 0.000000 1.000000 -0.000000
vn 0.000000 1.000000 -0.000000
vn 0.000000 1.000000 -0.000000
vn 0.000000 1.000000 -0.000000
vn 0.000000 1.000000 -0.000000
vn 0.000000 1.000000 -0.000000
vn 0.000000 1.000000 -0.000000
vn 0.000000 1.000000 -0.000000
vn 0.000000 1.000000 -0.000000
vn 0.000000 1.000000 -0.000000
vn 0.000000 1.000000 -0.000000
vn 0.000000 1.000000 -0.000000
vn 0.000000 1.000000 -0.000000
vn 0.000000 1.000000 -0.000000
vn 0.000000 1.000000 -0.000000
vn 0.000000 1.000000 -0.000000
vn 0.000000 1.000000 -0.000000
vn 0.000000 1.000000 -0.000000
vn 0.000000 1.000000 -0.000000
vn 0.000000 1.000000 -0.000000
vn 0.000000 1.000000 -0.000000
vn 0.000000 1.000000 -0.000000
vn 0.000000 1.000000 -0.000000
vn 0.000000 1.000000 -0.000000
vn 0.000000 1.000000 -0.000000
vn 0.000000 1.000000 -0.000000
vn 0.000000 1.000000 -0.000000
vn 0.000000 1.000000 -0.000000
vn 0.000000 1.000000 -0.000000
vn 0.000000 1.000000 -0.000000
vn 0.000000 1.000000 -0.000000
vn 0.000000 1.000000 -0.000000
vn 0.000000 1.000000 -0.000000
vn 0.000000 1.000000 -0.000000
vn 0.000000 1.000000 -0.000000
vn 0.000000 1.000000 -0.000000
vn 0.000000 1.000000 -0.000000
vn 0.000000 1.000000 -0.000000
vn 0.000000 1.000000 -0.000000
vn 0.000000 1.000000 -0.000000
vn 0.000000 1.000000 -0.000000
vn 0.000000 1.000000 -0.000000
vn 0.000000 1.000000 -0.000000
vn 0.000000 1.000000 -0.000000
vn 0.000000 1.000000 -0.000000
vn 0.000000 1.000000 -0.000000
vn 0.000000 1.000000 -0.000000
vn 0.000000 1.000000 -0.000000
vn 0.000000 1.000000 -0.000000
vn 0.000000 1.000000 -0.000000
vn 0.000000 1.000000 -0.000000
vn 0.000000 1.000000 -0.000000
vn 0.000000 1.000000 -0.000000
vn 0.000000 1.000000 -0.000000
vn 0.000000 1.000000 -0.000000
vn 0.000000 1.000000 -0.000000
vn 0.000000 1.000000 -0.000000
vn 0.000000 1.000000 -0.000000
vn 0.000000 1.000000 -0.000000
vn 0.000000 1.000000 -0.000000
vn 0.000000 1.000000 -0.000000
vn 0.000000 1.000000 -0.000000
vn 0.000000 1.000000 -0.000000
vn 0.000000 1.000000 -0.000000
vn 0.000000 1.000000 -0.000000
f 1614/3894/3862 1615/3895/3863 1617/3896/3864
f 1617/3896/3864 1615/3895/3863 1616/3897/3865
f 1618/3898/3866 1614/3899/3867 1619/3900/3868
f 1619/3900/3868 1614/3899/3867 1617/3901/3869
f 1620/3902/3870 1618/3903/3871 1621/3904/3872
f 1621/3904/3872 1618/3903/3871 1619/3905/3873
f 1622/3906/3874 1620/3907/3875 1623/3908/3876
f 1623/3908/3876 1620/3907/3875 1621/3909/3877
f 1624/3910/3878 1622/3911/3879 1625/3912/3880
f 1625/3912/3880 1622/3911/3879 1623/3913/3881
f 1626/3914/3882 1624/3915/3883 1627/3916/3884
f 1627/3916/3884 1624/3915/3883 1625/3917/3885
f 1628/3918/3886 1626/3919/3887 1629/3920/3888
f 1629/3920/3888 1626/3919/3887 1627/3921/3889
f 1630/3922/3890 1628/3923/3891 1631/3924/3892
f 1631/3924/3892 1628/3923/3891 1629/3925/3893
f 1632/3926/3894 1630/3927/3895 1633/3928/3896
f 1633/3928/3896 1630/3927/3895 1631/3929/3897
f 1634/3930/3898 1632/3931/3899 1635/3932/3900
f 1635/3932/3900 1632/3931/3899 1633/3933/3901
f 1636/3934/3902 1634/3935/3903 1637/3936/3904
f 1637/3936/3904 1634/3935/3903 1635/3937/3905
f 1638/3938/3906 1636/3939/3907 1639/3940/3908
f 1639/3940/3908 1636/3939/3907 1637/3941/3909
f 1640/3942/3910 1638/3943/3911 1641/3944/3912
f 1641/3944/3912 1638/3943/3911 1639/3945/3913
f 1642/3946/3914 1640/3947/3915 1643/3948/3916
f 1643/3948/3916 1640/3947/3915 1641/3949/3917
f 1644/3950/3918 1642/3951/3919 1645/3952/3920
f 1645/3952/3920 1642/3951/3919 1643/3953/3921
f 1646/3954/3922 1644/3955/3923 1647/3956/3924
f 1647/3956/3924 1644/3955/3923 1645/3957/3925
f 1648/3958/3926 1646/3959/3927 1649/3960/3928
f 1649/3960/3928 1646/3959/3927 1647/3961/3929
f 1650/3962/3930 1648/3963/3931 1651/3964/3932
f 1651/3964/3932 1648/3963/3931 1649/3965/3933
f 1652/3966/3934 1650/3967/3935 1653/3968/3936
f 1653/3968/3936 1650/3967/3935 1651/3969/3937
f 1654/3970/3938 1652/3971/3939 1655/3972/3940
f 1655/3972/3940 1652/3971/3939 1653/3973/3941
f 1656/3974/3942 1654/3975/3943 1657/3976/3944
f 1657/3976/3944 1654/3975/3943 1655/3977/3945
f 1658/3978/3946 1656/3979/3947 1659/3980/3948
f 1659/3980/3948 1656/3979/3947 1657/3981/3949
f 1660/3982/3950 1658/3983/3951 1661/3984/3952
f 1661/3984/3952 1658/3983/3951 1659/3985/3953
f 1662/3986/3954 1660/3987/3955 1663/3988/3956
f 1663/3988/3956 1660/3987/3955 1661/3989/3957
f 1664/3990/3958 1662/3991/3959 1665/3992/3960
f 1665/3992/3960 1662/3991/3959 1663/3993/3961
f 1666/3994/3962 1664/3995/3963 1667/3996/3964
f 1667/3996/3964 1664/3995/3963 1665/3997/3965
f 1668/3998/3966 1666/3999/3967 1669/4000/3968
f 1669/4000/3968 1666/3999/3967 1667/4001/3969
f 1670/4002/3970 1668/4003/3971 1671/4004/3972
f 1671/4004/3972 1668/4003/3971 1669/4005/3973
f 1672/4006/3974 1670/4007/3975 1673/4008/3976
f 1673/4008/3976 1670/4007/3975 1671/4009/3977
f 1674/4010/3978 1672/4011/3979 1675/4012/3980
f 1675/4012/3980 1672/4011/3979 1673/4013/3981
f 1676/4014/3982 1674/4015/3983 1677/4016/3984
f 1677/4016/3984 1674/4015/3983 1675/4017/3985
f 1678/4018/3986 1676/4019/3987 1679/4020/3988
f 1679/4020/3988 1676/4019/3987 1677/4021/3989
f 1680/4022/3990 1678/4023/3991 1681/4024/3992
f 1681/4024/3992 1678/4023/3991 1679/4025/3993
f 1682/4026/3994 1680/4027/3995 1683/4028/3996
f 1683/4028/3996 1680/4027/3995 1681/4029/3997
f 1684/4030/3998 1682/4031/3999 1685/4032/4000
f 1685/4032/4000 1682/4031/3999 1683/4033/4001
f 1686/4034/4002 1684/4035/4003 1687/4036/4004
f 1687/4036/4004 1684/4035/4003 1685/4037/4005
f 1688/4038/4006 1686/4039/4007 1689/4040/4008
f 1689/4040/4008 1686/4039/4007 1687/4041/4009
f 1690/4042/4010 1688/4043/4011 1691/4044/4012
f 1691/4044/4012 1688/4043/4011 1689/4045/4013
f 1692/4046/4014 1690/4047/4015 1693/4048/4016
f 1693/4048/4016 1690/4047/4015 1691/4049/4017
f 1694/4050/4018 1692/4051/4019 1695/4052/4020
f 1695/4052/4020 1692/4051/4019 1693/4053/4021
f 1696/4054/4022 1694/4055/4023 1697/4056/4024
f 1697/4056/4024 1694/4055/4023 1695/4057/4025
f 1698/4058/4026 1696/4059/4027 1699/4060/4028
f 1699/4060/4028 1696/4059/4027 1697/4061/4029
f 1700/4062/4030 1698/4063/4031 1701/4064/4032
f 1701/4064/4032 1698/4063/4031 1699/4065/4033
f 1702/4066/4034 1700/4067/4035 1703/4068/4036
f 1703/4068/4036 1700/4067/4035 1701/4069/4037
f 1704/4070/4038 1702/4071/4039 1705/4072/4040
f 1705/4072/4040 1702/4071/4039 1703/4073/4041
f 1706/4074/4042 1704/4075/4043 1707/4076/4044
f 1707/4076/4044 1704/4075/4043 1705/4077/4045
f 1708/4078/4046 1706/4079/4047 1709/4080/4048
f 1709/4080/4048 1706/4079/4047 1707/4081/4049
f 1710/4082/4050 1708/4083/4051 1711/4084/4052
f 1711/4084/4052 1708/4083/4051 1709/4085/4053
f 1712/4086/4054 1710/4087/4055 1713/4088/4056
f 1713/4088/4056 1710/4087/4055 1711/4089/4057
f 1714/4090/4058 1712/4091/4059 1715/4092/4060
f 1715/4092/4060 1712/4091/4059 1713/4093/4061
f 1716/4094/4062 1714/4095/4063 1717/4096/4064
f 1717/4096/4064 1714/4095/4063 1715/4097/4065
f 1718/4098/4066 1716/4099/4067 1719/4100/4068
f 1719/4100/4068 1716/4099/4067 1717/4101/4069
f 1720/4102/4070 1718/4103/4071 1721/4104/4072
f 1721/4104/4072 1718/4103/4071 1719/4105/4073
f 1722/4106/4074 1720/4107/4075 1723/4108/4076
f 1723/4108/4076 1720/4107/4075 1721/4109/4077
f 1724/4110/4078 1722/4111/4079 1725/4112/4080
f 1725/4112/4080 1722/4111/4079 1723/4113/4081
f 1726/4114/4082 1724/4115/4083 1727/4116/4084
f 1727/4116/4084 1724/4115/4083 1725/4117/4085
f 1728/4118/4086 1726/4119/4087 1729/4120/4088
f 1729/4120/4088 1726/4119/4087 1727/4121/4089
f 1730/4122/4090 1728/4123/4091 1731/4124/4092
f 1731/4124/4092 1728/4123/4091 1729/4125/4093
f 1732/4126/4094 1730/4127/4095 1733/4128/4096
f 1733/4128/4096 1730/4127/4095 1731/4129/4097
f 1734/4130/4098 1732/4131/4099 1735/4132/4100
f 1735/4132/4100 1732/4131/4099 1733/4133/4101
f 1736/4134/4102 1734/4135/4103 1737/4136/4104
f 1737/4136/4104 1734/4135/4103 1735/4137/4105
f 1738/4138/4106 1736/4139/4107 1739/4140/4108
f 1739/4140/4108 1736/4139/4107 1737/4141/4109
f 1740/4142/4110 1738/4143/4111 1741/4144/4112
f 1741/4144/4112 1738/4143/4111 1739/4145/4113
f 1742/4146/4114 1740/4147/4115 1743/4148/4116
f 1743/4148/4116 1740/4147/4115 1741/4149/4117
f 1744/4150/4118 1742/4151/4119 1745/4152/4120
f 1745/4152/4120 1742/4151/4119 1743/4153/4121
f 1746/4154/4122 1744/4155/4123 1747/4156/4124
f 1747/4156/4124 1744/4155/4123 1745/4157/4125
f 1748/4158/4126 1746/4159/4127 1749/4160/4128
f 1749/4160/4128 1746/4159/4127 1747/4161/4129
f 1750/4162/4130 1748/4163/4131 1751/4164/4132
f 1751/4164/4132 1748/4163/4131 1749/4165/4133
f 1752/4166/4134 1750/4167/4135 1753/4168/4136
f 1753/4168/4136 1750/4167/4135 1751/4169/4137
f 1615/4170/4138 1752/4171/4139 1616/4172/4140
f 1616/4172/4140 1752/4171/4139 1753/4173/4141
f 1617/4174/4142 1616/4175/4143 1619/4176/4144
f 1619/4176/4144 1616/4175/4143 1753/4177/4145
f 1619/4176/4144 1753/4177/4145 1756/4178/4146
f 1756/4178/4146 1753/4177/4145 1755/4179/4147
f 1756/4178/4146 1755/4179/4147 1683/4180/4148
f 1683/4180/4148 1755/4179/4147 1685/4181/4149
f 1685/4181/4149 1755/4179/4147 1754/4182/4150
f 1685/4181/4149 1754/4182/4150 1691/4183/4151
f 1691/4183/4151 1754/4182/4150 1693/4184/4152
f 1693/4184/4152 1754/4182/4150 1711/4185/4153
f 1693/4184/4152 1711/4185/4153 1709/4186/4154
f 1753/4177/4145 1751/4187/4155 1755/4179/4147
f 1755/4179/4147 1751/4187/4155 1745/4188/4156
f 1755/4179/4147 1745/4188/4156 1754/4182/4150
f 1754/4182/4150 1745/4188/4156 1743/4189/4157
f 1754/4182/4150 1743/4189/4157 1737/4190/4158
f 1737/4190/4158 1743/4189/4157 1739/4191/4159
f 1739/4191/4159 1743/4189/4157 1741/4192/4160
f 1749/4193/4161 1747/4194/4162 1751/4187/4155
f 1751/4187/4155 1747/4194/4162 1745/4188/4156
f 1735/4195/4163 1733/4196/4164 1737/4190/4158
f 1737/4190/4158 1733/4196/4164 1727/4197/4165
f 1737/4190/4158 1727/4197/4165 1725/4198/4166
f 1733/4196/4164 1731/4199/4167 1727/4197/4165
f 1727/4197/4165 1731/4199/4167 1729/4200/4168
f 1723/4201/4169 1719/4202/4170 1725/4198/4166
f 1725/4198/4166 1719/4202/4170 1754/4182/4150
f 1725/4198/4166 1754/4182/4150 1737/4190/4158
f 1723/4201/4169 1721/4203/4171 1719/4202/4170
f 1719/4202/4170 1717/4204/4172 1754/4182/4150
f 1754/4182/4150 1717/4204/4172 1711/4185/4153
f 1717/4204/4172 1715/4205/4173 1711/4185/4153
f 1711/4185/4153 1715/4205/4173 1713/4206/4174
f 1693/4184/4152 1709/4186/4154 1703/4207/4175
f 1703/4207/4175 1709/4186/4154 1707/4208/4176
f 1703/4207/4175 1707/4208/4176 1705/4209/4177
f 1703/4207/4175 1701/4210/4178 1693/4184/4152
f 1693/4184/4152 1701/4210/4178 1695/4211/4179
f 1695/4211/4179 1701/4210/4178 1697/4212/4180
f 1697/4212/4180 1701/4210/4178 1699/4213/4181
f 1689/4214/4182 1687/4215/4183 1691/4183/4151
f 1691/4183/4151 1687/4215/4183 1685/4181/4149
f 1681/4216/4184 1679/4217/4185 1683/4180/4148
f 1683/4180/4148 1679/4217/4185 1677/4218/4186
f 1683/4180/4148 1677/4218/4186 1756/4178/4146
f 1756/4178/4146 1677/4218/4186 1675/4219/4187
f 1756/4178/4146 1675/4219/4187 1757/4220/4188
f 1757/4220/4188 1675/4219/4187 1669/4221/4189
f 1757/4220/4188 1669/4221/4189 1667/4222/4190
f 1673/4223/4191 1671/4224/4192 1675/4219/4187
f 1675/4219/4187 1671/4224/4192 1669/4221/4189
f 1665/4225/4193 1663/4226/4194 1667/4222/4190
f 1667/4222/4190 1663/4226/4194 1661/4227/4195
f 1667/4222/4190 1661/4227/4195 1655/4228/4196
f 1655/4228/4196 1661/4227/4195 1659/4229/4197
f 1655/4228/4196 1659/4229/4197 1657/4230/4198
f 1655/4228/4196 1653/4231/4199 1667/4222/4190
f 1667/4222/4190 1653/4231/4199 1757/4220/4188
f 1757/4220/4188 1653/4231/4199 1647/4232/4200
f 1647/4232/4200 1653/4231/4199 1651/4233/4201
f 1647/4232/4200 1651/4233/4201 1649/4234/4202
f 1647/4232/4200 1645/4235/4203 1757/4220/4188
f 1757/4220/4188 1645/4235/4203 1639/4236/4204
f 1757/4220/4188 1639/4236/4204 1627/4237/4205
f 1627/4237/4205 1639/4236/4204 1637/4238/4206
f 1627/4237/4205 1637/4238/4206 1631/4239/4207
f 1631/4239/4207 1637/4238/4206 1633/4240/4208
f 1633/4240/4208 1637/4238/4206 1635/4241/4209
f 1645/4235/4203 1643/4242/4210 1639/4236/4204
f 1639/4236/4204 1643/4242/4210 1641/4243/4211
f 1631/4239/4207 1629/4244/4212 1627/4237/4205
f 1625/4245/4213 1623/4246/4214 1627/4237/4205
f 1627/4237/4205 1623/4246/4214 1621/4247/4215
f 1627/4237/4205 1621/4247/4215 1757/4220/4188
f 1757/4220/4188 1621/4247/4215 1619/4176/4144
f 1757/4220/4188 1619/4176/4144 1756/4178/4146
f 1615/4248/4216 1618/4249/4217 1752/4250/4218
f 1752/4250/4218 1618/4249/4217 1759/4251/4219
f 1752/4250/4218 1759/4251/4219 1758/4252/4220
f 1758/4252/4220 1759/4251/4219 1682/4253/4221
f 1758/4252/4220 1682/4253/4221 1684/4254/4222
f 1615/4248/4216 1614/4255/4223 1618/4249/4217
f 1759/4251/4219 1618/4249/4217 1760/4256/4224
f 1760/4256/4224 1618/4249/4217 1620/4257/4225
f 1760/4256/4224 1620/4257/4225 1626/4258/4226
f 1626/4258/4226 1620/4257/4225 1622/4259/4227
f 1626/4258/4226 1622/4259/4227 1624/4260/4228
f 1628/4261/4229 1630/4262/4230 1626/4258/4226
f 1626/4258/4226 1630/4262/4230 1636/4263/4231
f 1626/4258/4226 1636/4263/4231 1638/4264/4232
f 1630/4262/4230 1632/4265/4233 1636/4263/4231
f 1636/4263/4231 1632/4265/4233 1634/4266/4234
f 1640/4267/4235 1642/4268/4236 1638/4264/4232
f 1638/4264/4232 1642/4268/4236 1644/4269/4237
f 1638/4264/4232 1644/4269/4237 1760/4256/4224
f 1760/4256/4224 1644/4269/4237 1646/4270/4238
f 1760/4256/4224 1646/4270/4238 1652/4271/4239
f 1652/4271/4239 1646/4270/4238 1650/4272/4240
f 1650/4272/4240 1646/4270/4238 1648/4273/4241
f 1760/4256/4224 1652/4271/4239 1666/4274/4242
f 1666/4274/4242 1652/4271/4239 1654/4275/4243
f 1666/4274/4242 1654/4275/4243 1660/4276/4244
f 1660/4276/4244 1654/4275/4243 1658/4277/4245
f 1658/4277/4245 1654/4275/4243 1656/4278/4246
f 1660/4276/4244 1662/4279/4247 1666/4274/4242
f 1666/4274/4242 1662/4279/4247 1664/4280/4248
f 1666/4274/4242 1668/4281/4249 1760/4256/4224
f 1760/4256/4224 1668/4281/4249 1674/4282/4250
f 1760/4256/4224 1674/4282/4250 1759/4251/4219
f 1759/4251/4219 1674/4282/4250 1676/4283/4251
f 1759/4251/4219 1676/4283/4251 1682/4253/4221
f 1682/4253/4221 1676/4283/4251 1678/4284/4252
f 1682/4253/4221 1678/4284/4252 1680/4285/4253
f 1668/4281/4249 1670/4286/4254 1674/4282/4250
f 1674/4282/4250 1670/4286/4254 1672/4287/4255
f 1686/4288/4256 1690/4289/4257 1684/4254/4222
f 1684/4254/4222 1690/4289/4257 1761/4290/4258
f 1684/4254/4222 1761/4290/4258 1758/4252/4220
f 1758/4252/4220 1761/4290/4258 1744/4291/4259
f 1758/4252/4220 1744/4291/4259 1750/4292/4260
f 1750/4292/4260 1744/4291/4259 1746/4293/4261
f 1750/4292/4260 1746/4293/4261 1748/4294/4262
f 1686/4288/4256 1688/4295/4263 1690/4289/4257
f 1690/4289/4257 1692/4296/4264 1761/4290/4258
f 1761/4290/4258 1692/4296/4264 1710/4297/4265
f 1761/4290/4258 1710/4297/4265 1716/4298/4266
f 1716/4298/4266 1710/4297/4265 1714/4299/4267
f 1714/4299/4267 1710/4297/4265 1712/4300/4268
f 1694/4301/4269 1700/4302/4270 1692/4296/4264
f 1692/4296/4264 1700/4302/4270 1702/4303/4271
f 1692/4296/4264 1702/4303/4271 1708/4304/4272
f 1708/4304/4272 1702/4303/4271 1706/4305/4273
f 1706/4305/4273 1702/4303/4271 1704/4306/4274
f 1694/4301/4269 1696/4307/4275 1700/4302/4270
f 1700/4302/4270 1696/4307/4275 1698/4308/4276
f 1708/4304/4272 1710/4297/4265 1692/4296/4264
f 1716/4298/4266 1718/4309/4277 1761/4290/4258
f 1761/4290/4258 1718/4309/4277 1724/4310/4278
f 1761/4290/4258 1724/4310/4278 1736/4311/4279
f 1736/4311/4279 1724/4310/4278 1726/4312/4280
f 1736/4311/4279 1726/4312/4280 1732/4313/4281
f 1732/4313/4281 1726/4312/4280 1730/4314/4282
f 1730/4314/4282 1726/4312/4280 1728/4315/4283
f 1720/4316/4284 1722/4317/4285 1718/4309/4277
f 1718/4309/4277 1722/4317/4285 1724/4310/4278
f 1732/4313/4281 1734/4318/4286 1736/4311/4279
f 1761/4290/4258 1736/4311/4279 1742/4319/4287
f 1742/4319/4287 1736/4311/4279 1738/4320/4288
f 1742/4319/4287 1738/4320/4288 1740/4321/4289
f 1742/4319/4287 1744/4291/4259 1761/4290/4258
f 1750/4292/4260 1752/4250/4218 1758/4252/4220
f 1626/4258/4226 1638/4264/4232 1760/4256/4224
# 1761 vertices
# 4321 texture params
# 4289 normals
# 3626 facets

# 6 groups
